ID_MUNICIPIO,NOME_MUNICIPIO,CODIGO_INFRACAO,DESCRICAO_INFRACAO,UF_PLACA_VEICULO,TIPO_VEICULO,CATEGORIA_VEICULO,QTDE,MES,ANO
6619,JUNDIAI,5169-1,DIRIGIR SOB A INFLUENCIA DE ALCOOL,SP,AUTOMOVEL,PARTICULAR,2,8,2026
6261,BURI,6530-0,USAR NO VEICULO EQUIP C/ SOM EM VOLUME/FREQUENCIA NAO AUTORIZADOS PELO CONTRAN,SP,AUTOMOVEL,PARTICULAR,1,8,2026
6149,APARECIDA,5738-0,TRANSITAR PELA CONTRAMAO DE DIRECAO EM VIA C/ SINALIZACAO DE REGUL SENTIDO UNICO,SP,MOTOCICLO,PARTICULAR,1,8,2026
7209,UBATUBA,5045-0,DIRIGIR VEICULO COM VALIDADE DE CNH/PPD VENCIDA HA MAIS DE 30 DIAS,Outras UFs,MOTOCICLO,PARTICULAR,1,8,2026
6603,JARDINOPOLIS,5185-1,Deixar o condutor de usar o cinto seguranca,SP,AUTOMOVEL,PARTICULAR,4,8,2026
6615,JOSE BONIFACIO,5185-1,Deixar o condutor de usar o cinto seguranca,SP,AUTOMOVEL,PARTICULAR,1,8,2026
6249,BOTUCATU,5169-1,DIRIGIR SOB A INFLUENCIA DE ALCOOL,SP,AUTOMOVEL,PARTICULAR,2,8,2026
7107,SAO PAULO,6726-1,"CONDUZIR O VEICULO EM MAU ESTADO DE CONSERVACAO, COMPROMETENDO A SEGURANCA",SP,AUTOMOVEL,PARTICULAR,74,8,2026
6689,MAUA,5185-1,Deixar o condutor de usar o cinto seguranca,SP,AUTOMOVEL,PARTICULAR,2,8,2026
6387,DOURADO,7633-1,Dirigir veiculo segurando telefone celular,SP,AUTOMOVEL,PARTICULAR,1,8,2026
6687,MATAO,7340-0,DIRIGIR O VEIC USANDO CALCADO QUE N SE FIRME NOS PES/COMPROMETA UTILIZ PEDAIS,SP,MOTOCICLO,PARTICULAR,4,8,2026
7107,SAO PAULO,5266-2,PARTICIPAR NA VIA COMO CONDUTOR EM EVENTOS ORGANIZADOS SEM PERMISSAO,SP,AUTOMOVEL,PARTICULAR,27,8,2026
6469,GUARATINGUETA,5010-0,DIRIGIR VEICULO SEM POSSUIR CNH/PPD/ACC,SP,MOTOCICLO,PARTICULAR,2,8,2026
6969,RIBEIRAO PRETO,5185-1,Deixar o condutor de usar o cinto seguranca,SP,AUTOMOVEL,PARTICULAR,9,8,2026
6261,BURI,5045-0,DIRIGIR VEICULO COM VALIDADE DE CNH/PPD VENCIDA HA MAIS DE 30 DIAS,SP,AUTOMOVEL,PARTICULAR,1,8,2026
6159,ARAMINA,5010-0,DIRIGIR VEICULO SEM POSSUIR CNH/PPD/ACC,SP,AUTOMOVEL,PARTICULAR,1,8,2026
6671,MAIRIPORA,7684-1,Cond motoc/moton/ciclom c/ util cap de seg s/ vis/ocul prot,SP,MOTOCICLO,PARTICULAR,1,8,2026
7005,SALTO,6050-1,AVAN O SIN VERM DO SEMAF EXC SE HOUVER SINALIZ PERM LIVRE CONV A DIR,SP,MOTOCICLO,PARTICULAR,1,8,2026
7107,SAO PAULO,5037-1,DIRIGIR VEICULO COM CNH DE CATEGORIA DIFERENTE DA DO VEICULO,SP,AUTOMOVEL,PARTICULAR,7,8,2026
6615,JOSE BONIFACIO,7749-2,DIRIGIR VEICULO SEM POSSUIR CURSOS ESPECIFICOS OBRIGATORIOS,SP,MOTOCICLO,PARTICULAR,1,8,2026
6309,CAPIVARI,6130-0,DEIXAR DE DAR PREFERENCIA A PEDESTRE/VEIC N MOT QUE N HAJA CONCLUIDO A TRAVESSIA,SP,AUTOMOVEL,PARTICULAR,2,8,2026
7145,SOROCABA,5738-0,TRANSITAR PELA CONTRAMAO DE DIRECAO EM VIA C/ SINALIZACAO DE REGUL SENTIDO UNICO,SP,MOTOCICLO,PARTICULAR,2,8,2026
6687,MATAO,6726-1,"CONDUZIR O VEICULO EM MAU ESTADO DE CONSERVACAO, COMPROMETENDO A SEGURANCA",SP,MOTOCICLO,PARTICULAR,3,8,2026
6681,MARILIA,6050-1,AVAN O SIN VERM DO SEMAF EXC SE HOUVER SINALIZ PERM LIVRE CONV A DIR,SP,MOTOCICLO,PARTICULAR,4,8,2026
7075,SAO BERNARDO DO CAMPO,6050-1,AVAN O SIN VERM DO SEMAF EXC SE HOUVER SINALIZ PERM LIVRE CONV A DIR,SP,AUTOMOVEL,PARTICULAR,4,8,2026
6547,ITAPETININGA,6599-2,CONDUZIR O VEICULO REGISTRADO QUE NAO ESTEJA DEVIDAMENTE LICENCIADO,SP,AUTOMOVEL,PARTICULAR,2,8,2026
7201,TUPA,6726-1,"CONDUZIR O VEICULO EM MAU ESTADO DE CONSERVACAO, COMPROMETENDO A SEGURANCA",SP,MOTOCICLO,PARTICULAR,2,8,2026
7107,SAO PAULO,6637-1,CONDUZIR O VEICULO SEM EQUIPAMENTO OBRIGATORIO,SP,AUTOMOVEL,PARTICULAR,11,8,2026
6357,COSMOPOLIS,5045-0,DIRIGIR VEICULO COM VALIDADE DE CNH/PPD VENCIDA HA MAIS DE 30 DIAS,SP,AUTOMOVEL,PARTICULAR,2,8,2026
7107,SAO PAULO,5959-1,ULTRAPASSAR PELA CONTRAMAO VEICULO PARADO EM FILA JUNTO SINAL LUMINOSO,SP,AUTOMOVEL,PARTICULAR,1,8,2026
6291,CAMPINAS,6726-1,"CONDUZIR O VEICULO EM MAU ESTADO DE CONSERVACAO, COMPROMETENDO A SEGURANCA",SP,AUTOMOVEL,PARTICULAR,10,8,2026
6931,PRESIDENTE VENCESLAU,7633-2,Dirigir veiculo manuseando telefone celular,SP,CAMINHONET,PARTICULAR,1,8,2026
6817,PARANAPANEMA,6599-2,CONDUZIR O VEICULO REGISTRADO QUE NAO ESTEJA DEVIDAMENTE LICENCIADO,SP,AUTOMOVEL,PARTICULAR,1,8,2026
7107,SAO PAULO,6700-0,"CONDUZIR VEIC COM VIDRO TOTAL/PARCIALMENTE COBERTO POR PELICULA, PAINEIS/PINTURA",SP,CAMIONETA,PARTICULAR,3,8,2026
7107,SAO PAULO,6920-3,"Deixar de efetuar reg de veic em 30 dias, qdo for alterada qquer caract do veic",SP,S. REBOQUE,ALUGUEL,7,8,2026
6477,GUARULHOS,7340-0,DIRIGIR O VEIC USANDO CALCADO QUE N SE FIRME NOS PES/COMPROMETA UTILIZ PEDAIS,SP,MOTOCICLO,PARTICULAR,10,8,2026
6181,ATIBAIA,7579-0,"REC SUB TEST, EX CLIN, PERIC OU PROC Q PERM CERT INFL ALC/SUB PSIC FOR ART. 277",SP,CAMINHONET,PARTICULAR,2,8,2026
6827,PATROCINIO PAULISTA,5525-0,ESTACIONAR NA CONTRAMAO DE DIRECAO,SP,AUTOMOVEL,PARTICULAR,1,8,2026
6137,AMPARO,7684-2,Cond motoc/moton/ciclom c/ util cap de seg c/ vis/ocul prot des c/ regul Contran,SP,MOTOCICLO,PARTICULAR,3,8,2026
6225,BERNARDINO DE CAMPOS,6408-0,PORTAR NO VEICULO PLACAS DE IDENTIFICACAO EM DESACORDO C/ ESPECIF/MODELO CONTRAN,SP,MOTOCICLO,PARTICULAR,1,8,2026
6225,BERNARDINO DE CAMPOS,6645-0,CONDUZIR O VEICULO COM EQUIP OBRIGATORIO EM DESACORDO COM O ESTAB PELO CONTRAN,SP,MOTOCICLO,PARTICULAR,2,8,2026
7107,SAO PAULO,5681-0,TRANSITAR NA FAIXA/PISTA DA DIREITA REGUL CIRCULACAO EXCLUSIVA DETERM VEICULO,SP,CAMIONETA,PARTICULAR,2,8,2026
7047,SANTANA DE PARNAIBA,7684-1,Cond motoc/moton/ciclom c/ util cap de seg s/ vis/ocul prot,SP,MOTOCICLO,PARTICULAR,8,8,2026
6163,ARARAQUARA,5185-2,Deixar o passageiro de usar o cinto seguranca,SP,AUTOMOVEL,PARTICULAR,1,8,2026
6719,MOMBUCA,5185-1,Deixar o condutor de usar o cinto seguranca,SP,AUTOMOVEL,PARTICULAR,1,8,2026
6313,CARAPICUIBA,6599-2,CONDUZIR O VEICULO REGISTRADO QUE NAO ESTEJA DEVIDAMENTE LICENCIADO,SP,MOTOCICLO,PARTICULAR,4,8,2026
6313,CARAPICUIBA,6610-2,CONDUZIR O VEICULO COM CARACTERISTICA ALTERADA,SP,AUTOMOVEL,PARTICULAR,1,8,2026
6991,RUBINEIA,6726-1,"CONDUZIR O VEICULO EM MAU ESTADO DE CONSERVACAO, COMPROMETENDO A SEGURANCA",SP,ONIBUS,OFICIAL,2,8,2026
6477,GUARULHOS,6050-1,AVAN O SIN VERM DO SEMAF EXC SE HOUVER SINALIZ PERM LIVRE CONV A DIR,SP,MOTOCICLO,PARTICULAR,9,8,2026
7203,TUPI PAULISTA,5207-0,Dirigir sem atencao ou sem os cuidados indispensaveis a seguranca,SP,MOTOCICLO,PARTICULAR,1,8,2026
6969,RIBEIRAO PRETO,6050-1,AVAN O SIN VERM DO SEMAF EXC SE HOUVER SINALIZ PERM LIVRE CONV A DIR,SP,MOTONETA,PARTICULAR,1,8,2026
7173,TAPIRATIBA,5541-1,ESTACIONAR EM DESACORDO COM A REGULAMENTACAO ESPECIFICADA PELA SINALIZACAO,Outras UFs,CAMINHONET,PARTICULAR,1,8,2026
6313,CARAPICUIBA,5185-1,Deixar o condutor de usar o cinto seguranca,SP,AUTOMOVEL,PARTICULAR,16,8,2026
6101,ADAMANTINA,5169-1,DIRIGIR SOB A INFLUENCIA DE ALCOOL,SP,AUTOMOVEL,PARTICULAR,1,8,2026
6291,CAMPINAS,6726-1,"CONDUZIR O VEICULO EM MAU ESTADO DE CONSERVACAO, COMPROMETENDO A SEGURANCA",SP,MOTOCICLO,PARTICULAR,8,8,2026
6131,AMERICANA,6602-0,CONDUZIR O VEICULO COM QUALQUER UMA DAS PLACAS SEM LEGIBILIDADE E VISIBILIDADE,SP,AUTOMOVEL,PARTICULAR,1,8,2026
6931,PRESIDENTE VENCESLAU,5967-0,"ULTRAPASSAR PELA CONTRAMAO LINHA DE DIVISAO DE FLUXOS OPOSTOS, CONTINUA AMARELA",SP,MOTONETA,PARTICULAR,1,8,2026
7121,SAO VICENTE,5088-1,ENTREGAR VEICULO A PESSOA COM CNH DE CATEGORIA DIFERENTE DA DO VEICULO,SP,MOTONETA,PARTICULAR,1,8,2026
6619,JUNDIAI,7633-2,Dirigir veiculo manuseando telefone celular,SP,AUTOMOVEL,PARTICULAR,9,8,2026
6861,PINDAMONHANGABA,5738-0,TRANSITAR PELA CONTRAMAO DE DIRECAO EM VIA C/ SINALIZACAO DE REGUL SENTIDO UNICO,SP,MOTOCICLO,PARTICULAR,1,8,2026
6981,RIO DAS PEDRAS,6599-2,CONDUZIR O VEICULO REGISTRADO QUE NAO ESTEJA DEVIDAMENTE LICENCIADO,SP,CAMINHONET,PARTICULAR,1,8,2026
6713,MOGI DAS CRUZES,6653-1,CONDUZIR O VEICULO COM DESCARGA LIVRE,SP,MOTOCICLO,PARTICULAR,2,8,2026
7057,SANTO ANDRE,7234-0,"EM MOVIMENTO, DEIXAR DE MANTER ACESA A LUZ BAIXA DURANTE A NOITE",SP,AUTOMOVEL,PARTICULAR,3,8,2026
6687,MATAO,5118-0,PERMITIR POSSE/CONDUCAO DO VEICULO A PESSOA SEM CNH/PPD/ACC,SP,MOTOCICLO,PARTICULAR,3,8,2026
6543,ITANHAEM,5207-0,Dirigir sem atencao ou sem os cuidados indispensaveis a seguranca,SP,MOTOCICLO,PARTICULAR,1,8,2026
6219,BAURU,7579-0,"REC SUB TEST, EX CLIN, PERIC OU PROC Q PERM CERT INFL ALC/SUB PSIC FOR ART. 277",Outras UFs,AUTOMOVEL,PARTICULAR,1,8,2026
6477,GUARULHOS,5215-1,Dirigir ameacando os pedestres que estejam atravessando a via publica,SP,MOTOCICLO,PARTICULAR,2,8,2026
6131,AMERICANA,6050-1,AVAN O SIN VERM DO SEMAF EXC SE HOUVER SINALIZ PERM LIVRE CONV A DIR,SP,MOTOCICLO,PARTICULAR,2,8,2026
6635,LEME,5010-0,DIRIGIR VEICULO SEM POSSUIR CNH/PPD/ACC,SP,MOTOCICLO,PARTICULAR,6,8,2026
7107,SAO PAULO,5010-0,DIRIGIR VEICULO SEM POSSUIR CNH/PPD/ACC,SP,AUTOMOVEL,PARTICULAR,76,8,2026
6291,CAMPINAS,6599-2,CONDUZIR O VEICULO REGISTRADO QUE NAO ESTEJA DEVIDAMENTE LICENCIADO,SP,MOTOCICLO,PARTICULAR,8,8,2026
6915,PORTO FERREIRA,5010-0,DIRIGIR VEICULO SEM POSSUIR CNH/PPD/ACC,SP,AUTOMOVEL,PARTICULAR,1,8,2026
6159,ARAMINA,6599-2,CONDUZIR O VEICULO REGISTRADO QUE NAO ESTEJA DEVIDAMENTE LICENCIADO,SP,AUTOMOVEL,PARTICULAR,1,8,2026
6547,ITAPETININGA,5169-1,DIRIGIR SOB A INFLUENCIA DE ALCOOL,SP,AUTOMOVEL,PARTICULAR,1,8,2026
6451,GUAPIACU,7340-0,DIRIGIR O VEIC USANDO CALCADO QUE N SE FIRME NOS PES/COMPROMETA UTILIZ PEDAIS,SP,MOTOCICLO,PARTICULAR,5,8,2026
7055,SANTO ANASTACIO,6726-1,"CONDUZIR O VEICULO EM MAU ESTADO DE CONSERVACAO, COMPROMETENDO A SEGURANCA",SP,MOTOCICLO,PARTICULAR,2,8,2026
6579,ITU,7579-0,"REC SUB TEST, EX CLIN, PERIC OU PROC Q PERM CERT INFL ALC/SUB PSIC FOR ART. 277",SP,AUTOMOVEL,PARTICULAR,1,8,2026
7107,SAO PAULO,7323-2,DIRIGIR O VEICULO TRANSPORT ANIMAIS A SUA ESQUERDA OU ENTRE OS BRACOS E PERNAS,SP,AUTOMOVEL,PARTICULAR,1,8,2026
6125,ALVARES MACHADO,6602-0,CONDUZIR O VEICULO COM QUALQUER UMA DAS PLACAS SEM LEGIBILIDADE E VISIBILIDADE,SP,MOTOCICLO,PARTICULAR,1,8,2026
6875,PIRACICABA,7633-2,Dirigir veiculo manuseando telefone celular,SP,CAMIONETA,PARTICULAR,2,8,2026
6377,DIADEMA,5096-0,ENTREGAR VEICULO A PESSOA COM CNH/PPD VENCIDA HA MAIS DE 30 DIAS,SP,MOTOCICLO,PARTICULAR,1,8,2026
7107,SAO PAULO,5843-1,"Deixar de indicar c/ antec, med gesto de braco/luz indicadora, inicio da marcha",SP,MOTOCICLO,PARTICULAR,2,8,2026
7039,SANTA LUCIA,5118-0,PERMITIR POSSE/CONDUCAO DO VEICULO A PESSOA SEM CNH/PPD/ACC,SP,MOTOCICLO,PARTICULAR,1,8,2026
6477,GUARULHOS,6769-0,"CONDUZIR VEIC C/ DEFEITO NO SIST DE ILUMINACAO, SINALIZ OU LAMPADAS QUEIMADAS",Outras UFs,AUTOMOVEL,PARTICULAR,1,8,2026
7013,SANTA ADELIA,6599-2,CONDUZIR O VEICULO REGISTRADO QUE NAO ESTEJA DEVIDAMENTE LICENCIADO,SP,MOTOCICLO,PARTICULAR,1,8,2026
6369,CRUZEIRO,5010-0,DIRIGIR VEICULO SEM POSSUIR CNH/PPD/ACC,SP,AUTOMOVEL,PARTICULAR,2,8,2026
6619,JUNDIAI,5185-2,Deixar o passageiro de usar o cinto seguranca,SP,AUTOMOVEL,PARTICULAR,1,8,2026
7107,SAO PAULO,6181-0,DEIXAR DE DAR PREFERENCIA NAS INTERSECOES COM SINALIZACAO DE DE A PREFERENCIA,SP,AUTOMOVEL,PARTICULAR,1,8,2026
6569,ITATIBA,5266-3,PARTICIPAR COMO CONDUTOR EXIB/DEMONST PERICIA EM MANOBRA DE VEIC S/ PERMISSAO,SP,MOTOCICLO,PARTICULAR,1,8,2026
6477,GUARULHOS,5010-0,DIRIGIR VEICULO SEM POSSUIR CNH/PPD/ACC,SP,MOTOCICLO,PARTICULAR,3,8,2026
7107,SAO PAULO,6610-2,CONDUZIR O VEICULO COM CARACTERISTICA ALTERADA,SP,AUTOMOVEL,PARTICULAR,6,8,2026
7083,SAO JOAO DA BOA VISTA,5045-0,DIRIGIR VEICULO COM VALIDADE DE CNH/PPD VENCIDA HA MAIS DE 30 DIAS,SP,MOTOCICLO,PARTICULAR,1,8,2026
7099,SAO JOSE DOS CAMPOS,5274-1,UTILIZ VEIC DEMONST/EXIBIR MANOBRA PERIGOSA MEDIANTE ARRANCADA BRUSCA,SP,MOTOCICLO,PARTICULAR,1,8,2026
6269,CABREUVA,7340-0,DIRIGIR O VEIC USANDO CALCADO QUE N SE FIRME NOS PES/COMPROMETA UTILIZ PEDAIS,SP,MOTOCICLO,PARTICULAR,1,8,2026
7145,SOROCABA,5215-2,Dirigir ameacando os demais veiculos,SP,MOTOCICLO,PARTICULAR,4,8,2026
6427,FRANCISCO MORATO,5070-2,ENTREGAR VEICULO A PESSOA COM CNH/PPD/ACC COM SUSP. DO DIREITO DE DIRIGIR,SP,MOTOCICLO,PARTICULAR,2,8,2026
7107,SAO PAULO,5843-3,"Deixar de indicar c/ antec, med gesto de braco/luz indicadora, mudanca direcao",SP,CAMIONETA,PARTICULAR,5,8,2026
6477,GUARULHOS,5843-4,"Deixar de indicar c/ antec, med gesto de braco/luz indicadora, mudanca de faixa",SP,MOTOCICLO,PARTICULAR,1,8,2026
6183,AURIFLAMA,5118-0,PERMITIR POSSE/CONDUCAO DO VEICULO A PESSOA SEM CNH/PPD/ACC,SP,MOTOCICLO,PARTICULAR,1,8,2026
7145,SOROCABA,5045-0,DIRIGIR VEICULO COM VALIDADE DE CNH/PPD VENCIDA HA MAIS DE 30 DIAS,SP,MOTOCICLO,PARTICULAR,1,8,2026
6579,ITU,5738-0,TRANSITAR PELA CONTRAMAO DE DIRECAO EM VIA C/ SINALIZACAO DE REGUL SENTIDO UNICO,SP,MOTOCICLO,PARTICULAR,1,8,2026
7107,SAO PAULO,7366-2,DIRIGIR VEICULO UTILIZANDO-SE DE TELEFONE CELULAR,SP,CAMIONETA,PARTICULAR,9,8,2026
6225,BERNARDINO DE CAMPOS,7340-0,DIRIGIR O VEIC USANDO CALCADO QUE N SE FIRME NOS PES/COMPROMETA UTILIZ PEDAIS,SP,AUTOMOVEL,PARTICULAR,2,8,2026
7017,SANTA BARBARA DO OESTE,7579-0,"REC SUB TEST, EX CLIN, PERIC OU PROC Q PERM CERT INFL ALC/SUB PSIC FOR ART. 277",SP,MOTOCICLO,PARTICULAR,1,8,2026
6969,RIBEIRAO PRETO,5819-6,TRANSITAR COM O VEICULO EM MARCAS DE CANALIZACAO,SP,AUTOMOVEL,PARTICULAR,2,8,2026
7047,SANTANA DE PARNAIBA,5835-0,Desobedecer as ordens emanadas da autorid compet de transito ou de seus agentes,SP,MOTOCICLO,PARTICULAR,1,8,2026
6639,LIMEIRA,5835-0,Desobedecer as ordens emanadas da autorid compet de transito ou de seus agentes,SP,MOTOCICLO,PARTICULAR,2,8,2026
6345,CONCHAL,6599-2,CONDUZIR O VEICULO REGISTRADO QUE NAO ESTEJA DEVIDAMENTE LICENCIADO,Outras UFs,MOTOCICLO,,1,8,2026
7107,SAO PAULO,7633-2,Dirigir veiculo manuseando telefone celular,SP,UTILITARIO,PARTICULAR,37,8,2026
3055,ITAPIRAPUA PAULISTA,5010-0,DIRIGIR VEICULO SEM POSSUIR CNH/PPD/ACC,SP,MOTOCICLO,PARTICULAR,2,8,2026
6291,CAMPINAS,6726-1,"CONDUZIR O VEICULO EM MAU ESTADO DE CONSERVACAO, COMPROMETENDO A SEGURANCA",SP,MOTONETA,PARTICULAR,1,8,2026
3061,NOVA CAMPINA,5843-1,"Deixar de indicar c/ antec, med gesto de braco/luz indicadora, inicio da marcha",SP,AUTOMOVEL,PARTICULAR,2,8,2026
6361,COTIA,6726-1,"CONDUZIR O VEICULO EM MAU ESTADO DE CONSERVACAO, COMPROMETENDO A SEGURANCA",SP,AUTOMOVEL,PARTICULAR,3,8,2026
7169,TANABI,6726-1,"CONDUZIR O VEICULO EM MAU ESTADO DE CONSERVACAO, COMPROMETENDO A SEGURANCA",SP,ONIBUS,APRENDIZAGEM,1,8,2026
6687,MATAO,5185-1,Deixar o condutor de usar o cinto seguranca,SP,AUTOMOVEL,PARTICULAR,3,8,2026
6313,CARAPICUIBA,5010-0,DIRIGIR VEICULO SEM POSSUIR CNH/PPD/ACC,SP,MOTOCICLO,PARTICULAR,5,8,2026
6687,MATAO,5207-0,Dirigir sem atencao ou sem os cuidados indispensaveis a seguranca,SP,MOTOCICLO,PARTICULAR,1,8,2026
7107,SAO PAULO,6017-5,EXECUTAR OPERACAO DE RETORNO PASSANDO POR CIMA DE FAIXA DE PEDESTRES,SP,MOTOCICLO,PARTICULAR,5,8,2026
7107,SAO PAULO,7633-1,Dirigir veiculo segurando telefone celular,SP,UTILITARIO,PARTICULAR,9,8,2026
7167,TAMBAU,5185-1,Deixar o condutor de usar o cinto seguranca,SP,AUTOMOVEL,PARTICULAR,2,8,2026
6707,MIRASSOL,5835-0,Desobedecer as ordens emanadas da autorid compet de transito ou de seus agentes,SP,MOTOCICLO,PARTICULAR,1,8,2026
7145,SOROCABA,5215-1,Dirigir ameacando os pedestres que estejam atravessando a via publica,SP,MOTOCICLO,PARTICULAR,3,8,2026
6521,IPERO,7056-1,CONDUZIR MOTOC/MOTON/CICLOMOTOR FAZENDO MALABARISMO/EQUILIBRANDO-SE EM UMA RODA,SP,MOTOCICLO,PARTICULAR,2,8,2026
6377,DIADEMA,6050-2,AVANCAR O SINAL DE PARADA OBRIGATORIA,SP,AUTOMOVEL,PARTICULAR,1,8,2026
6131,AMERICANA,7633-1,Dirigir veiculo segurando telefone celular,SP,AUTOMOVEL,PARTICULAR,3,8,2026
6861,PINDAMONHANGABA,7340-0,DIRIGIR O VEIC USANDO CALCADO QUE N SE FIRME NOS PES/COMPROMETA UTILIZ PEDAIS,SP,MOTOCICLO,PARTICULAR,3,8,2026
7157,TABOAO DA SERRA,5088-2,ENTREGAR VEICULO A PESSOA COM PPD DE CATEGORIA DIFERENTE DA DO VEICULO,SP,AUTOMOVEL,PARTICULAR,1,8,2026
6219,BAURU,7749-2,DIRIGIR VEICULO SEM POSSUIR CURSOS ESPECIFICOS OBRIGATORIOS,SP,MOTOCICLO,PARTICULAR,1,8,2026
6575,ITIRAPUA,5118-0,PERMITIR POSSE/CONDUCAO DO VEICULO A PESSOA SEM CNH/PPD/ACC,SP,CAMINHONET,PARTICULAR,1,8,2026
6313,CARAPICUIBA,6408-0,PORTAR NO VEICULO PLACAS DE IDENTIFICACAO EM DESACORDO C/ ESPECIF/MODELO CONTRAN,SP,MOTOCICLO,PARTICULAR,1,8,2026
6739,MORRO AGUDO,6599-2,CONDUZIR O VEICULO REGISTRADO QUE NAO ESTEJA DEVIDAMENTE LICENCIADO,SP,AUTOMOVEL,PARTICULAR,3,8,2026
6175,ARTUR NOGUEIRA,6912-0,CONDUZIR VEICULO SEM OS DOCUMENTOS DE PORTE OBRIGATORIO REFERIDOS NO CTB,SP,MOTONETA,PARTICULAR,1,8,2026
6687,MATAO,7684-1,Cond motoc/moton/ciclom c/ util cap de seg s/ vis/ocul prot,SP,MOTOCICLO,PARTICULAR,1,8,2026
6853,PERUIBE,5010-0,DIRIGIR VEICULO SEM POSSUIR CNH/PPD/ACC,SP,AUTOMOVEL,PARTICULAR,1,8,2026
6219,BAURU,7633-2,Dirigir veiculo manuseando telefone celular,SP,AUTOMOVEL,PARTICULAR,1,8,2026
6835,PEDERNEIRAS,6599-2,CONDUZIR O VEICULO REGISTRADO QUE NAO ESTEJA DEVIDAMENTE LICENCIADO,SP,AUTOMOVEL,PARTICULAR,1,8,2026
6543,ITANHAEM,5010-0,DIRIGIR VEICULO SEM POSSUIR CNH/PPD/ACC,SP,MOTOCICLO,PARTICULAR,2,8,2026
7077,SAO CAETANO DO SUL,5029-2,DIRIGIR VEICULO COM CNH/PPD/ACC COM SUSPENSAO DO DIREITO DE DIRIGIR,SP,UTILITARIO,PARTICULAR,1,8,2026
6377,DIADEMA,5029-2,DIRIGIR VEICULO COM CNH/PPD/ACC COM SUSPENSAO DO DIREITO DE DIRIGIR,SP,MOTOCICLO,PARTICULAR,1,8,2026
6229,BIRIGUI,5819-3,"TRANSITAR COM O VEICULO EM AJARDINAMENTOS, GRAMADOS, JARDINS PUBLICOS",SP,AUTOMOVEL,PARTICULAR,1,8,2026
6969,RIBEIRAO PRETO,7030-1,Conduzir motoc/moton/ciclom s/ capacete de seguranca,SP,MOTOCICLO,PARTICULAR,2,8,2026
7107,SAO PAULO,5797-0,FORCAR PASSAGEM ENTRE VEICS TRANS SENT OPOSTOS NA IMINENCIA REALIZ ULTRAPASSAGEM,SP,CAMIONETA,PARTICULAR,2,8,2026
6219,BAURU,6726-1,"CONDUZIR O VEICULO EM MAU ESTADO DE CONSERVACAO, COMPROMETENDO A SEGURANCA",SP,AUTOMOVEL,PARTICULAR,3,8,2026
6681,MARILIA,6041-2,EXECUTAR OPERACAO DE CONVERSAO A ESQUERDA EM LOCAL PROIBIDO PELA SINALIZACAO,SP,MOTONETA,PARTICULAR,1,8,2026
6687,MATAO,5045-0,DIRIGIR VEICULO COM VALIDADE DE CNH/PPD VENCIDA HA MAIS DE 30 DIAS,SP,MOTOCICLO,PARTICULAR,1,8,2026
6477,GUARULHOS,6637-1,CONDUZIR O VEICULO SEM EQUIPAMENTO OBRIGATORIO,SP,MOTOCICLO,PARTICULAR,7,8,2026
6811,PARAGUACU PAULISTA,6599-2,CONDUZIR O VEICULO REGISTRADO QUE NAO ESTEJA DEVIDAMENTE LICENCIADO,SP,AUTOMOVEL,PARTICULAR,2,8,2026
6189,AVARE,6530-0,USAR NO VEICULO EQUIP C/ SOM EM VOLUME/FREQUENCIA NAO AUTORIZADOS PELO CONTRAN,SP,AUTOMOVEL,PARTICULAR,3,8,2026
6551,ITAPEVI,6653-1,CONDUZIR O VEICULO COM DESCARGA LIVRE,SP,MOTOCICLO,PARTICULAR,2,8,2026
6795,OURINHOS,5118-0,PERMITIR POSSE/CONDUCAO DO VEICULO A PESSOA SEM CNH/PPD/ACC,SP,MOTONETA,PARTICULAR,1,8,2026
7107,SAO PAULO,5843-2,"Deixar de indicar c/ antec, med gesto de braco/luz indicadora, manobra de parar",SP,AUTOMOVEL,PARTICULAR,3,8,2026
6361,COTIA,6645-0,CONDUZIR O VEICULO COM EQUIP OBRIGATORIO EM DESACORDO COM O ESTAB PELO CONTRAN,SP,MOTOCICLO,PARTICULAR,2,8,2026
6635,LEME,7030-1,Conduzir motoc/moton/ciclom s/ capacete de seguranca,SP,MOTONETA,PARTICULAR,1,8,2026
7107,SAO PAULO,5215-2,Dirigir ameacando os demais veiculos,SP,CAMIONETA,PARTICULAR,2,8,2026
7149,SUMARE,7030-1,Conduzir motoc/moton/ciclom s/ capacete de seguranca,SP,MOTOCICLO,PARTICULAR,1,8,2026
6493,IBITINGA,5738-0,TRANSITAR PELA CONTRAMAO DE DIRECAO EM VIA C/ SINALIZACAO DE REGUL SENTIDO UNICO,SP,MOTOCICLO,PARTICULAR,4,8,2026
6853,PERUIBE,6726-1,"CONDUZIR O VEICULO EM MAU ESTADO DE CONSERVACAO, COMPROMETENDO A SEGURANCA",SP,AUTOMOVEL,PARTICULAR,3,8,2026
6205,BARRA BONITA,7684-2,Cond motoc/moton/ciclom c/ util cap de seg c/ vis/ocul prot des c/ regul Contran,SP,MOTOCICLO,PARTICULAR,3,8,2026
7157,TABOAO DA SERRA,7030-1,Conduzir motoc/moton/ciclom s/ capacete de seguranca,SP,MOTOCICLO,PARTICULAR,1,8,2026
6239,BOITUVA,5010-0,DIRIGIR VEICULO SEM POSSUIR CNH/PPD/ACC,SP,MOTOCICLO,PARTICULAR,1,8,2026
6189,AVARE,6602-0,CONDUZIR O VEICULO COM QUALQUER UMA DAS PLACAS SEM LEGIBILIDADE E VISIBILIDADE,SP,CAMINHONET,ALUGUEL,1,8,2026
7079,SAO CARLOS,5010-0,DIRIGIR VEICULO SEM POSSUIR CNH/PPD/ACC,SP,MOTOCICLO,PARTICULAR,1,8,2026
6291,CAMPINAS,5819-2,"TRANSITAR COM O VEICULO EM CICLOVIAS, CICLOFAIXAS",SP,MOTOCICLO,PARTICULAR,1,8,2026
7107,SAO PAULO,7684-2,Cond motoc/moton/ciclom c/ util cap de seg c/ vis/ocul prot des c/ regul Contran,SP,MOTOCICLO,PARTICULAR,124,8,2026
7009,SALTO GRANDE,6530-0,USAR NO VEICULO EQUIP C/ SOM EM VOLUME/FREQUENCIA NAO AUTORIZADOS PELO CONTRAN,SP,CAMINHONET,PARTICULAR,1,8,2026
7107,SAO PAULO,6556-4,CONDUZIR O VEICULO COM A PLACA VIOLADA/FALSIFICADA,SP,MOTOCICLO,PARTICULAR,3,8,2026
7099,SAO JOSE DOS CAMPOS,6670-0,CONDUZIR O VEICULO C/ EQUIP DO SISTEMA DE ILUMINACAO E DE SINALIZACAO ALTERADOS,SP,MOTOCICLO,PARTICULAR,10,8,2026
7107,SAO PAULO,5819-6,TRANSITAR COM O VEICULO EM MARCAS DE CANALIZACAO,Outras UFs,AUTOMOVEL,,1,8,2026
6291,CAMPINAS,5185-1,Deixar o condutor de usar o cinto seguranca,Outras UFs,AUTOMOVEL,PARTICULAR,1,8,2026
3055,ITAPIRAPUA PAULISTA,6602-0,CONDUZIR O VEICULO COM QUALQUER UMA DAS PLACAS SEM LEGIBILIDADE E VISIBILIDADE,SP,MOTOCICLO,PARTICULAR,1,8,2026
6451,GUAPIACU,7714-1,Cond motoc/moton/ciclom transp pass c/ cap de seg s/ vis/ocul de protecao,SP,MOTOCICLO,PARTICULAR,1,8,2026
6205,BARRA BONITA,6700-0,"CONDUZIR VEIC COM VIDRO TOTAL/PARCIALMENTE COBERTO POR PELICULA, PAINEIS/PINTURA",SP,AUTOMOVEL,PARTICULAR,1,8,2026
6639,LIMEIRA,5185-1,Deixar o condutor de usar o cinto seguranca,SP,AUTOMOVEL,PARTICULAR,15,8,2026
7107,SAO PAULO,7773-2,ENTREGAR VEICULO A PESSOA SEM POSSUIR CURSOS ESPECIFICOS OBRIGATORIOS,SP,MOTOCICLO,PARTICULAR,7,8,2026
6427,FRANCISCO MORATO,5274-1,UTILIZ VEIC DEMONST/EXIBIR MANOBRA PERIGOSA MEDIANTE ARRANCADA BRUSCA,SP,CAMIONETA,PARTICULAR,1,8,2026
6889,PIRATININGA,6068-1,TRANSPOR BLOQUEIO VIARIO COM OU SEM SINALIZACAO OU DISPOSITIVOS AUXILIARES,SP,AUTOMOVEL,PARTICULAR,3,8,2026
6477,GUARULHOS,5088-1,ENTREGAR VEICULO A PESSOA COM CNH DE CATEGORIA DIFERENTE DA DO VEICULO,SP,MOTOCICLO,PARTICULAR,3,8,2026
6477,GUARULHOS,7056-1,CONDUZIR MOTOC/MOTON/CICLOMOTOR FAZENDO MALABARISMO/EQUILIBRANDO-SE EM UMA RODA,SP,MOTOCICLO,PARTICULAR,3,8,2026
7107,SAO PAULO,7579-0,"REC SUB TEST, EX CLIN, PERIC OU PROC Q PERM CERT INFL ALC/SUB PSIC FOR ART. 277",Outras UFs,AUTOMOVEL,PARTICULAR,6,8,2026
6563,ITAQUAQUECETUBA,6602-0,CONDUZIR O VEICULO COM QUALQUER UMA DAS PLACAS SEM LEGIBILIDADE E VISIBILIDADE,SP,MOTOCICLO,PARTICULAR,1,8,2026
6889,PIRATININGA,5185-1,Deixar o condutor de usar o cinto seguranca,SP,AUTOMOVEL,PARTICULAR,1,8,2026
7107,SAO PAULO,7633-1,Dirigir veiculo segurando telefone celular,SP,CAMINHONET,PARTICULAR,7,8,2026
6875,PIRACICABA,5010-0,DIRIGIR VEICULO SEM POSSUIR CNH/PPD/ACC,SP,AUTOMOVEL,PARTICULAR,2,8,2026
6313,CARAPICUIBA,5835-0,Desobedecer as ordens emanadas da autorid compet de transito ou de seus agentes,SP,AUTOMOVEL,PARTICULAR,2,8,2026
7121,SAO VICENTE,7633-1,Dirigir veiculo segurando telefone celular,Outras UFs,MOTOCICLO,PARTICULAR,1,8,2026
6639,LIMEIRA,7579-0,"REC SUB TEST, EX CLIN, PERIC OU PROC Q PERM CERT INFL ALC/SUB PSIC FOR ART. 277",SP,AUTOMOVEL,PARTICULAR,3,8,2026
6481,HERCULANDIA,6599-2,CONDUZIR O VEICULO REGISTRADO QUE NAO ESTEJA DEVIDAMENTE LICENCIADO,Outras UFs,MOTOCICLO,,1,8,2026
7037,SANTA ISABEL,5819-6,TRANSITAR COM O VEICULO EM MARCAS DE CANALIZACAO,SP,MOTOCICLO,PARTICULAR,1,8,2026
6205,BARRA BONITA,5185-1,Deixar o condutor de usar o cinto seguranca,SP,AUTOMOVEL,PARTICULAR,7,8,2026
6537,ITAI,6530-0,USAR NO VEICULO EQUIP C/ SOM EM VOLUME/FREQUENCIA NAO AUTORIZADOS PELO CONTRAN,SP,CAMINHONET,PARTICULAR,1,8,2026
7107,SAO PAULO,6599-2,CONDUZIR O VEICULO REGISTRADO QUE NAO ESTEJA DEVIDAMENTE LICENCIADO,SP,CAMINHONET,ALUGUEL,8,8,2026
6137,AMPARO,6637-1,CONDUZIR O VEICULO SEM EQUIPAMENTO OBRIGATORIO,SP,MOTOCICLO,PARTICULAR,1,8,2026
7129,SERRA AZUL,5045-0,DIRIGIR VEICULO COM VALIDADE DE CNH/PPD VENCIDA HA MAIS DE 30 DIAS,SP,MOTOCICLO,PARTICULAR,1,8,2026
7035,SANTA GERTRUDES,6599-2,CONDUZIR O VEICULO REGISTRADO QUE NAO ESTEJA DEVIDAMENTE LICENCIADO,SP,MOTOCICLO,PARTICULAR,1,8,2026
6219,BAURU,6599-2,CONDUZIR O VEICULO REGISTRADO QUE NAO ESTEJA DEVIDAMENTE LICENCIADO,SP,MOTONETA,PARTICULAR,1,8,2026
7107,SAO PAULO,5045-0,DIRIGIR VEICULO COM VALIDADE DE CNH/PPD VENCIDA HA MAIS DE 30 DIAS,SP,AUTOMOVEL,PARTICULAR,34,8,2026
6687,MATAO,6637-1,CONDUZIR O VEICULO SEM EQUIPAMENTO OBRIGATORIO,SP,MOTOCICLO,PARTICULAR,3,8,2026
7037,SANTA ISABEL,6637-1,CONDUZIR O VEICULO SEM EQUIPAMENTO OBRIGATORIO,SP,MOTOCICLO,PARTICULAR,3,8,2026
6199,BARBOSA,6599-2,CONDUZIR O VEICULO REGISTRADO QUE NAO ESTEJA DEVIDAMENTE LICENCIADO,SP,MOTOCICLO,PARTICULAR,1,8,2026
7095,SAO JOSE DO RIO PARDO,6670-0,CONDUZIR O VEICULO C/ EQUIP DO SISTEMA DE ILUMINACAO E DE SINALIZACAO ALTERADOS,SP,MOTOCICLO,PARTICULAR,1,8,2026
6543,ITANHAEM,6599-2,CONDUZIR O VEICULO REGISTRADO QUE NAO ESTEJA DEVIDAMENTE LICENCIADO,SP,AUTOMOVEL,PARTICULAR,2,8,2026
6711,MOCOCA,6599-2,CONDUZIR O VEICULO REGISTRADO QUE NAO ESTEJA DEVIDAMENTE LICENCIADO,SP,AUTOMOVEL,PARTICULAR,1,8,2026
6131,AMERICANA,7340-0,DIRIGIR O VEIC USANDO CALCADO QUE N SE FIRME NOS PES/COMPROMETA UTILIZ PEDAIS,SP,MOTOCICLO,PARTICULAR,3,8,2026
7201,TUPA,7366-2,DIRIGIR VEICULO UTILIZANDO-SE DE TELEFONE CELULAR,SP,AUTOMOVEL,PARTICULAR,2,8,2026
6219,BAURU,6637-2,CONDUZIR O VEICULO COM EQUIPAMENTO OBRIGATORIO INEFICIENTE/INOPERANTE,SP,MOTOCICLO,PARTICULAR,1,8,2026
6313,CARAPICUIBA,5096-0,ENTREGAR VEICULO A PESSOA COM CNH/PPD VENCIDA HA MAIS DE 30 DIAS,SP,AUTOMOVEL,PARTICULAR,1,8,2026
7099,SAO JOSE DOS CAMPOS,6726-1,"CONDUZIR O VEICULO EM MAU ESTADO DE CONSERVACAO, COMPROMETENDO A SEGURANCA",SP,MOTOCICLO,PARTICULAR,24,8,2026
7107,SAO PAULO,6599-2,CONDUZIR O VEICULO REGISTRADO QUE NAO ESTEJA DEVIDAMENTE LICENCIADO,SP,MOTONETA,PARTICULAR,21,8,2026
6715,MOGI-GUACU,5010-0,DIRIGIR VEICULO SEM POSSUIR CNH/PPD/ACC,SP,MOTOCICLO,PARTICULAR,3,8,2026
6473,GUARIBA,7030-1,Conduzir motoc/moton/ciclom s/ capacete de seguranca,SP,MOTOCICLO,PARTICULAR,2,8,2026
7107,SAO PAULO,5045-0,DIRIGIR VEICULO COM VALIDADE DE CNH/PPD VENCIDA HA MAIS DE 30 DIAS,SP,UTILITARIO,PARTICULAR,1,8,2026
6105,AGUAI,5185-1,Deixar o condutor de usar o cinto seguranca,SP,AUTOMOVEL,PARTICULAR,1,8,2026
6897,POA,6726-1,"CONDUZIR O VEICULO EM MAU ESTADO DE CONSERVACAO, COMPROMETENDO A SEGURANCA",SP,AUTOMOVEL,PARTICULAR,1,8,2026
7107,SAO PAULO,5061-0,ENTREGAR VEICULO A PESSOA SEM CNH/PPD/ACC,SP,CAMIONETA,PARTICULAR,1,8,2026
6713,MOGI DAS CRUZES,5029-2,DIRIGIR VEICULO COM CNH/PPD/ACC COM SUSPENSAO DO DIREITO DE DIRIGIR,SP,AUTOMOVEL,ALUGUEL,1,8,2026
6687,MATAO,6645-0,CONDUZIR O VEICULO COM EQUIP OBRIGATORIO EM DESACORDO COM O ESTAB PELO CONTRAN,SP,MOTOCICLO,PARTICULAR,2,8,2026
6887,PIRASSUNUNGA,5185-1,Deixar o condutor de usar o cinto seguranca,SP,AUTOMOVEL,PARTICULAR,3,8,2026
6477,GUARULHOS,6580-0,CONDUZIR O VEICULO SEM QUALQUER UMA DAS PLACAS DE IDENTIFICACAO,SP,AUTOMOVEL,PARTICULAR,2,8,2026
6771,NOVO HORIZONTE,7684-2,Cond motoc/moton/ciclom c/ util cap de seg c/ vis/ocul prot des c/ regul Contran,SP,MOTOCICLO,PARTICULAR,2,8,2026
6987,ROSEIRA,5525-0,ESTACIONAR NA CONTRAMAO DE DIRECAO,SP,AUTOMOVEL,PARTICULAR,7,8,2026
6539,ITAJOBI,7684-2,Cond motoc/moton/ciclom c/ util cap de seg c/ vis/ocul prot des c/ regul Contran,SP,MOTOCICLO,PARTICULAR,1,8,2026
7107,SAO PAULO,6653-2,CONDUZIR O VEICULO COM SILENCIADOR DE MOTOR DEFEITUOSO/DEFICIENTE/INOPERANTE,SP,MOTOCICLO,PARTICULAR,12,8,2026
6681,MARILIA,7633-2,Dirigir veiculo manuseando telefone celular,SP,AUTOMOVEL,PARTICULAR,2,8,2026
6219,BAURU,5738-0,TRANSITAR PELA CONTRAMAO DE DIRECAO EM VIA C/ SINALIZACAO DE REGUL SENTIDO UNICO,SP,MOTOCICLO,,1,8,2026
7107,SAO PAULO,6920-3,"Deixar de efetuar reg de veic em 30 dias, qdo for alterada qquer caract do veic",SP,AUTOMOVEL,PARTICULAR,56,8,2026
6969,RIBEIRAO PRETO,6599-2,CONDUZIR O VEICULO REGISTRADO QUE NAO ESTEJA DEVIDAMENTE LICENCIADO,SP,MOTONETA,PARTICULAR,3,8,2026
6101,ADAMANTINA,6653-2,CONDUZIR O VEICULO COM SILENCIADOR DE MOTOR DEFEITUOSO/DEFICIENTE/INOPERANTE,SP,MOTOCICLO,PARTICULAR,1,8,2026
6795,OURINHOS,6726-1,"CONDUZIR O VEICULO EM MAU ESTADO DE CONSERVACAO, COMPROMETENDO A SEGURANCA",Outras UFs,MOTOCICLO,PARTICULAR,2,8,2026
6221,BEBEDOURO,7048-1,"CONDUZIR MOTOCICLETA, MOTONETA E CICLOMOTOR TRANSPORTANDO PASSAGEIRO S/ CAPACETE",SP,MOTONETA,PARTICULAR,1,8,2026
6219,BAURU,5274-1,UTILIZ VEIC DEMONST/EXIBIR MANOBRA PERIGOSA MEDIANTE ARRANCADA BRUSCA,SP,MOTOCICLO,PARTICULAR,2,8,2026
7023,SANTA CLARA D OESTE,5738-0,TRANSITAR PELA CONTRAMAO DE DIRECAO EM VIA C/ SINALIZACAO DE REGUL SENTIDO UNICO,SP,MOTOCICLO,PARTICULAR,1,8,2026
7149,SUMARE,6726-1,"CONDUZIR O VEICULO EM MAU ESTADO DE CONSERVACAO, COMPROMETENDO A SEGURANCA",SP,MOTOCICLO,PARTICULAR,4,8,2026
6861,PINDAMONHANGABA,6637-2,CONDUZIR O VEICULO COM EQUIPAMENTO OBRIGATORIO INEFICIENTE/INOPERANTE,SP,MOTOCICLO,PARTICULAR,1,8,2026
7107,SAO PAULO,5002-0,"Multa, por nao identificacao do condutor infrator, imposta a pessoa juridica",SP,CAMINHONET,PARTICULAR,49,8,2026
6311,CARAGUATATUBA,6580-0,CONDUZIR O VEICULO SEM QUALQUER UMA DAS PLACAS DE IDENTIFICACAO,SP,MOTOCICLO,PARTICULAR,1,8,2026
6897,POA,5088-1,ENTREGAR VEICULO A PESSOA COM CNH DE CATEGORIA DIFERENTE DA DO VEICULO,SP,AUTOMOVEL,PARTICULAR,1,8,2026
7107,SAO PAULO,6050-3,AVAN O SIN VERM DO SEMAF EXC SE HOUVER SINALIZ PERM LIVRE CONV A DIR -FISC ELETR,SP,MOTOCICLO,PARTICULAR,9,8,2026
2959,ESTIVA GERBI,6637-2,CONDUZIR O VEICULO COM EQUIPAMENTO OBRIGATORIO INEFICIENTE/INOPERANTE,SP,MOTOCICLO,PARTICULAR,1,8,2026
6873,PIRACAIA,7340-0,DIRIGIR O VEIC USANDO CALCADO QUE N SE FIRME NOS PES/COMPROMETA UTILIZ PEDAIS,SP,MOTOCICLO,PARTICULAR,1,8,2026
6493,IBITINGA,5274-1,UTILIZ VEIC DEMONST/EXIBIR MANOBRA PERIGOSA MEDIANTE ARRANCADA BRUSCA,SP,MOTOCICLO,PARTICULAR,2,8,2026
7107,SAO PAULO,5185-1,Deixar o condutor de usar o cinto seguranca,SP,CAMIONETA,PARTICULAR,32,8,2026
6181,ATIBAIA,5207-0,Dirigir sem atencao ou sem os cuidados indispensaveis a seguranca,SP,AUTOMOVEL,PARTICULAR,1,8,2026
6435,GARCA,5045-0,DIRIGIR VEICULO COM VALIDADE DE CNH/PPD VENCIDA HA MAIS DE 30 DIAS,SP,MOTOCICLO,PARTICULAR,1,8,2026
7107,SAO PAULO,7633-2,Dirigir veiculo manuseando telefone celular,SP,MOTOCICLO,PARTICULAR,11,8,2026
7103,SAO MANUEL,5169-1,DIRIGIR SOB A INFLUENCIA DE ALCOOL,SP,CAMINHONET,PARTICULAR,1,8,2026
6511,INDAIATUBA,5274-1,UTILIZ VEIC DEMONST/EXIBIR MANOBRA PERIGOSA MEDIANTE ARRANCADA BRUSCA,SP,AUTOMOVEL,PARTICULAR,1,8,2026
7107,SAO PAULO,6920-1,"Deixar de efetuar registro do veiculo em 30 dias, qdo for transf a propriedade",SP,MICROONIB,PARTICULAR,113,8,2026
7107,SAO PAULO,6920-1,"Deixar de efetuar registro do veiculo em 30 dias, qdo for transf a propriedade",SP,AUTOMOVEL,APRENDIZAGEM,8,8,2026
7107,SAO PAULO,5169-1,DIRIGIR SOB A INFLUENCIA DE ALCOOL,SP,CAMIONETA,PARTICULAR,1,8,2026
6853,PERUIBE,7340-0,DIRIGIR O VEIC USANDO CALCADO QUE N SE FIRME NOS PES/COMPROMETA UTILIZ PEDAIS,SP,MOTOCICLO,PARTICULAR,1,8,2026
7107,SAO PAULO,7030-1,Conduzir motoc/moton/ciclom s/ capacete de seguranca,SP,MOTOCICLO,PARTICULAR,48,8,2026
6425,FRANCA,6530-0,USAR NO VEICULO EQUIP C/ SOM EM VOLUME/FREQUENCIA NAO AUTORIZADOS PELO CONTRAN,SP,AUTOMOVEL,PARTICULAR,1,8,2026
7083,SAO JOAO DA BOA VISTA,6637-1,CONDUZIR O VEICULO SEM EQUIPAMENTO OBRIGATORIO,SP,MOTOCICLO,PARTICULAR,1,8,2026
7187,TEODORO SAMPAIO,6653-2,CONDUZIR O VEICULO COM SILENCIADOR DE MOTOR DEFEITUOSO/DEFICIENTE/INOPERANTE,SP,MOTOCICLO,PARTICULAR,1,8,2026
6873,PIRACAIA,6653-1,CONDUZIR O VEICULO COM DESCARGA LIVRE,SP,MOTOCICLO,PARTICULAR,9,8,2026
6689,MAUA,5029-1,Dirigir veiculo com CNH/PPD/ACC cassada,SP,AUTOMOVEL,PARTICULAR,1,8,2026
7083,SAO JOAO DA BOA VISTA,5169-2,DIRIGIR SOB A INFLUENCIA DE QQUER SUBSTANCIA PSICOATIVA QUE DETER. DEPENDENCIA,SP,CAMINHONET,PARTICULAR,1,8,2026
7057,SANTO ANDRE,5061-0,ENTREGAR VEICULO A PESSOA SEM CNH/PPD/ACC,SP,UTILITARIO,PARTICULAR,1,8,2026
6249,BOTUCATU,5061-0,ENTREGAR VEICULO A PESSOA SEM CNH/PPD/ACC,SP,MOTOCICLO,PARTICULAR,1,8,2026
7107,SAO PAULO,7633-2,Dirigir veiculo manuseando telefone celular,SP,CAMINHAO,ALUGUEL,4,8,2026
7149,SUMARE,7340-0,DIRIGIR O VEIC USANDO CALCADO QUE N SE FIRME NOS PES/COMPROMETA UTILIZ PEDAIS,SP,MOTONETA,PARTICULAR,1,8,2026
6209,BARRETOS,6599-2,CONDUZIR O VEICULO REGISTRADO QUE NAO ESTEJA DEVIDAMENTE LICENCIADO,SP,MOTOCICLO,PARTICULAR,8,8,2026
6847,PENAPOLIS,6530-0,USAR NO VEICULO EQUIP C/ SOM EM VOLUME/FREQUENCIA NAO AUTORIZADOS PELO CONTRAN,SP,AUTOMOVEL,PARTICULAR,2,8,2026
7121,SAO VICENTE,6599-2,CONDUZIR O VEICULO REGISTRADO QUE NAO ESTEJA DEVIDAMENTE LICENCIADO,SP,MOTOCICLO,PARTICULAR,2,8,2026
6875,PIRACICABA,7765-0,FUGIR O CONDUTOR A ACAO POLICIAL,SP,AUTOMOVEL,PARTICULAR,1,8,2026
6259,BROTAS,5045-0,DIRIGIR VEICULO COM VALIDADE DE CNH/PPD VENCIDA HA MAIS DE 30 DIAS,SP,AUTOMOVEL,PARTICULAR,1,8,2026
6817,PARANAPANEMA,5185-1,Deixar o condutor de usar o cinto seguranca,SP,AUTOMOVEL,PARTICULAR,2,8,2026
6991,RUBINEIA,6742-0,CONDUZIR O VEICULO SEM PORTAR A AUTORIZACAO PARA CONDUCAO DE ESCOLARES,SP,ONIBUS,OFICIAL,7,8,2026
7005,SALTO,6050-1,AVAN O SIN VERM DO SEMAF EXC SE HOUVER SINALIZ PERM LIVRE CONV A DIR,SP,AUTOMOVEL,PARTICULAR,4,8,2026
6481,HERCULANDIA,7633-2,Dirigir veiculo manuseando telefone celular,SP,MOTOCICLO,PARTICULAR,1,8,2026
7107,SAO PAULO,5002-0,"Multa, por nao identificacao do condutor infrator, imposta a pessoa juridica",SP,ONIBUS,ALUGUEL,1,8,2026
7145,SOROCABA,5088-1,ENTREGAR VEICULO A PESSOA COM CNH DE CATEGORIA DIFERENTE DA DO VEICULO,SP,MOTOCICLO,PARTICULAR,1,8,2026
7151,SUZANO,6726-1,"CONDUZIR O VEICULO EM MAU ESTADO DE CONSERVACAO, COMPROMETENDO A SEGURANCA",SP,MOTOCICLO,PARTICULAR,1,8,2026
7145,SOROCABA,6653-1,CONDUZIR O VEICULO COM DESCARGA LIVRE,SP,MOTOCICLO,PARTICULAR,12,8,2026
6477,GUARULHOS,6050-1,AVAN O SIN VERM DO SEMAF EXC SE HOUVER SINALIZ PERM LIVRE CONV A DIR,SP,AUTOMOVEL,PARTICULAR,4,8,2026
6219,BAURU,5274-1,UTILIZ VEIC DEMONST/EXIBIR MANOBRA PERIGOSA MEDIANTE ARRANCADA BRUSCA,SP,AUTOMOVEL,PARTICULAR,4,8,2026
7107,SAO PAULO,6408-0,PORTAR NO VEICULO PLACAS DE IDENTIFICACAO EM DESACORDO C/ ESPECIF/MODELO CONTRAN,Outras UFs,CAMINHAO,PARTICULAR,1,8,2026
7107,SAO PAULO,5070-2,ENTREGAR VEICULO A PESSOA COM CNH/PPD/ACC COM SUSP. DO DIREITO DE DIRIGIR,SP,CAMIONETA,PARTICULAR,1,8,2026
7107,SAO PAULO,5096-0,ENTREGAR VEICULO A PESSOA COM CNH/PPD VENCIDA HA MAIS DE 30 DIAS,SP,MOTOCICLO,PARTICULAR,10,8,2026
7161,TAGUAI,5401-0,ESTACIONAR AFASTADO DA GUIA DA CALCADA (MEIO-FIO) A MAIS DE 1M,SP,AUTOMOVEL,PARTICULAR,1,8,2026
6345,CONCHAL,7030-1,Conduzir motoc/moton/ciclom s/ capacete de seguranca,SP,MOTOCICLO,PARTICULAR,1,8,2026
6313,CARAPICUIBA,5185-1,Deixar o condutor de usar o cinto seguranca,SP,CAMINHONET,ALUGUEL,2,8,2026
7097,SAO JOSE DO RIO PRETO,6050-2,AVANCAR O SINAL DE PARADA OBRIGATORIA,SP,MOTOCICLO,PARTICULAR,1,8,2026
6435,GARCA,6653-1,CONDUZIR O VEICULO COM DESCARGA LIVRE,SP,MOTOCICLO,PARTICULAR,2,8,2026
7107,SAO PAULO,5274-1,UTILIZ VEIC DEMONST/EXIBIR MANOBRA PERIGOSA MEDIANTE ARRANCADA BRUSCA,SP,AUTOMOVEL,PARTICULAR,21,8,2026
6189,AVARE,5010-0,DIRIGIR VEICULO SEM POSSUIR CNH/PPD/ACC,SP,MOTOCICLO,PARTICULAR,2,8,2026
6897,POA,5118-0,PERMITIR POSSE/CONDUCAO DO VEICULO A PESSOA SEM CNH/PPD/ACC,SP,AUTOMOVEL,PARTICULAR,1,8,2026
6711,MOCOCA,7340-0,DIRIGIR O VEIC USANDO CALCADO QUE N SE FIRME NOS PES/COMPROMETA UTILIZ PEDAIS,SP,MOTOCICLO,PARTICULAR,1,8,2026
7107,SAO PAULO,6769-0,"CONDUZIR VEIC C/ DEFEITO NO SIST DE ILUMINACAO, SINALIZ OU LAMPADAS QUEIMADAS",SP,CAMINHAO,ALUGUEL,1,8,2026
7107,SAO PAULO,5002-0,"Multa, por nao identificacao do condutor infrator, imposta a pessoa juridica",SP,MOTONETA,PARTICULAR,7,8,2026
6969,RIBEIRAO PRETO,5118-0,PERMITIR POSSE/CONDUCAO DO VEICULO A PESSOA SEM CNH/PPD/ACC,SP,MOTONETA,PARTICULAR,1,8,2026
6563,ITAQUAQUECETUBA,5010-0,DIRIGIR VEICULO SEM POSSUIR CNH/PPD/ACC,SP,MOTOCICLO,PARTICULAR,3,8,2026
7259,IARAS,5010-0,DIRIGIR VEICULO SEM POSSUIR CNH/PPD/ACC,SP,MOTOCICLO,PARTICULAR,1,8,2026
6469,GUARATINGUETA,6530-0,USAR NO VEICULO EQUIP C/ SOM EM VOLUME/FREQUENCIA NAO AUTORIZADOS PELO CONTRAN,SP,AUTOMOVEL,PARTICULAR,1,8,2026
7107,SAO PAULO,7579-0,"REC SUB TEST, EX CLIN, PERIC OU PROC Q PERM CERT INFL ALC/SUB PSIC FOR ART. 277",SP,CAMINHONET,PARTICULAR,6,8,2026
7107,SAO PAULO,7340-0,DIRIGIR O VEIC USANDO CALCADO QUE N SE FIRME NOS PES/COMPROMETA UTILIZ PEDAIS,SP,AUTOMOVEL,PARTICULAR,7,8,2026
7157,TABOAO DA SERRA,6602-0,CONDUZIR O VEICULO COM QUALQUER UMA DAS PLACAS SEM LEGIBILIDADE E VISIBILIDADE,SP,MOTOCICLO,PARTICULAR,1,8,2026
6131,AMERICANA,7633-2,Dirigir veiculo manuseando telefone celular,SP,AUTOMOVEL,PARTICULAR,9,8,2026
6477,GUARULHOS,5029-2,DIRIGIR VEICULO COM CNH/PPD/ACC COM SUSPENSAO DO DIREITO DE DIRIGIR,SP,MOTOCICLO,PARTICULAR,2,8,2026
7107,SAO PAULO,6599-2,CONDUZIR O VEICULO REGISTRADO QUE NAO ESTEJA DEVIDAMENTE LICENCIADO,SP,CAMIONETA,PARTICULAR,98,8,2026
7107,SAO PAULO,7633-2,Dirigir veiculo manuseando telefone celular,SP,AUTOMOVEL,PARTICULAR,341,8,2026
6131,AMERICANA,7579-0,"REC SUB TEST, EX CLIN, PERIC OU PROC Q PERM CERT INFL ALC/SUB PSIC FOR ART. 277",SP,AUTOMOVEL,PARTICULAR,5,8,2026
6163,ARARAQUARA,7030-1,Conduzir motoc/moton/ciclom s/ capacete de seguranca,SP,MOTONETA,PARTICULAR,1,8,2026
7107,SAO PAULO,5207-0,Dirigir sem atencao ou sem os cuidados indispensaveis a seguranca,SP,AUTOMOVEL,PARTICULAR,23,8,2026
6413,FERNANDO PRESTES,5185-1,Deixar o condutor de usar o cinto seguranca,SP,AUTOMOVEL,PARTICULAR,1,8,2026
6717,MOGI-MIRIM,5185-1,Deixar o condutor de usar o cinto seguranca,SP,CAMIONETA,PARTICULAR,1,8,2026
6807,PALMITAL,7684-2,Cond motoc/moton/ciclom c/ util cap de seg c/ vis/ocul prot des c/ regul Contran,SP,MOTOCICLO,PARTICULAR,1,8,2026
6219,BAURU,7749-2,DIRIGIR VEICULO SEM POSSUIR CURSOS ESPECIFICOS OBRIGATORIOS,SP,AUTOMOVEL,PARTICULAR,2,8,2026
6425,FRANCA,7544-1,Falta de escrituracao livro registro entrada/saida e de uso placa de experiencia,SP,CAMINHONET,PARTICULAR,8,8,2026
7107,SAO PAULO,6483-0,USAR BUZINA QUE NAO A DE TOQUE BREVE COMO ADVERTENCIA A PEDESTRE OU CONDUTORES,SP,MOTOCICLO,PARTICULAR,1,8,2026
6969,RIBEIRAO PRETO,5029-1,Dirigir veiculo com CNH/PPD/ACC cassada,SP,MOTOCICLO,PARTICULAR,1,8,2026
7107,SAO PAULO,7684-2,Cond motoc/moton/ciclom c/ util cap de seg c/ vis/ocul prot des c/ regul Contran,SP,MOTONETA,PARTICULAR,20,8,2026
6563,ITAQUAQUECETUBA,6599-2,CONDUZIR O VEICULO REGISTRADO QUE NAO ESTEJA DEVIDAMENTE LICENCIADO,SP,AUTOMOVEL,PARTICULAR,11,8,2026
6915,PORTO FERREIRA,6599-2,CONDUZIR O VEICULO REGISTRADO QUE NAO ESTEJA DEVIDAMENTE LICENCIADO,SP,MOTOCICLO,PARTICULAR,1,8,2026
6125,ALVARES MACHADO,7323-2,DIRIGIR O VEICULO TRANSPORT ANIMAIS A SUA ESQUERDA OU ENTRE OS BRACOS E PERNAS,SP,AUTOMOVEL,PARTICULAR,1,8,2026
6475,GUARUJA,7544-1,Falta de escrituracao livro registro entrada/saida e de uso placa de experiencia,SP,MOTONETA,PARTICULAR,9,8,2026
6915,PORTO FERREIRA,6599-2,CONDUZIR O VEICULO REGISTRADO QUE NAO ESTEJA DEVIDAMENTE LICENCIADO,SP,AUTOMOVEL,PARTICULAR,4,8,2026
6589,JACAREI,6599-2,CONDUZIR O VEICULO REGISTRADO QUE NAO ESTEJA DEVIDAMENTE LICENCIADO,SP,MOTOCICLO,PARTICULAR,1,8,2026
6493,IBITINGA,5843-3,"Deixar de indicar c/ antec, med gesto de braco/luz indicadora, mudanca direcao",SP,MOTOCICLO,PARTICULAR,2,8,2026
6369,CRUZEIRO,6610-2,CONDUZIR O VEICULO COM CARACTERISTICA ALTERADA,SP,AUTOMOVEL,PARTICULAR,1,8,2026
7223,VALENTIM GENTIL,5010-0,DIRIGIR VEICULO SEM POSSUIR CNH/PPD/ACC,SP,MOTOCICLO,PARTICULAR,5,8,2026
6711,MOCOCA,7056-1,CONDUZIR MOTOC/MOTON/CICLOMOTOR FAZENDO MALABARISMO/EQUILIBRANDO-SE EM UMA RODA,SP,MOTOCICLO,PARTICULAR,3,8,2026
7107,SAO PAULO,6050-1,AVAN O SIN VERM DO SEMAF EXC SE HOUVER SINALIZ PERM LIVRE CONV A DIR,SP,CAMINHONET,PARTICULAR,10,8,2026
6713,MOGI DAS CRUZES,5819-6,TRANSITAR COM O VEICULO EM MARCAS DE CANALIZACAO,SP,CAMIONETA,PARTICULAR,1,8,2026
7107,SAO PAULO,6602-0,CONDUZIR O VEICULO COM QUALQUER UMA DAS PLACAS SEM LEGIBILIDADE E VISIBILIDADE,SP,AUTOMOVEL,PARTICULAR,37,8,2026
6369,CRUZEIRO,7633-2,Dirigir veiculo manuseando telefone celular,SP,AUTOMOVEL,PARTICULAR,2,8,2026
7107,SAO PAULO,6653-1,CONDUZIR O VEICULO COM DESCARGA LIVRE,SP,MOTOCICLO,PARTICULAR,31,8,2026
6221,BEBEDOURO,6645-0,CONDUZIR O VEICULO COM EQUIP OBRIGATORIO EM DESACORDO COM O ESTAB PELO CONTRAN,SP,MOTOCICLO,PARTICULAR,14,8,2026
6795,OURINHOS,6610-2,CONDUZIR O VEICULO COM CARACTERISTICA ALTERADA,SP,MOTOCICLO,PARTICULAR,12,8,2026
6425,FRANCA,5274-1,UTILIZ VEIC DEMONST/EXIBIR MANOBRA PERIGOSA MEDIANTE ARRANCADA BRUSCA,SP,MOTOCICLO,PARTICULAR,1,8,2026
7183,TAUBATE,6599-2,CONDUZIR O VEICULO REGISTRADO QUE NAO ESTEJA DEVIDAMENTE LICENCIADO,SP,MOTOCICLO,PARTICULAR,2,8,2026
7107,SAO PAULO,5002-0,"Multa, por nao identificacao do condutor infrator, imposta a pessoa juridica",Outras UFs,CAMINHONET,ALUGUEL,3,8,2026
7107,SAO PAULO,5223-1,USAR VEICULO PARA ARREMESSAR SOBRE OS PEDESTRES AGUA OU DETRITOS,SP,ONIBUS,ALUGUEL,1,8,2026
7107,SAO PAULO,7358-0,"DIRIGIR O VEICULO COM APENAS UMA DAS MAOS, EXCETO QUANDO PERMITIDO PELO CTB",SP,AUTOMOVEL,PARTICULAR,27,8,2026
6377,DIADEMA,7633-2,Dirigir veiculo manuseando telefone celular,SP,AUTOMOVEL,PARTICULAR,1,8,2026
7107,SAO PAULO,6076-0,TRANSPOR BLOQUEIO VIARIO POLICIAL,SP,MOTOCICLO,PARTICULAR,1,8,2026
7175,TAQUARITINGA,7579-0,"REC SUB TEST, EX CLIN, PERIC OU PROC Q PERM CERT INFL ALC/SUB PSIC FOR ART. 277",SP,MOTOCICLO,PARTICULAR,1,8,2026
6477,GUARULHOS,5010-0,DIRIGIR VEICULO SEM POSSUIR CNH/PPD/ACC,Outras UFs,CAMIONETA,PARTICULAR,1,8,2026
6425,FRANCA,5010-0,DIRIGIR VEICULO SEM POSSUIR CNH/PPD/ACC,SP,MOTOCICLO,PARTICULAR,3,8,2026
7231,VARGEM GRANDE DO SUL,5010-0,DIRIGIR VEICULO SEM POSSUIR CNH/PPD/ACC,SP,MOTOCICLO,PARTICULAR,2,8,2026
6209,BARRETOS,6637-1,CONDUZIR O VEICULO SEM EQUIPAMENTO OBRIGATORIO,SP,MOTOCICLO,PARTICULAR,2,8,2026
6715,MOGI-GUACU,5185-1,Deixar o condutor de usar o cinto seguranca,Outras UFs,AUTOMOVEL,PARTICULAR,1,8,2026
7097,SAO JOSE DO RIO PRETO,6645-0,CONDUZIR O VEICULO COM EQUIP OBRIGATORIO EM DESACORDO COM O ESTAB PELO CONTRAN,SP,MOTONETA,PARTICULAR,1,8,2026
6969,RIBEIRAO PRETO,6050-1,AVAN O SIN VERM DO SEMAF EXC SE HOUVER SINALIZ PERM LIVRE CONV A DIR,Outras UFs,CAMINHONET,PARTICULAR,1,8,2026
7107,SAO PAULO,6602-0,CONDUZIR O VEICULO COM QUALQUER UMA DAS PLACAS SEM LEGIBILIDADE E VISIBILIDADE,SP,CAMINHONET,PARTICULAR,9,8,2026
6219,BAURU,7579-0,"REC SUB TEST, EX CLIN, PERIC OU PROC Q PERM CERT INFL ALC/SUB PSIC FOR ART. 277",SP,AUTOMOVEL,PARTICULAR,12,8,2026
6569,ITATIBA,5207-0,Dirigir sem atencao ou sem os cuidados indispensaveis a seguranca,SP,MOTOCICLO,PARTICULAR,1,8,2026
6313,CARAPICUIBA,7340-0,DIRIGIR O VEIC USANDO CALCADO QUE N SE FIRME NOS PES/COMPROMETA UTILIZ PEDAIS,SP,CAMINHONET,ALUGUEL,1,8,2026
7107,SAO PAULO,5819-6,TRANSITAR COM O VEICULO EM MARCAS DE CANALIZACAO,SP,CAMIONETA,PARTICULAR,2,8,2026
6711,MOCOCA,5045-0,DIRIGIR VEICULO COM VALIDADE DE CNH/PPD VENCIDA HA MAIS DE 30 DIAS,SP,MOTOCICLO,PARTICULAR,2,8,2026
7107,SAO PAULO,6920-1,"Deixar de efetuar registro do veiculo em 30 dias, qdo for transf a propriedade",SP,CAMINHAO,PARTICULAR,771,8,2026
6165,ARARAS,7579-0,"REC SUB TEST, EX CLIN, PERIC OU PROC Q PERM CERT INFL ALC/SUB PSIC FOR ART. 277",SP,AUTOMOVEL,PARTICULAR,1,8,2026
7029,SANTA CRUZ DO RIO PARDO,6599-2,CONDUZIR O VEICULO REGISTRADO QUE NAO ESTEJA DEVIDAMENTE LICENCIADO,SP,MOTOCICLO,PARTICULAR,2,8,2026
6451,GUAPIACU,5215-1,Dirigir ameacando os pedestres que estejam atravessando a via publica,SP,MOTOCICLO,PARTICULAR,1,8,2026
6345,CONCHAL,7633-2,Dirigir veiculo manuseando telefone celular,SP,AUTOMOVEL,PARTICULAR,1,8,2026
6291,CAMPINAS,7684-2,Cond motoc/moton/ciclom c/ util cap de seg c/ vis/ocul prot des c/ regul Contran,SP,MOTOCICLO,APRENDIZAGEM,1,8,2026
6275,CACONDE,7030-1,Conduzir motoc/moton/ciclom s/ capacete de seguranca,SP,MOTOCICLO,PARTICULAR,1,8,2026
6579,ITU,6599-1,CONDUZIR O VEICULO QUE NAO ESTEJA REGISTRADO,Outras UFs,MOTOCICLO,,1,8,2026
7107,SAO PAULO,5827-0,"TRANSITAR EM MARCHA RE, SALVO NA DISTANCIA NECESSARIA A PEQUENAS MANOBRAS",SP,AUTOMOVEL,PARTICULAR,5,8,2026
6681,MARILIA,6726-1,"CONDUZIR O VEICULO EM MAU ESTADO DE CONSERVACAO, COMPROMETENDO A SEGURANCA",SP,AUTOMOVEL,PARTICULAR,2,8,2026
7107,SAO PAULO,7048-1,"CONDUZIR MOTOCICLETA, MOTONETA E CICLOMOTOR TRANSPORTANDO PASSAGEIRO S/ CAPACETE",SP,MOTOCICLO,PARTICULAR,27,8,2026
6873,PIRACAIA,5010-0,DIRIGIR VEICULO SEM POSSUIR CNH/PPD/ACC,SP,MOTOCICLO,PARTICULAR,5,8,2026
6469,GUARATINGUETA,6408-0,PORTAR NO VEICULO PLACAS DE IDENTIFICACAO EM DESACORDO C/ ESPECIF/MODELO CONTRAN,SP,MOTOCICLO,PARTICULAR,2,8,2026
6307,CAPELA DO ALTO,6530-0,USAR NO VEICULO EQUIP C/ SOM EM VOLUME/FREQUENCIA NAO AUTORIZADOS PELO CONTRAN,SP,AUTOMOVEL,PARTICULAR,2,8,2026
7117,SAO SEBASTIAO DA GRAMA,6599-2,CONDUZIR O VEICULO REGISTRADO QUE NAO ESTEJA DEVIDAMENTE LICENCIADO,SP,MOTOCICLO,PARTICULAR,1,8,2026
7133,SERRA NEGRA,5096-0,ENTREGAR VEICULO A PESSOA COM CNH/PPD VENCIDA HA MAIS DE 30 DIAS,SP,MOTOCICLO,PARTICULAR,1,8,2026
7057,SANTO ANDRE,5185-1,Deixar o condutor de usar o cinto seguranca,SP,CAMIONETA,PARTICULAR,3,8,2026
7107,SAO PAULO,6769-0,"CONDUZIR VEIC C/ DEFEITO NO SIST DE ILUMINACAO, SINALIZ OU LAMPADAS QUEIMADAS",SP,CAMINHONET,PARTICULAR,21,8,2026
6477,GUARULHOS,6610-2,CONDUZIR O VEICULO COM CARACTERISTICA ALTERADA,SP,MOTOCICLO,PARTICULAR,1,8,2026
6853,PERUIBE,6599-2,CONDUZIR O VEICULO REGISTRADO QUE NAO ESTEJA DEVIDAMENTE LICENCIADO,SP,AUTOMOVEL,PARTICULAR,8,8,2026
7107,SAO PAULO,5266-2,PARTICIPAR NA VIA COMO CONDUTOR EM EVENTOS ORGANIZADOS SEM PERMISSAO,SP,MOTOCICLO,PARTICULAR,18,8,2026
7107,SAO PAULO,7773-2,ENTREGAR VEICULO A PESSOA SEM POSSUIR CURSOS ESPECIFICOS OBRIGATORIOS,Outras UFs,AUTOMOVEL,PARTICULAR,1,8,2026
6125,ALVARES MACHADO,6599-2,CONDUZIR O VEICULO REGISTRADO QUE NAO ESTEJA DEVIDAMENTE LICENCIADO,SP,MOTOCICLO,PARTICULAR,2,8,2026
7083,SAO JOAO DA BOA VISTA,5185-1,Deixar o condutor de usar o cinto seguranca,SP,AUTOMOVEL,PARTICULAR,3,8,2026
6221,BEBEDOURO,7340-0,DIRIGIR O VEIC USANDO CALCADO QUE N SE FIRME NOS PES/COMPROMETA UTILIZ PEDAIS,SP,MOTOCICLO,PARTICULAR,5,8,2026
6807,PALMITAL,5193-0,Transportar crianca sem observancia das normas de seguranca estabelecidas p/ CTB,SP,AUTOMOVEL,PARTICULAR,2,8,2026
6311,CARAGUATATUBA,6599-2,CONDUZIR O VEICULO REGISTRADO QUE NAO ESTEJA DEVIDAMENTE LICENCIADO,SP,MOTOCICLO,PARTICULAR,1,8,2026
7145,SOROCABA,5843-4,"Deixar de indicar c/ antec, med gesto de braco/luz indicadora, mudanca de faixa",SP,CAMIONETA,PARTICULAR,1,8,2026
7091,SAO JOSE DA BELA VISTA,6530-0,USAR NO VEICULO EQUIP C/ SOM EM VOLUME/FREQUENCIA NAO AUTORIZADOS PELO CONTRAN,SP,AUTOMOVEL,PARTICULAR,2,8,2026
6931,PRESIDENTE VENCESLAU,5185-1,Deixar o condutor de usar o cinto seguranca,SP,CAMINHONET,PARTICULAR,1,8,2026
6475,GUARUJA,5010-0,DIRIGIR VEICULO SEM POSSUIR CNH/PPD/ACC,SP,MOTOCICLO,PARTICULAR,1,8,2026
7071,SANTOS,5118-0,PERMITIR POSSE/CONDUCAO DO VEICULO A PESSOA SEM CNH/PPD/ACC,Outras UFs,MOTOCICLO,PARTICULAR,1,8,2026
7107,SAO PAULO,6920-1,"Deixar de efetuar registro do veiculo em 30 dias, qdo for transf a propriedade",SP,CICLOMOTO,PARTICULAR,50,8,2026
7107,SAO PAULO,6920-1,"Deixar de efetuar registro do veiculo em 30 dias, qdo for transf a propriedade",SP,ONIBUS,OFICIAL,1,8,2026
7107,SAO PAULO,5843-4,"Deixar de indicar c/ antec, med gesto de braco/luz indicadora, mudanca de faixa",SP,AUTOMOVEL,PARTICULAR,60,8,2026
7099,SAO JOSE DOS CAMPOS,6602-0,CONDUZIR O VEICULO COM QUALQUER UMA DAS PLACAS SEM LEGIBILIDADE E VISIBILIDADE,SP,MOTOCICLO,PARTICULAR,3,8,2026
6401,EMBU DAS ARTES,6599-2,CONDUZIR O VEICULO REGISTRADO QUE NAO ESTEJA DEVIDAMENTE LICENCIADO,SP,MOTOCICLO,PARTICULAR,2,8,2026
6291,CAMPINAS,7633-2,Dirigir veiculo manuseando telefone celular,SP,CAMIONETA,PARTICULAR,1,8,2026
7099,SAO JOSE DOS CAMPOS,6645-0,CONDUZIR O VEICULO COM EQUIP OBRIGATORIO EM DESACORDO COM O ESTAB PELO CONTRAN,SP,MOTOCICLO,PARTICULAR,2,8,2026
6601,JANDIRA,6637-2,CONDUZIR O VEICULO COM EQUIPAMENTO OBRIGATORIO INEFICIENTE/INOPERANTE,SP,MOTOCICLO,PARTICULAR,1,8,2026
7097,SAO JOSE DO RIO PRETO,6637-2,CONDUZIR O VEICULO COM EQUIPAMENTO OBRIGATORIO INEFICIENTE/INOPERANTE,SP,MOTOCICLO,PARTICULAR,2,8,2026
6505,IGARATA,6530-0,USAR NO VEICULO EQUIP C/ SOM EM VOLUME/FREQUENCIA NAO AUTORIZADOS PELO CONTRAN,SP,CAMINHONET,PARTICULAR,1,8,2026
7183,TAUBATE,5738-0,TRANSITAR PELA CONTRAMAO DE DIRECAO EM VIA C/ SINALIZACAO DE REGUL SENTIDO UNICO,Outras UFs,MOTOCICLO,PARTICULAR,1,8,2026
6529,IRACEMAPOLIS,5010-0,DIRIGIR VEICULO SEM POSSUIR CNH/PPD/ACC,SP,MOTONETA,PARTICULAR,1,8,2026
6183,AURIFLAMA,5169-1,DIRIGIR SOB A INFLUENCIA DE ALCOOL,SP,AUTOMOVEL,PARTICULAR,1,8,2026
6125,ALVARES MACHADO,5215-1,Dirigir ameacando os pedestres que estejam atravessando a via publica,SP,MOTOCICLO,PARTICULAR,1,8,2026
7151,SUZANO,5878-0,"ULTRAPASSAR PELA DIREITA, SALVO QDO VEIC DA FRENTE DER SINAL P/ ENTRAR ESQUERDA",SP,MICROONIB,ALUGUEL,1,8,2026
7107,SAO PAULO,5690-0,TRANSITAR NA FAIXA/PISTA DA ESQUERDA REGUL CIRCULACAO EXCLUSIVA DETERM VEICULO,SP,CAMINHONET,PARTICULAR,1,8,2026
6933,PROMISSAO,6653-1,CONDUZIR O VEICULO COM DESCARGA LIVRE,SP,MOTOCICLO,PARTICULAR,2,8,2026
7107,SAO PAULO,6599-2,CONDUZIR O VEICULO REGISTRADO QUE NAO ESTEJA DEVIDAMENTE LICENCIADO,SP,AUTOMOVEL,PARTICULAR,1058,8,2026
6969,RIBEIRAO PRETO,6599-2,CONDUZIR O VEICULO REGISTRADO QUE NAO ESTEJA DEVIDAMENTE LICENCIADO,SP,AUTOMOVEL,PARTICULAR,8,8,2026
6401,EMBU DAS ARTES,6599-2,CONDUZIR O VEICULO REGISTRADO QUE NAO ESTEJA DEVIDAMENTE LICENCIADO,SP,CAMINHONET,PARTICULAR,2,8,2026
7105,SAO MIGUEL ARCANJO,5738-0,TRANSITAR PELA CONTRAMAO DE DIRECAO EM VIA C/ SINALIZACAO DE REGUL SENTIDO UNICO,SP,AUTOMOVEL,PARTICULAR,1,8,2026
6795,OURINHOS,6602-0,CONDUZIR O VEICULO COM QUALQUER UMA DAS PLACAS SEM LEGIBILIDADE E VISIBILIDADE,Outras UFs,MOTOCICLO,PARTICULAR,1,8,2026
7213,UCHOA,7030-1,Conduzir motoc/moton/ciclom s/ capacete de seguranca,SP,MOTOCICLO,PARTICULAR,1,8,2026
7107,SAO PAULO,7633-2,Dirigir veiculo manuseando telefone celular,SP,CAMIONETA,PARTICULAR,70,8,2026
6165,ARARAS,6599-2,CONDUZIR O VEICULO REGISTRADO QUE NAO ESTEJA DEVIDAMENTE LICENCIADO,SP,CAMIONETA,PARTICULAR,1,8,2026
6875,PIRACICABA,6637-1,CONDUZIR O VEICULO SEM EQUIPAMENTO OBRIGATORIO,SP,MOTOCICLO,PARTICULAR,2,8,2026
6555,ITAPOLIS,6726-1,"CONDUZIR O VEICULO EM MAU ESTADO DE CONSERVACAO, COMPROMETENDO A SEGURANCA",SP,AUTOMOVEL,PARTICULAR,1,8,2026
2947,CANITAR,6599-2,CONDUZIR O VEICULO REGISTRADO QUE NAO ESTEJA DEVIDAMENTE LICENCIADO,Outras UFs,AUTOMOVEL,,1,8,2026
6711,MOCOCA,7544-1,Falta de escrituracao livro registro entrada/saida e de uso placa de experiencia,SP,AUTOMOVEL,PARTICULAR,16,8,2026
7113,SAO ROQUE,5118-0,PERMITIR POSSE/CONDUCAO DO VEICULO A PESSOA SEM CNH/PPD/ACC,SP,MOTOCICLO,PARTICULAR,3,8,2026
6435,GARCA,6726-1,"CONDUZIR O VEICULO EM MAU ESTADO DE CONSERVACAO, COMPROMETENDO A SEGURANCA",SP,AUTOMOVEL,PARTICULAR,3,8,2026
6563,ITAQUAQUECETUBA,7030-1,Conduzir motoc/moton/ciclom s/ capacete de seguranca,SP,MOTOCICLO,PARTICULAR,1,8,2026
6563,ITAQUAQUECETUBA,5738-0,TRANSITAR PELA CONTRAMAO DE DIRECAO EM VIA C/ SINALIZACAO DE REGUL SENTIDO UNICO,SP,MOTOCICLO,PARTICULAR,1,8,2026
6393,DUMONT,5185-1,Deixar o condutor de usar o cinto seguranca,SP,AUTOMOVEL,PARTICULAR,10,8,2026
6603,JARDINOPOLIS,6645-0,CONDUZIR O VEICULO COM EQUIP OBRIGATORIO EM DESACORDO COM O ESTAB PELO CONTRAN,SP,MOTOCICLO,PARTICULAR,2,8,2026
6619,JUNDIAI,6726-1,"CONDUZIR O VEICULO EM MAU ESTADO DE CONSERVACAO, COMPROMETENDO A SEGURANCA",SP,AUTOMOVEL,PARTICULAR,1,8,2026
7107,SAO PAULO,6637-1,CONDUZIR O VEICULO SEM EQUIPAMENTO OBRIGATORIO,SP,MOTOCICLO,PARTICULAR,32,8,2026
6219,BAURU,7234-0,"EM MOVIMENTO, DEIXAR DE MANTER ACESA A LUZ BAIXA DURANTE A NOITE",SP,MOTOCICLO,PARTICULAR,2,8,2026
7151,SUZANO,7633-1,Dirigir veiculo segurando telefone celular,SP,MICROONIB,ALUGUEL,1,8,2026
2957,VARGEM,5118-0,PERMITIR POSSE/CONDUCAO DO VEICULO A PESSOA SEM CNH/PPD/ACC,SP,MOTOCICLO,PARTICULAR,1,8,2026
7177,TAQUARITUBA,7340-0,DIRIGIR O VEIC USANDO CALCADO QUE N SE FIRME NOS PES/COMPROMETA UTILIZ PEDAIS,SP,MOTOCICLO,PARTICULAR,1,8,2026
7083,SAO JOAO DA BOA VISTA,7056-1,CONDUZIR MOTOC/MOTON/CICLOMOTOR FAZENDO MALABARISMO/EQUILIBRANDO-SE EM UMA RODA,SP,MOTOCICLO,PARTICULAR,1,8,2026
7107,SAO PAULO,5843-3,"Deixar de indicar c/ antec, med gesto de braco/luz indicadora, mudanca direcao",SP,MOTOCICLO,PARTICULAR,7,8,2026
6717,MOGI-MIRIM,6653-2,CONDUZIR O VEICULO COM SILENCIADOR DE MOTOR DEFEITUOSO/DEFICIENTE/INOPERANTE,SP,MOTOCICLO,PARTICULAR,1,8,2026
6219,BAURU,7773-2,ENTREGAR VEICULO A PESSOA SEM POSSUIR CURSOS ESPECIFICOS OBRIGATORIOS,SP,AUTOMOVEL,PARTICULAR,2,8,2026
6425,FRANCA,7544-1,Falta de escrituracao livro registro entrada/saida e de uso placa de experiencia,SP,CAMIONETA,PARTICULAR,6,8,2026
6435,GARCA,5010-0,DIRIGIR VEICULO SEM POSSUIR CNH/PPD/ACC,SP,MOTOCICLO,PARTICULAR,3,8,2026
6313,CARAPICUIBA,5029-2,DIRIGIR VEICULO COM CNH/PPD/ACC COM SUSPENSAO DO DIREITO DE DIRIGIR,SP,AUTOMOVEL,PARTICULAR,1,8,2026
2949,ENGENHEIRO COELHO,5185-1,Deixar o condutor de usar o cinto seguranca,SP,AUTOMOVEL,PARTICULAR,1,8,2026
6131,AMERICANA,6050-1,AVAN O SIN VERM DO SEMAF EXC SE HOUVER SINALIZ PERM LIVRE CONV A DIR,SP,CAMINHONET,PARTICULAR,1,8,2026
6179,ASSIS,5010-0,DIRIGIR VEICULO SEM POSSUIR CNH/PPD/ACC,SP,AUTOMOVEL,PARTICULAR,1,8,2026
6429,FRANCO DA ROCHA,6122-0,DEIXAR DE DAR PREFERENCIA A PEDESTRE/VEIC N MOTORIZADO NA FAIXA A ELE DESTINADA,SP,AUTOMOVEL,PARTICULAR,3,8,2026
7107,SAO PAULO,5010-0,DIRIGIR VEICULO SEM POSSUIR CNH/PPD/ACC,Outras UFs,AUTOMOVEL,,1,8,2026
7107,SAO PAULO,6920-1,"Deixar de efetuar registro do veiculo em 30 dias, qdo for transf a propriedade",SP,TR. RODAS,PARTICULAR,10,8,2026
6547,ITAPETININGA,6530-0,USAR NO VEICULO EQUIP C/ SOM EM VOLUME/FREQUENCIA NAO AUTORIZADOS PELO CONTRAN,SP,AUTOMOVEL,PARTICULAR,3,8,2026
7107,SAO PAULO,5215-1,Dirigir ameacando os pedestres que estejam atravessando a via publica,SP,CAMIONETA,PARTICULAR,3,8,2026
7107,SAO PAULO,5819-6,TRANSITAR COM O VEICULO EM MARCAS DE CANALIZACAO,Outras UFs,AUTOMOVEL,PARTICULAR,1,8,2026
6621,JUNQUEIROPOLIS,5185-1,Deixar o condutor de usar o cinto seguranca,Outras UFs,CAMINHONET,PARTICULAR,1,8,2026
7107,SAO PAULO,5061-0,ENTREGAR VEICULO A PESSOA SEM CNH/PPD/ACC,SP,AUTOMOVEL,PARTICULAR,4,8,2026
7135,SERTAOZINHO,5738-0,TRANSITAR PELA CONTRAMAO DE DIRECAO EM VIA C/ SINALIZACAO DE REGUL SENTIDO UNICO,SP,MOTOCICLO,PARTICULAR,1,8,2026
6529,IRACEMAPOLIS,6653-1,CONDUZIR O VEICULO COM DESCARGA LIVRE,SP,MOTOCICLO,PARTICULAR,1,8,2026
6219,BAURU,7684-2,Cond motoc/moton/ciclom c/ util cap de seg c/ vis/ocul prot des c/ regul Contran,SP,MOTOCICLO,PARTICULAR,7,8,2026
6425,FRANCA,5010-0,DIRIGIR VEICULO SEM POSSUIR CNH/PPD/ACC,SP,AUTOMOVEL,PARTICULAR,1,8,2026
7097,SAO JOSE DO RIO PRETO,6637-1,CONDUZIR O VEICULO SEM EQUIPAMENTO OBRIGATORIO,SP,MOTOCICLO,PARTICULAR,1,8,2026
7017,SANTA BARBARA DO OESTE,6645-0,CONDUZIR O VEICULO COM EQUIP OBRIGATORIO EM DESACORDO COM O ESTAB PELO CONTRAN,SP,MOTOCICLO,PARTICULAR,1,8,2026
2949,ENGENHEIRO COELHO,5835-0,Desobedecer as ordens emanadas da autorid compet de transito ou de seus agentes,SP,MOTOCICLO,PARTICULAR,1,8,2026
7107,SAO PAULO,7366-1,DIRIGIR O VEICULO UTILIZANDO-SE DE FONES NOS OUVIDOS CONEC A APARELHAGEM SONORA,SP,CAMIONETA,PARTICULAR,2,8,2026
6369,CRUZEIRO,5096-0,ENTREGAR VEICULO A PESSOA COM CNH/PPD VENCIDA HA MAIS DE 30 DIAS,SP,MOTOCICLO,PARTICULAR,1,8,2026
7107,SAO PAULO,6920-1,"Deixar de efetuar registro do veiculo em 30 dias, qdo for transf a propriedade",SP,S. REBOQUE,PARTICULAR,140,8,2026
7107,SAO PAULO,6920-3,"Deixar de efetuar reg de veic em 30 dias, qdo for alterada qquer caract do veic",SP,CAMINHONET,ALUGUEL,7,8,2026
6713,MOGI DAS CRUZES,6653-1,CONDUZIR O VEICULO COM DESCARGA LIVRE,SP,AUTOMOVEL,PARTICULAR,9,8,2026
6815,PARAISO,6599-2,CONDUZIR O VEICULO REGISTRADO QUE NAO ESTEJA DEVIDAMENTE LICENCIADO,SP,AUTOMOVEL,PARTICULAR,1,8,2026
7107,SAO PAULO,7617-2,"USAR QQ VEICULO PARA, DELIB, RESTRINGIR CIRCULACAO NA VIA SEM AUT DO ORGAO",SP,CAMINHONET,PARTICULAR,1,8,2026
6251,BRAGANCA PAULISTA,5800-0,DEIXAR GUARDAR DIST SEGURANCA LAT/FRONT ENTRE SEU VEIC E DEMAIS E AO BORDO PISTA,SP,MOTOCICLO,PARTICULAR,1,8,2026
802,JUMIRIM,5169-1,DIRIGIR SOB A INFLUENCIA DE ALCOOL,SP,CAMINHONET,PARTICULAR,1,8,2026
6985,RIOLANDIA,6530-0,USAR NO VEICULO EQUIP C/ SOM EM VOLUME/FREQUENCIA NAO AUTORIZADOS PELO CONTRAN,SP,AUTOMOVEL,PARTICULAR,1,8,2026
6219,BAURU,5843-3,"Deixar de indicar c/ antec, med gesto de braco/luz indicadora, mudanca direcao",SP,CAMINHONET,PARTICULAR,3,8,2026
6563,ITAQUAQUECETUBA,5185-1,Deixar o condutor de usar o cinto seguranca,SP,AUTOMOVEL,PARTICULAR,4,8,2026
6969,RIBEIRAO PRETO,7684-2,Cond motoc/moton/ciclom c/ util cap de seg c/ vis/ocul prot des c/ regul Contran,SP,CICLOMOTO,PARTICULAR,1,8,2026
6789,OSASCO,5185-1,Deixar o condutor de usar o cinto seguranca,SP,AUTOMOVEL,PARTICULAR,3,8,2026
7145,SOROCABA,5843-4,"Deixar de indicar c/ antec, med gesto de braco/luz indicadora, mudanca de faixa",SP,AUTOMOVEL,PARTICULAR,1,8,2026
7121,SAO VICENTE,5185-1,Deixar o condutor de usar o cinto seguranca,SP,CAMIONETA,PARTICULAR,1,8,2026
6931,PRESIDENTE VENCESLAU,5010-0,DIRIGIR VEICULO SEM POSSUIR CNH/PPD/ACC,SP,AUTOMOVEL,PARTICULAR,1,8,2026
6969,RIBEIRAO PRETO,6050-1,AVAN O SIN VERM DO SEMAF EXC SE HOUVER SINALIZ PERM LIVRE CONV A DIR,SP,AUTOMOVEL,PARTICULAR,4,8,2026
7037,SANTA ISABEL,5835-0,Desobedecer as ordens emanadas da autorid compet de transito ou de seus agentes,SP,MOTOCICLO,PARTICULAR,2,8,2026
7099,SAO JOSE DOS CAMPOS,5207-0,Dirigir sem atencao ou sem os cuidados indispensaveis a seguranca,SP,UTILITARIO,PARTICULAR,1,8,2026
7121,SAO VICENTE,6050-1,AVAN O SIN VERM DO SEMAF EXC SE HOUVER SINALIZ PERM LIVRE CONV A DIR,SP,MOTONETA,PARTICULAR,1,8,2026
7145,SOROCABA,7684-2,Cond motoc/moton/ciclom c/ util cap de seg c/ vis/ocul prot des c/ regul Contran,SP,MOTOCICLO,PARTICULAR,1,8,2026
7165,TAIUVA,7579-0,"REC SUB TEST, EX CLIN, PERIC OU PROC Q PERM CERT INFL ALC/SUB PSIC FOR ART. 277",SP,AUTOMOVEL,PARTICULAR,1,8,2026
6105,AGUAI,6653-1,CONDUZIR O VEICULO COM DESCARGA LIVRE,SP,MOTOCICLO,PARTICULAR,2,8,2026
6969,RIBEIRAO PRETO,5843-3,"Deixar de indicar c/ antec, med gesto de braco/luz indicadora, mudanca direcao",SP,AUTOMOVEL,PARTICULAR,1,8,2026
6789,OSASCO,5070-2,ENTREGAR VEICULO A PESSOA COM CNH/PPD/ACC COM SUSP. DO DIREITO DE DIRIGIR,SP,MOTOCICLO,PARTICULAR,1,8,2026
7107,SAO PAULO,5118-0,PERMITIR POSSE/CONDUCAO DO VEICULO A PESSOA SEM CNH/PPD/ACC,SP,MOTONETA,PARTICULAR,3,8,2026
7107,SAO PAULO,5789-0,SEGUIR VEICULO EM SERV URGENCIA DEVID IDENTIFIC P/ ALARME SONORO/ILUM VERMELHA,SP,AUTOMOVEL,PARTICULAR,1,8,2026
7057,SANTO ANDRE,7633-2,Dirigir veiculo manuseando telefone celular,SP,AUTOMOVEL,PARTICULAR,3,8,2026
7107,SAO PAULO,6017-5,EXECUTAR OPERACAO DE RETORNO PASSANDO POR CIMA DE FAIXA DE PEDESTRES,Outras UFs,UTILITARIO,PARTICULAR,1,8,2026
2959,ESTIVA GERBI,5118-0,PERMITIR POSSE/CONDUCAO DO VEICULO A PESSOA SEM CNH/PPD/ACC,SP,MOTOCICLO,PARTICULAR,1,8,2026
7157,TABOAO DA SERRA,7374-0,BLOQUEAR A VIA COM VEICULO,SP,AUTOMOVEL,PARTICULAR,4,8,2026
6481,HERCULANDIA,5010-0,DIRIGIR VEICULO SEM POSSUIR CNH/PPD/ACC,Outras UFs,MOTOCICLO,,1,8,2026
2965,BERTIOGA,5185-1,Deixar o condutor de usar o cinto seguranca,SP,AUTOMOVEL,PARTICULAR,5,8,2026
6291,CAMPINAS,5819-1,"TRANSITAR COM O VEICULO EM CALCADAS, PASSEIOS",SP,MOTONETA,PARTICULAR,1,8,2026
7107,SAO PAULO,5819-1,"TRANSITAR COM O VEICULO EM CALCADAS, PASSEIOS",SP,MOTOCICLO,PARTICULAR,14,8,2026
6671,MAIRIPORA,6599-2,CONDUZIR O VEICULO REGISTRADO QUE NAO ESTEJA DEVIDAMENTE LICENCIADO,SP,AUTOMOVEL,PARTICULAR,1,8,2026
7091,SAO JOSE DA BELA VISTA,6599-2,CONDUZIR O VEICULO REGISTRADO QUE NAO ESTEJA DEVIDAMENTE LICENCIADO,SP,MOTOCICLO,PARTICULAR,1,8,2026
7107,SAO PAULO,7579-0,"REC SUB TEST, EX CLIN, PERIC OU PROC Q PERM CERT INFL ALC/SUB PSIC FOR ART. 277",SP,UTILITARIO,PARTICULAR,12,8,2026
6715,MOGI-GUACU,5185-1,Deixar o condutor de usar o cinto seguranca,SP,AUTOMOVEL,PARTICULAR,18,8,2026
6251,BRAGANCA PAULISTA,6653-1,CONDUZIR O VEICULO COM DESCARGA LIVRE,SP,MOTOCICLO,PARTICULAR,2,8,2026
7083,SAO JOAO DA BOA VISTA,6653-2,CONDUZIR O VEICULO COM SILENCIADOR DE MOTOR DEFEITUOSO/DEFICIENTE/INOPERANTE,SP,MOTOCICLO,PARTICULAR,1,8,2026
6477,GUARULHOS,5185-1,Deixar o condutor de usar o cinto seguranca,SP,AUTOMOVEL,PARTICULAR,20,8,2026
6713,MOGI DAS CRUZES,6050-1,AVAN O SIN VERM DO SEMAF EXC SE HOUVER SINALIZ PERM LIVRE CONV A DIR,SP,AUTOMOVEL,PARTICULAR,2,8,2026
7107,SAO PAULO,7013-1,Fazer falsa declaracao de domicilio para fins de registro/licenciamento,SP,CAMIONETA,PARTICULAR,1,8,2026
2993,POTIM,6599-2,CONDUZIR O VEICULO REGISTRADO QUE NAO ESTEJA DEVIDAMENTE LICENCIADO,SP,UTILITARIO,PARTICULAR,1,8,2026
7107,SAO PAULO,6599-2,CONDUZIR O VEICULO REGISTRADO QUE NAO ESTEJA DEVIDAMENTE LICENCIADO,SP,UTILITARIO,PARTICULAR,34,8,2026
7057,SANTO ANDRE,5207-0,Dirigir sem atencao ou sem os cuidados indispensaveis a seguranca,SP,MOTOCICLO,PARTICULAR,2,8,2026
6213,BARUERI,5185-1,Deixar o condutor de usar o cinto seguranca,SP,AUTOMOVEL,PARTICULAR,4,8,2026
6551,ITAPEVI,5843-3,"Deixar de indicar c/ antec, med gesto de braco/luz indicadora, mudanca direcao",SP,MOTOCICLO,PARTICULAR,3,8,2026
6619,JUNDIAI,7684-1,Cond motoc/moton/ciclom c/ util cap de seg s/ vis/ocul prot,SP,MOTOCICLO,PARTICULAR,1,8,2026
6969,RIBEIRAO PRETO,7340-0,DIRIGIR O VEIC USANDO CALCADO QUE N SE FIRME NOS PES/COMPROMETA UTILIZ PEDAIS,SP,MOTOCICLO,PARTICULAR,9,8,2026
7267,TARUMA,6599-2,CONDUZIR O VEICULO REGISTRADO QUE NAO ESTEJA DEVIDAMENTE LICENCIADO,SP,AUTOMOVEL,PARTICULAR,1,8,2026
7107,SAO PAULO,5002-0,"Multa, por nao identificacao do condutor infrator, imposta a pessoa juridica",Outras UFs,UTILITARIO,PARTICULAR,3,8,2026
6749,NAZARE PAULISTA,5070-2,ENTREGAR VEICULO A PESSOA COM CNH/PPD/ACC COM SUSP. DO DIREITO DE DIRIGIR,SP,MOTOCICLO,PARTICULAR,1,8,2026
6637,LENCOIS PAULISTA,7579-0,"REC SUB TEST, EX CLIN, PERIC OU PROC Q PERM CERT INFL ALC/SUB PSIC FOR ART. 277",SP,MOTONETA,PARTICULAR,1,8,2026
6711,MOCOCA,6599-2,CONDUZIR O VEICULO REGISTRADO QUE NAO ESTEJA DEVIDAMENTE LICENCIADO,SP,MOTOCICLO,PARTICULAR,2,8,2026
6313,CARAPICUIBA,7684-2,Cond motoc/moton/ciclom c/ util cap de seg c/ vis/ocul prot des c/ regul Contran,SP,MOTOCICLO,PARTICULAR,4,8,2026
6749,NAZARE PAULISTA,6726-1,"CONDUZIR O VEICULO EM MAU ESTADO DE CONSERVACAO, COMPROMETENDO A SEGURANCA",SP,MOTOCICLO,PARTICULAR,1,8,2026
7107,SAO PAULO,5819-1,"TRANSITAR COM O VEICULO EM CALCADAS, PASSEIOS",SP,AUTOMOVEL,PARTICULAR,3,8,2026
7047,SANTANA DE PARNAIBA,5215-1,Dirigir ameacando os pedestres que estejam atravessando a via publica,SP,MOTOCICLO,PARTICULAR,1,8,2026
6219,BAURU,7056-1,CONDUZIR MOTOC/MOTON/CICLOMOTOR FAZENDO MALABARISMO/EQUILIBRANDO-SE EM UMA RODA,SP,MOTOCICLO,PARTICULAR,1,8,2026
6795,OURINHOS,6408-0,PORTAR NO VEICULO PLACAS DE IDENTIFICACAO EM DESACORDO C/ ESPECIF/MODELO CONTRAN,SP,MOTOCICLO,PARTICULAR,1,8,2026
6165,ARARAS,6610-2,CONDUZIR O VEICULO COM CARACTERISTICA ALTERADA,SP,AUTOMOVEL,PARTICULAR,1,8,2026
6105,AGUAI,7340-0,DIRIGIR O VEIC USANDO CALCADO QUE N SE FIRME NOS PES/COMPROMETA UTILIZ PEDAIS,SP,MOTOCICLO,PARTICULAR,4,8,2026
6131,AMERICANA,7099-1,CONDUZIR MOTOCICLETA/MOTONETA/CICLOMOTOR SEM SEGURAR O GUIDOM COM AMBAS AS MAOS,SP,MOTOCICLO,PARTICULAR,1,8,2026
7151,SUZANO,5185-1,Deixar o condutor de usar o cinto seguranca,SP,CAMIONETA,PARTICULAR,1,8,2026
7107,SAO PAULO,5207-0,Dirigir sem atencao ou sem os cuidados indispensaveis a seguranca,Outras UFs,AUTOMOVEL,PARTICULAR,2,8,2026
6291,CAMPINAS,5088-1,ENTREGAR VEICULO A PESSOA COM CNH DE CATEGORIA DIFERENTE DA DO VEICULO,SP,MOTOCICLO,PARTICULAR,2,8,2026
7077,SAO CAETANO DO SUL,6599-2,CONDUZIR O VEICULO REGISTRADO QUE NAO ESTEJA DEVIDAMENTE LICENCIADO,SP,AUTOMOVEL,PARTICULAR,8,8,2026
6887,PIRASSUNUNGA,5738-0,TRANSITAR PELA CONTRAMAO DE DIRECAO EM VIA C/ SINALIZACAO DE REGUL SENTIDO UNICO,SP,AUTOMOVEL,PARTICULAR,1,8,2026
6173,ARIRANHA,5118-0,PERMITIR POSSE/CONDUCAO DO VEICULO A PESSOA SEM CNH/PPD/ACC,SP,CAMINHONET,PARTICULAR,1,8,2026
6451,GUAPIACU,5940-1,ULTRAPASSAR PELA CONTRAMAO NAS PONTES,SP,AUTOMOVEL,PARTICULAR,1,8,2026
6377,DIADEMA,6599-2,CONDUZIR O VEICULO REGISTRADO QUE NAO ESTEJA DEVIDAMENTE LICENCIADO,SP,MOTOCICLO,PARTICULAR,2,8,2026
7107,SAO PAULO,5185-1,Deixar o condutor de usar o cinto seguranca,Outras UFs,CAMINHAO,PARTICULAR,1,8,2026
6639,LIMEIRA,5207-0,Dirigir sem atencao ou sem os cuidados indispensaveis a seguranca,SP,MOTOCICLO,PARTICULAR,1,8,2026
6375,DESCALVADO,5045-0,DIRIGIR VEICULO COM VALIDADE DE CNH/PPD VENCIDA HA MAIS DE 30 DIAS,SP,AUTOMOVEL,PARTICULAR,3,8,2026
7145,SOROCABA,5029-2,DIRIGIR VEICULO COM CNH/PPD/ACC COM SUSPENSAO DO DIREITO DE DIRIGIR,SP,MOTOCICLO,PARTICULAR,4,8,2026
7107,SAO PAULO,5070-2,ENTREGAR VEICULO A PESSOA COM CNH/PPD/ACC COM SUSP. DO DIREITO DE DIRIGIR,SP,AUTOMOVEL,PARTICULAR,13,8,2026
6795,OURINHOS,7056-1,CONDUZIR MOTOC/MOTON/CICLOMOTOR FAZENDO MALABARISMO/EQUILIBRANDO-SE EM UMA RODA,SP,MOTOCICLO,PARTICULAR,1,8,2026
7089,SAO JOAQUIM DA BARRA,6653-1,CONDUZIR O VEICULO COM DESCARGA LIVRE,SP,MOTOCICLO,PARTICULAR,2,8,2026
7157,TABOAO DA SERRA,5185-1,Deixar o condutor de usar o cinto seguranca,SP,AUTOMOVEL,PARTICULAR,1,8,2026
7055,SANTO ANASTACIO,6670-0,CONDUZIR O VEICULO C/ EQUIP DO SISTEMA DE ILUMINACAO E DE SINALIZACAO ALTERADOS,SP,MOTOCICLO,PARTICULAR,1,8,2026
6579,ITU,5010-0,DIRIGIR VEICULO SEM POSSUIR CNH/PPD/ACC,SP,AUTOMOVEL,PARTICULAR,2,8,2026
6323,CATANDUVA,5274-1,UTILIZ VEIC DEMONST/EXIBIR MANOBRA PERIGOSA MEDIANTE ARRANCADA BRUSCA,SP,MOTOCICLO,PARTICULAR,1,8,2026
6779,OLIMPIA,6599-2,CONDUZIR O VEICULO REGISTRADO QUE NAO ESTEJA DEVIDAMENTE LICENCIADO,SP,AUTOMOVEL,PARTICULAR,1,8,2026
7091,SAO JOSE DA BELA VISTA,5185-1,Deixar o condutor de usar o cinto seguranca,SP,AUTOMOVEL,PARTICULAR,5,8,2026
6163,ARARAQUARA,7579-0,"REC SUB TEST, EX CLIN, PERIC OU PROC Q PERM CERT INFL ALC/SUB PSIC FOR ART. 277",SP,AUTOMOVEL,PARTICULAR,11,8,2026
6857,PIEDADE,5215-1,Dirigir ameacando os pedestres que estejam atravessando a via publica,SP,MOTOCICLO,PARTICULAR,1,8,2026
7137,SETE BARRAS,5550-0,ESTACIONAR EM LOCAL/HORARIO PROIBIDO ESPECIFICAMENTE PELA SINALIZACAO,SP,CAMINHONET,PARTICULAR,1,8,2026
6219,BAURU,7358-0,"DIRIGIR O VEICULO COM APENAS UMA DAS MAOS, EXCETO QUANDO PERMITIDO PELO CTB",SP,MOTOCICLO,PARTICULAR,1,8,2026
6713,MOGI DAS CRUZES,7234-0,"EM MOVIMENTO, DEIXAR DE MANTER ACESA A LUZ BAIXA DURANTE A NOITE",SP,CAMIONETA,PARTICULAR,1,8,2026
7047,SANTANA DE PARNAIBA,5010-0,DIRIGIR VEICULO SEM POSSUIR CNH/PPD/ACC,SP,MOTOCICLO,PARTICULAR,2,8,2026
6291,CAMPINAS,5118-0,PERMITIR POSSE/CONDUCAO DO VEICULO A PESSOA SEM CNH/PPD/ACC,SP,AUTOMOVEL,PARTICULAR,1,8,2026
6425,FRANCA,7579-0,"REC SUB TEST, EX CLIN, PERIC OU PROC Q PERM CERT INFL ALC/SUB PSIC FOR ART. 277",SP,CAMINHONET,PARTICULAR,2,8,2026
6137,AMPARO,5835-0,Desobedecer as ordens emanadas da autorid compet de transito ou de seus agentes,SP,MOTOCICLO,PARTICULAR,2,8,2026
6699,MIRACATU,5274-1,UTILIZ VEIC DEMONST/EXIBIR MANOBRA PERIGOSA MEDIANTE ARRANCADA BRUSCA,SP,MOTOCICLO,PARTICULAR,1,8,2026
6219,BAURU,6599-2,CONDUZIR O VEICULO REGISTRADO QUE NAO ESTEJA DEVIDAMENTE LICENCIADO,SP,AUTOMOVEL,PARTICULAR,10,8,2026
6313,CARAPICUIBA,6530-0,USAR NO VEICULO EQUIP C/ SOM EM VOLUME/FREQUENCIA NAO AUTORIZADOS PELO CONTRAN,SP,CAMINHONET,ALUGUEL,1,8,2026
7151,SUZANO,7340-0,DIRIGIR O VEIC USANDO CALCADO QUE N SE FIRME NOS PES/COMPROMETA UTILIZ PEDAIS,SP,AUTOMOVEL,PARTICULAR,2,8,2026
2957,VARGEM,6319-0,DEIXAR DE REDUZIR A VELOCIDADE NOS TRECHOS EM CURVA DE PEQUENO RAIO,SP,MOTOCICLO,PARTICULAR,1,8,2026
6795,OURINHOS,6599-2,CONDUZIR O VEICULO REGISTRADO QUE NAO ESTEJA DEVIDAMENTE LICENCIADO,Outras UFs,MOTOCICLO,,1,8,2026
6857,PIEDADE,5738-0,TRANSITAR PELA CONTRAMAO DE DIRECAO EM VIA C/ SINALIZACAO DE REGUL SENTIDO UNICO,SP,AUTOMOVEL,PARTICULAR,1,8,2026
6487,IBATE,5185-1,Deixar o condutor de usar o cinto seguranca,SP,AUTOMOVEL,PARTICULAR,3,8,2026
7225,VALINHOS,6653-1,CONDUZIR O VEICULO COM DESCARGA LIVRE,SP,MOTOCICLO,PARTICULAR,5,8,2026
6643,LINS,5207-0,Dirigir sem atencao ou sem os cuidados indispensaveis a seguranca,SP,MOTOCICLO,PARTICULAR,1,8,2026
6969,RIBEIRAO PRETO,7633-2,Dirigir veiculo manuseando telefone celular,SP,AUTOMOVEL,PARTICULAR,7,8,2026
7107,SAO PAULO,5169-1,DIRIGIR SOB A INFLUENCIA DE ALCOOL,SP,MOTOCICLO,PARTICULAR,1,8,2026
6627,LAGOINHA,7030-1,Conduzir motoc/moton/ciclom s/ capacete de seguranca,SP,MOTOCICLO,PARTICULAR,1,8,2026
6489,IBIRA,6408-0,PORTAR NO VEICULO PLACAS DE IDENTIFICACAO EM DESACORDO C/ ESPECIF/MODELO CONTRAN,SP,AUTOMOVEL,PARTICULAR,1,8,2026
7035,SANTA GERTRUDES,5126-1,PERMITIR POSSE/CONDUCAO DO VEICULO A PESSOA COM CNH/PPD/ACC CASSADA,SP,CAMIONETA,PARTICULAR,1,8,2026
7107,SAO PAULO,6920-3,"Deixar de efetuar reg de veic em 30 dias, qdo for alterada qquer caract do veic",SP,UTILITARIO,PARTICULAR,48,8,2026
6163,ARARAQUARA,7684-2,Cond motoc/moton/ciclom c/ util cap de seg c/ vis/ocul prot des c/ regul Contran,SP,AUTOMOVEL,PARTICULAR,1,8,2026
7107,SAO PAULO,6408-0,PORTAR NO VEICULO PLACAS DE IDENTIFICACAO EM DESACORDO C/ ESPECIF/MODELO CONTRAN,SP,MOTOCICLO,PARTICULAR,17,8,2026
6635,LEME,7285-0,"EM MOVIMENTO, DEIXAR DE MANTER A PLACA TRASEIRA ILUMINADA A NOITE",SP,MOTOCICLO,PARTICULAR,1,8,2026
6969,RIBEIRAO PRETO,5010-0,DIRIGIR VEICULO SEM POSSUIR CNH/PPD/ACC,SP,MOTOCICLO,PARTICULAR,6,8,2026
7181,TATUI,5525-0,ESTACIONAR NA CONTRAMAO DE DIRECAO,SP,AUTOMOVEL,PARTICULAR,1,8,2026
6313,CARAPICUIBA,6050-1,AVAN O SIN VERM DO SEMAF EXC SE HOUVER SINALIZ PERM LIVRE CONV A DIR,Outras UFs,UTILITARIO,PARTICULAR,1,8,2026
6635,LEME,6530-0,USAR NO VEICULO EQUIP C/ SOM EM VOLUME/FREQUENCIA NAO AUTORIZADOS PELO CONTRAN,SP,AUTOMOVEL,PARTICULAR,5,8,2026
6209,BARRETOS,6610-2,CONDUZIR O VEICULO COM CARACTERISTICA ALTERADA,SP,MOTOCICLO,PARTICULAR,1,8,2026
6787,ORLANDIA,6653-1,CONDUZIR O VEICULO COM DESCARGA LIVRE,SP,MOTOCICLO,PARTICULAR,1,8,2026
7107,SAO PAULO,5169-1,DIRIGIR SOB A INFLUENCIA DE ALCOOL,SP,AUTOMOVEL,PARTICULAR,9,8,2026
6717,MOGI-MIRIM,7340-0,DIRIGIR O VEIC USANDO CALCADO QUE N SE FIRME NOS PES/COMPROMETA UTILIZ PEDAIS,SP,MOTOCICLO,PARTICULAR,2,8,2026
7145,SOROCABA,6602-0,CONDUZIR O VEICULO COM QUALQUER UMA DAS PLACAS SEM LEGIBILIDADE E VISIBILIDADE,SP,AUTOMOVEL,PARTICULAR,1,8,2026
7107,SAO PAULO,5061-0,ENTREGAR VEICULO A PESSOA SEM CNH/PPD/ACC,SP,MOTONETA,PARTICULAR,3,8,2026
7107,SAO PAULO,7366-2,DIRIGIR VEICULO UTILIZANDO-SE DE TELEFONE CELULAR,SP,UTILITARIO,PARTICULAR,7,8,2026
6493,IBITINGA,5819-1,"TRANSITAR COM O VEICULO EM CALCADAS, PASSEIOS",SP,MOTOCICLO,PARTICULAR,5,8,2026
6847,PENAPOLIS,5550-0,ESTACIONAR EM LOCAL/HORARIO PROIBIDO ESPECIFICAMENTE PELA SINALIZACAO,SP,MOTOCICLO,PARTICULAR,4,8,2026
6749,NAZARE PAULISTA,6637-1,CONDUZIR O VEICULO SEM EQUIPAMENTO OBRIGATORIO,SP,MOTOCICLO,PARTICULAR,1,8,2026
6357,COSMOPOLIS,5010-0,DIRIGIR VEICULO SEM POSSUIR CNH/PPD/ACC,SP,CAMIONETA,PARTICULAR,1,8,2026
7099,SAO JOSE DOS CAMPOS,6599-2,CONDUZIR O VEICULO REGISTRADO QUE NAO ESTEJA DEVIDAMENTE LICENCIADO,SP,MOTONETA,PARTICULAR,3,8,2026
6429,FRANCO DA ROCHA,5185-1,Deixar o condutor de usar o cinto seguranca,SP,CAMINHONET,PARTICULAR,6,8,2026
6125,ALVARES MACHADO,6050-1,AVAN O SIN VERM DO SEMAF EXC SE HOUVER SINALIZ PERM LIVRE CONV A DIR,SP,CAMINHAO,ALUGUEL,1,8,2026
6545,ITAPECERICA DA SERRA,5096-0,ENTREGAR VEICULO A PESSOA COM CNH/PPD VENCIDA HA MAIS DE 30 DIAS,Outras UFs,AUTOMOVEL,,1,8,2026
7107,SAO PAULO,6920-1,"Deixar de efetuar registro do veiculo em 30 dias, qdo for transf a propriedade",SP,MOTOR CASA,PARTICULAR,7,8,2026
6285,CAJAMAR,5185-1,Deixar o condutor de usar o cinto seguranca,SP,CAMINHONET,PARTICULAR,1,8,2026
7107,SAO PAULO,6726-1,"CONDUZIR O VEICULO EM MAU ESTADO DE CONSERVACAO, COMPROMETENDO A SEGURANCA",SP,MOTOCICLO,PARTICULAR,38,8,2026
6639,LIMEIRA,7633-2,Dirigir veiculo manuseando telefone celular,SP,MOTOCICLO,PARTICULAR,1,8,2026
6875,PIRACICABA,5274-1,UTILIZ VEIC DEMONST/EXIBIR MANOBRA PERIGOSA MEDIANTE ARRANCADA BRUSCA,SP,AUTOMOVEL,PARTICULAR,1,8,2026
6475,GUARUJA,6041-2,EXECUTAR OPERACAO DE CONVERSAO A ESQUERDA EM LOCAL PROIBIDO PELA SINALIZACAO,SP,AUTOMOVEL,PARTICULAR,1,8,2026
6819,PARANAPUA,6530-0,USAR NO VEICULO EQUIP C/ SOM EM VOLUME/FREQUENCIA NAO AUTORIZADOS PELO CONTRAN,SP,AUTOMOVEL,PARTICULAR,1,8,2026
6935,QUATA,5835-0,Desobedecer as ordens emanadas da autorid compet de transito ou de seus agentes,SP,MOTOCICLO,PARTICULAR,1,8,2026
7121,SAO VICENTE,6041-2,EXECUTAR OPERACAO DE CONVERSAO A ESQUERDA EM LOCAL PROIBIDO PELA SINALIZACAO,SP,AUTOMOVEL,PARTICULAR,13,8,2026
2967,CAJATI,6637-1,CONDUZIR O VEICULO SEM EQUIPAMENTO OBRIGATORIO,SP,MOTOCICLO,PARTICULAR,1,8,2026
7075,SAO BERNARDO DO CAMPO,6408-0,PORTAR NO VEICULO PLACAS DE IDENTIFICACAO EM DESACORDO C/ ESPECIF/MODELO CONTRAN,SP,MOTOCICLO,PARTICULAR,2,8,2026
6271,CACAPAVA,5045-0,DIRIGIR VEICULO COM VALIDADE DE CNH/PPD VENCIDA HA MAIS DE 30 DIAS,SP,AUTOMOVEL,PARTICULAR,1,8,2026
7107,SAO PAULO,5185-2,Deixar o passageiro de usar o cinto seguranca,SP,CAMIONETA,PARTICULAR,7,8,2026
6873,PIRACAIA,6599-2,CONDUZIR O VEICULO REGISTRADO QUE NAO ESTEJA DEVIDAMENTE LICENCIADO,SP,MOTOCICLO,PARTICULAR,7,8,2026
7107,SAO PAULO,5185-1,Deixar o condutor de usar o cinto seguranca,SP,UTILITARIO,PARTICULAR,8,8,2026
7047,SANTANA DE PARNAIBA,5622-1,PARAR NO PASSEIO,SP,AUTOMOVEL,PARTICULAR,1,8,2026
6877,PIRAJU,5142-0,PERMITIR POSSE/CONDUCAO DO VEIC A PESSOA COM CNH/PPD VENCIDA HA MAIS DE 30 DIAS,Outras UFs,CAMINHONET,PARTICULAR,1,8,2026
6425,FRANCA,5835-0,Desobedecer as ordens emanadas da autorid compet de transito ou de seus agentes,SP,MOTOCICLO,PARTICULAR,1,8,2026
7107,SAO PAULO,5681-0,TRANSITAR NA FAIXA/PISTA DA DIREITA REGUL CIRCULACAO EXCLUSIVA DETERM VEICULO,SP,AUTOMOVEL,PARTICULAR,18,8,2026
6507,IGUAPE,7579-0,"REC SUB TEST, EX CLIN, PERIC OU PROC Q PERM CERT INFL ALC/SUB PSIC FOR ART. 277",SP,AUTOMOVEL,PARTICULAR,1,8,2026
6219,BAURU,6068-1,TRANSPOR BLOQUEIO VIARIO COM OU SEM SINALIZACAO OU DISPOSITIVOS AUXILIARES,SP,AUTOMOVEL,PARTICULAR,2,8,2026
7107,SAO PAULO,6050-1,AVAN O SIN VERM DO SEMAF EXC SE HOUVER SINALIZ PERM LIVRE CONV A DIR,SP,AUTOMOVEL,PARTICULAR,178,8,2026
7017,SANTA BARBARA DO OESTE,5045-0,DIRIGIR VEICULO COM VALIDADE DE CNH/PPD VENCIDA HA MAIS DE 30 DIAS,SP,AUTOMOVEL,PARTICULAR,1,8,2026
6361,COTIA,6530-0,USAR NO VEICULO EQUIP C/ SOM EM VOLUME/FREQUENCIA NAO AUTORIZADOS PELO CONTRAN,SP,AUTOMOVEL,PARTICULAR,2,8,2026
6875,PIRACICABA,7633-1,Dirigir veiculo segurando telefone celular,SP,CAMIONETA,PARTICULAR,1,8,2026
6619,JUNDIAI,7340-0,DIRIGIR O VEIC USANDO CALCADO QUE N SE FIRME NOS PES/COMPROMETA UTILIZ PEDAIS,SP,AUTOMOVEL,PARTICULAR,1,8,2026
7145,SOROCABA,6580-0,CONDUZIR O VEICULO SEM QUALQUER UMA DAS PLACAS DE IDENTIFICACAO,SP,AUTOMOVEL,PARTICULAR,1,8,2026
6183,AURIFLAMA,5010-0,DIRIGIR VEICULO SEM POSSUIR CNH/PPD/ACC,SP,MOTOCICLO,PARTICULAR,2,8,2026
6477,GUARULHOS,6726-1,"CONDUZIR O VEICULO EM MAU ESTADO DE CONSERVACAO, COMPROMETENDO A SEGURANCA",SP,MOTOCICLO,PARTICULAR,3,8,2026
7107,SAO PAULO,6920-1,"Deixar de efetuar registro do veiculo em 30 dias, qdo for transf a propriedade",SP,MOTOCICLO,,1,8,2026
7107,SAO PAULO,6920-1,"Deixar de efetuar registro do veiculo em 30 dias, qdo for transf a propriedade",SP,C. TRATOR,ALUGUEL,186,8,2026
6471,GUAREI,5010-0,DIRIGIR VEICULO SEM POSSUIR CNH/PPD/ACC,SP,MOTOCICLO,PARTICULAR,1,8,2026
7107,SAO PAULO,7579-0,"REC SUB TEST, EX CLIN, PERIC OU PROC Q PERM CERT INFL ALC/SUB PSIC FOR ART. 277",SP,MOTONETA,PARTICULAR,1,8,2026
6887,PIRASSUNUNGA,6599-2,CONDUZIR O VEICULO REGISTRADO QUE NAO ESTEJA DEVIDAMENTE LICENCIADO,SP,AUTOMOVEL,PARTICULAR,2,8,2026
6221,BEBEDOURO,7714-2,Cond motoc/moton/ciclom transp pass c/ cap seg c/ vis/oc prot des c/ reg Contran,SP,MOTOCICLO,PARTICULAR,1,8,2026
6159,ARAMINA,7579-0,"REC SUB TEST, EX CLIN, PERIC OU PROC Q PERM CERT INFL ALC/SUB PSIC FOR ART. 277",SP,AUTOMOVEL,PARTICULAR,3,8,2026
6315,CARDOSO,5118-0,PERMITIR POSSE/CONDUCAO DO VEICULO A PESSOA SEM CNH/PPD/ACC,SP,AUTOMOVEL,PARTICULAR,1,8,2026
6493,IBITINGA,5185-1,Deixar o condutor de usar o cinto seguranca,SP,AUTOMOVEL,PARTICULAR,1,8,2026
6681,MARILIA,5843-3,"Deixar de indicar c/ antec, med gesto de braco/luz indicadora, mudanca direcao",SP,AUTOMOVEL,PARTICULAR,5,8,2026
7107,SAO PAULO,5096-0,ENTREGAR VEICULO A PESSOA COM CNH/PPD VENCIDA HA MAIS DE 30 DIAS,SP,AUTOMOVEL,PARTICULAR,8,8,2026
7099,SAO JOSE DOS CAMPOS,5061-0,ENTREGAR VEICULO A PESSOA SEM CNH/PPD/ACC,SP,MOTOCICLO,PARTICULAR,1,8,2026
7107,SAO PAULO,6920-1,"Deixar de efetuar registro do veiculo em 30 dias, qdo for transf a propriedade",SP,REBOQUE,ALUGUEL,23,8,2026
6291,CAMPINAS,7340-0,DIRIGIR O VEIC USANDO CALCADO QUE N SE FIRME NOS PES/COMPROMETA UTILIZ PEDAIS,SP,MOTOCICLO,PARTICULAR,2,8,2026
6225,BERNARDINO DE CAMPOS,7340-0,DIRIGIR O VEIC USANDO CALCADO QUE N SE FIRME NOS PES/COMPROMETA UTILIZ PEDAIS,SP,MOTOCICLO,PARTICULAR,2,8,2026
7197,TREMEMBE,5045-0,DIRIGIR VEICULO COM VALIDADE DE CNH/PPD VENCIDA HA MAIS DE 30 DIAS,SP,CAMIONETA,PARTICULAR,1,8,2026
6807,PALMITAL,7684-1,Cond motoc/moton/ciclom c/ util cap de seg s/ vis/ocul prot,SP,MOTOCICLO,PARTICULAR,3,8,2026
6415,FERRAZ DE VASCONCELOS,7684-2,Cond motoc/moton/ciclom c/ util cap de seg c/ vis/ocul prot des c/ regul Contran,SP,MOTOCICLO,PARTICULAR,1,8,2026
6787,ORLANDIA,6599-2,CONDUZIR O VEICULO REGISTRADO QUE NAO ESTEJA DEVIDAMENTE LICENCIADO,SP,CAMIONETA,PARTICULAR,1,8,2026
6133,AMERICO BRASILIENSE,6580-0,CONDUZIR O VEICULO SEM QUALQUER UMA DAS PLACAS DE IDENTIFICACAO,SP,AUTOMOVEL,PARTICULAR,1,8,2026
6401,EMBU DAS ARTES,6530-0,USAR NO VEICULO EQUIP C/ SOM EM VOLUME/FREQUENCIA NAO AUTORIZADOS PELO CONTRAN,SP,AUTOMOVEL,PARTICULAR,4,8,2026
6555,ITAPOLIS,6599-2,CONDUZIR O VEICULO REGISTRADO QUE NAO ESTEJA DEVIDAMENTE LICENCIADO,SP,AUTOMOVEL,PARTICULAR,1,8,2026
7145,SOROCABA,5274-1,UTILIZ VEIC DEMONST/EXIBIR MANOBRA PERIGOSA MEDIANTE ARRANCADA BRUSCA,SP,MOTONETA,PARTICULAR,1,8,2026
7107,SAO PAULO,5207-0,Dirigir sem atencao ou sem os cuidados indispensaveis a seguranca,Outras UFs,CAMINHAO,PARTICULAR,1,8,2026
7099,SAO JOSE DOS CAMPOS,7633-2,Dirigir veiculo manuseando telefone celular,SP,MOTOCICLO,PARTICULAR,2,8,2026
6715,MOGI-GUACU,6599-2,CONDUZIR O VEICULO REGISTRADO QUE NAO ESTEJA DEVIDAMENTE LICENCIADO,SP,MOTOCICLO,PARTICULAR,2,8,2026
7107,SAO PAULO,6920-1,"Deixar de efetuar registro do veiculo em 30 dias, qdo for transf a propriedade",SP,MOTONETA,PARTICULAR,2026,8,2026
7121,SAO VICENTE,7544-1,Falta de escrituracao livro registro entrada/saida e de uso placa de experiencia,SP,CAMINHONET,PARTICULAR,1,8,2026
7107,SAO PAULO,5029-2,DIRIGIR VEICULO COM CNH/PPD/ACC COM SUSPENSAO DO DIREITO DE DIRIGIR,SP,MOTOCICLO,PARTICULAR,13,8,2026
7107,SAO PAULO,5835-0,Desobedecer as ordens emanadas da autorid compet de transito ou de seus agentes,SP,AUTOMOVEL,PARTICULAR,4,8,2026
6377,DIADEMA,6602-0,CONDUZIR O VEICULO COM QUALQUER UMA DAS PLACAS SEM LEGIBILIDADE E VISIBILIDADE,SP,MOTOCICLO,PARTICULAR,2,8,2026
6361,COTIA,5045-0,DIRIGIR VEICULO COM VALIDADE DE CNH/PPD VENCIDA HA MAIS DE 30 DIAS,SP,AUTOMOVEL,PARTICULAR,3,8,2026
6291,CAMPINAS,5045-0,DIRIGIR VEICULO COM VALIDADE DE CNH/PPD VENCIDA HA MAIS DE 30 DIAS,SP,AUTOMOVEL,PARTICULAR,4,8,2026
7075,SAO BERNARDO DO CAMPO,6050-1,AVAN O SIN VERM DO SEMAF EXC SE HOUVER SINALIZ PERM LIVRE CONV A DIR,SP,UTILITARIO,PARTICULAR,1,8,2026
7145,SOROCABA,7633-2,Dirigir veiculo manuseando telefone celular,SP,UTILITARIO,PARTICULAR,6,8,2026
7107,SAO PAULO,6408-0,PORTAR NO VEICULO PLACAS DE IDENTIFICACAO EM DESACORDO C/ ESPECIF/MODELO CONTRAN,SP,CAMINHAO,ALUGUEL,1,8,2026
7107,SAO PAULO,5088-1,ENTREGAR VEICULO A PESSOA COM CNH DE CATEGORIA DIFERENTE DA DO VEICULO,SP,MOTOCICLO,PARTICULAR,26,8,2026
7097,SAO JOSE DO RIO PRETO,6408-0,PORTAR NO VEICULO PLACAS DE IDENTIFICACAO EM DESACORDO C/ ESPECIF/MODELO CONTRAN,SP,MOTOCICLO,PARTICULAR,4,8,2026
6327,CEDRAL,7633-1,Dirigir veiculo segurando telefone celular,SP,AUTOMOVEL,PARTICULAR,1,8,2026
7107,SAO PAULO,5118-0,PERMITIR POSSE/CONDUCAO DO VEICULO A PESSOA SEM CNH/PPD/ACC,SP,CAMINHONET,PARTICULAR,2,8,2026
6477,GUARULHOS,5010-0,DIRIGIR VEICULO SEM POSSUIR CNH/PPD/ACC,SP,UTILITARIO,PARTICULAR,1,8,2026
6795,OURINHOS,5045-0,DIRIGIR VEICULO COM VALIDADE DE CNH/PPD VENCIDA HA MAIS DE 30 DIAS,SP,AUTOMOVEL,PARTICULAR,2,8,2026
7107,SAO PAULO,7099-1,CONDUZIR MOTOCICLETA/MOTONETA/CICLOMOTOR SEM SEGURAR O GUIDOM COM AMBAS AS MAOS,SP,MOTOCICLO,PARTICULAR,5,8,2026
6969,RIBEIRAO PRETO,5088-1,ENTREGAR VEICULO A PESSOA COM CNH DE CATEGORIA DIFERENTE DA DO VEICULO,SP,AUTOMOVEL,PARTICULAR,1,8,2026
6581,ITUPEVA,5185-1,Deixar o condutor de usar o cinto seguranca,SP,AUTOMOVEL,PARTICULAR,15,8,2026
6281,CAIEIRAS,5185-2,Deixar o passageiro de usar o cinto seguranca,SP,UTILITARIO,PARTICULAR,1,8,2026
6619,JUNDIAI,7234-0,"EM MOVIMENTO, DEIXAR DE MANTER ACESA A LUZ BAIXA DURANTE A NOITE",SP,CAMINHONET,PARTICULAR,1,8,2026
6875,PIRACICABA,6599-2,CONDUZIR O VEICULO REGISTRADO QUE NAO ESTEJA DEVIDAMENTE LICENCIADO,SP,MOTOCICLO,PARTICULAR,8,8,2026
6789,OSASCO,5274-1,UTILIZ VEIC DEMONST/EXIBIR MANOBRA PERIGOSA MEDIANTE ARRANCADA BRUSCA,SP,MOTOCICLO,PARTICULAR,1,8,2026
7145,SOROCABA,5185-1,Deixar o condutor de usar o cinto seguranca,SP,AUTOMOVEL,PARTICULAR,21,8,2026
6445,GUAICARA,5274-1,UTILIZ VEIC DEMONST/EXIBIR MANOBRA PERIGOSA MEDIANTE ARRANCADA BRUSCA,SP,MOTOCICLO,PARTICULAR,1,8,2026
6795,OURINHOS,6670-0,CONDUZIR O VEICULO C/ EQUIP DO SISTEMA DE ILUMINACAO E DE SINALIZACAO ALTERADOS,SP,REBOQUE,ALUGUEL,1,8,2026
6875,PIRACICABA,5835-0,Desobedecer as ordens emanadas da autorid compet de transito ou de seus agentes,SP,MOTOCICLO,PARTICULAR,1,8,2026
6409,FARTURA,6610-1,CONDUZIR O VEICULO COM A COR ALTERADA,SP,AUTOMOVEL,PARTICULAR,1,8,2026
7135,SERTAOZINHO,7056-1,CONDUZIR MOTOC/MOTON/CICLOMOTOR FAZENDO MALABARISMO/EQUILIBRANDO-SE EM UMA RODA,SP,MOTOCICLO,PARTICULAR,2,8,2026
6543,ITANHAEM,7684-2,Cond motoc/moton/ciclom c/ util cap de seg c/ vis/ocul prot des c/ regul Contran,SP,MOTOCICLO,PARTICULAR,1,8,2026
7107,SAO PAULO,5010-0,DIRIGIR VEICULO SEM POSSUIR CNH/PPD/ACC,SP,CAMINHONET,PARTICULAR,6,8,2026
6621,JUNQUEIROPOLIS,5193-0,Transportar crianca sem observancia das normas de seguranca estabelecidas p/ CTB,SP,AUTOMOVEL,PARTICULAR,2,8,2026
6205,BARRA BONITA,6670-0,CONDUZIR O VEICULO C/ EQUIP DO SISTEMA DE ILUMINACAO E DE SINALIZACAO ALTERADOS,SP,MOTOCICLO,PARTICULAR,3,8,2026
6131,AMERICANA,6726-1,"CONDUZIR O VEICULO EM MAU ESTADO DE CONSERVACAO, COMPROMETENDO A SEGURANCA",SP,AUTOMOVEL,PARTICULAR,1,8,2026
6189,AVARE,6599-2,CONDUZIR O VEICULO REGISTRADO QUE NAO ESTEJA DEVIDAMENTE LICENCIADO,SP,AUTOMOVEL,PARTICULAR,2,8,2026
7107,SAO PAULO,6920-1,"Deixar de efetuar registro do veiculo em 30 dias, qdo for transf a propriedade",SP,S. REBOQUE,ALUGUEL,240,8,2026
6477,GUARULHOS,6599-2,CONDUZIR O VEICULO REGISTRADO QUE NAO ESTEJA DEVIDAMENTE LICENCIADO,SP,AUTOMOVEL,PARTICULAR,8,8,2026
6875,PIRACICABA,7633-2,Dirigir veiculo manuseando telefone celular,SP,AUTOMOVEL,PARTICULAR,3,8,2026
6131,AMERICANA,6726-1,"CONDUZIR O VEICULO EM MAU ESTADO DE CONSERVACAO, COMPROMETENDO A SEGURANCA",SP,MOTOCICLO,PARTICULAR,1,8,2026
7107,SAO PAULO,6769-0,"CONDUZIR VEIC C/ DEFEITO NO SIST DE ILUMINACAO, SINALIZ OU LAMPADAS QUEIMADAS",SP,MICROONIB,PARTICULAR,3,8,2026
7107,SAO PAULO,6920-3,"Deixar de efetuar reg de veic em 30 dias, qdo for alterada qquer caract do veic",SP,CAMINHONET,PARTICULAR,23,8,2026
7107,SAO PAULO,6920-1,"Deixar de efetuar registro do veiculo em 30 dias, qdo for transf a propriedade",SP,MICROONIB,ALUGUEL,34,8,2026
6219,BAURU,5185-1,Deixar o condutor de usar o cinto seguranca,SP,AUTOMOVEL,PARTICULAR,19,8,2026
7109,SAO PEDRO,7579-0,"REC SUB TEST, EX CLIN, PERIC OU PROC Q PERM CERT INFL ALC/SUB PSIC FOR ART. 277",SP,CAMIONETA,PARTICULAR,1,8,2026
6921,PRAIA GRANDE,6599-2,CONDUZIR O VEICULO REGISTRADO QUE NAO ESTEJA DEVIDAMENTE LICENCIADO,SP,AUTOMOVEL,PARTICULAR,2,8,2026
6477,GUARULHOS,5185-1,Deixar o condutor de usar o cinto seguranca,SP,CAMINHONET,PARTICULAR,1,8,2026
6477,GUARULHOS,5770-5,DEIXAR DE DAR PASSAGEM A AMBULANCIA EM SERVICO DE URGENCIA DEVID IDENTIFICADA,SP,AUTOMOVEL,PARTICULAR,1,8,2026
7097,SAO JOSE DO RIO PRETO,7633-2,Dirigir veiculo manuseando telefone celular,SP,AUTOMOVEL,PARTICULAR,1,8,2026
6133,AMERICO BRASILIENSE,6637-2,CONDUZIR O VEICULO COM EQUIPAMENTO OBRIGATORIO INEFICIENTE/INOPERANTE,SP,MOTOCICLO,PARTICULAR,1,8,2026
7047,SANTANA DE PARNAIBA,6041-2,EXECUTAR OPERACAO DE CONVERSAO A ESQUERDA EM LOCAL PROIBIDO PELA SINALIZACAO,SP,AUTOMOVEL,PARTICULAR,2,8,2026
6313,CARAPICUIBA,6602-0,CONDUZIR O VEICULO COM QUALQUER UMA DAS PLACAS SEM LEGIBILIDADE E VISIBILIDADE,SP,MOTOCICLO,PARTICULAR,2,8,2026
7107,SAO PAULO,6530-0,USAR NO VEICULO EQUIP C/ SOM EM VOLUME/FREQUENCIA NAO AUTORIZADOS PELO CONTRAN,SP,CAMINHONET,PARTICULAR,2,8,2026
7099,SAO JOSE DOS CAMPOS,5037-1,DIRIGIR VEICULO COM CNH DE CATEGORIA DIFERENTE DA DO VEICULO,SP,MOTOCICLO,PARTICULAR,3,8,2026
7071,SANTOS,6602-0,CONDUZIR O VEICULO COM QUALQUER UMA DAS PLACAS SEM LEGIBILIDADE E VISIBILIDADE,Outras UFs,CAMINHONET,PARTICULAR,1,8,2026
7107,SAO PAULO,5835-0,Desobedecer as ordens emanadas da autorid compet de transito ou de seus agentes,SP,MOTONETA,PARTICULAR,1,8,2026
6455,GUARA,6599-2,CONDUZIR O VEICULO REGISTRADO QUE NAO ESTEJA DEVIDAMENTE LICENCIADO,SP,AUTOMOVEL,PARTICULAR,1,8,2026
6209,BARRETOS,6653-2,CONDUZIR O VEICULO COM SILENCIADOR DE MOTOR DEFEITUOSO/DEFICIENTE/INOPERANTE,SP,MOTOCICLO,PARTICULAR,4,8,2026
6415,FERRAZ DE VASCONCELOS,7340-0,DIRIGIR O VEIC USANDO CALCADO QUE N SE FIRME NOS PES/COMPROMETA UTILIZ PEDAIS,SP,MOTOCICLO,PARTICULAR,2,8,2026
7273,VARGEM GRANDE PAULISTA,6726-1,"CONDUZIR O VEICULO EM MAU ESTADO DE CONSERVACAO, COMPROMETENDO A SEGURANCA",SP,AUTOMOVEL,PARTICULAR,1,8,2026
7145,SOROCABA,5010-0,DIRIGIR VEICULO SEM POSSUIR CNH/PPD/ACC,SP,AUTOMOVEL,PARTICULAR,4,8,2026
7273,VARGEM GRANDE PAULISTA,6653-2,CONDUZIR O VEICULO COM SILENCIADOR DE MOTOR DEFEITUOSO/DEFICIENTE/INOPERANTE,SP,MOTOCICLO,PARTICULAR,1,8,2026
6887,PIRASSUNUNGA,5738-0,TRANSITAR PELA CONTRAMAO DE DIRECAO EM VIA C/ SINALIZACAO DE REGUL SENTIDO UNICO,SP,MOTOCICLO,PARTICULAR,1,8,2026
6643,LINS,6637-2,CONDUZIR O VEICULO COM EQUIPAMENTO OBRIGATORIO INEFICIENTE/INOPERANTE,SP,MOTOCICLO,PARTICULAR,1,8,2026
7107,SAO PAULO,5193-0,Transportar crianca sem observancia das normas de seguranca estabelecidas p/ CTB,SP,CAMIONETA,PARTICULAR,2,8,2026
7107,SAO PAULO,5002-0,"Multa, por nao identificacao do condutor infrator, imposta a pessoa juridica",SP,CAMINHONET,ALUGUEL,9,8,2026
7107,SAO PAULO,6920-1,"Deixar de efetuar registro do veiculo em 30 dias, qdo for transf a propriedade",SP,AUTOMOVEL,ALUGUEL,14,8,2026
6313,CARAPICUIBA,7579-0,"REC SUB TEST, EX CLIN, PERIC OU PROC Q PERM CERT INFL ALC/SUB PSIC FOR ART. 277",SP,CAMIONETA,PARTICULAR,3,8,2026
7105,SAO MIGUEL ARCANJO,6599-2,CONDUZIR O VEICULO REGISTRADO QUE NAO ESTEJA DEVIDAMENTE LICENCIADO,SP,AUTOMOVEL,PARTICULAR,1,8,2026
7133,SERRA NEGRA,5010-0,DIRIGIR VEICULO SEM POSSUIR CNH/PPD/ACC,SP,AUTOMOVEL,PARTICULAR,1,8,2026
6179,ASSIS,6599-2,CONDUZIR O VEICULO REGISTRADO QUE NAO ESTEJA DEVIDAMENTE LICENCIADO,SP,AUTOMOVEL,PARTICULAR,4,8,2026
7107,SAO PAULO,6408-0,PORTAR NO VEICULO PLACAS DE IDENTIFICACAO EM DESACORDO C/ ESPECIF/MODELO CONTRAN,SP,AUTOMOVEL,PARTICULAR,8,8,2026
6411,FERNANDOPOLIS,5142-0,PERMITIR POSSE/CONDUCAO DO VEIC A PESSOA COM CNH/PPD VENCIDA HA MAIS DE 30 DIAS,SP,AUTOMOVEL,PARTICULAR,1,8,2026
7133,SERRA NEGRA,7633-1,Dirigir veiculo segurando telefone celular,SP,AUTOMOVEL,PARTICULAR,1,8,2026
6475,GUARUJA,5010-0,DIRIGIR VEICULO SEM POSSUIR CNH/PPD/ACC,SP,MOTONETA,PARTICULAR,2,8,2026
6209,BARRETOS,6653-1,CONDUZIR O VEICULO COM DESCARGA LIVRE,SP,MOTOCICLO,PARTICULAR,2,8,2026
6179,ASSIS,6599-2,CONDUZIR O VEICULO REGISTRADO QUE NAO ESTEJA DEVIDAMENTE LICENCIADO,SP,MOTOCICLO,PARTICULAR,2,8,2026
6529,IRACEMAPOLIS,5010-0,DIRIGIR VEICULO SEM POSSUIR CNH/PPD/ACC,SP,MOTOCICLO,PARTICULAR,1,8,2026
6969,RIBEIRAO PRETO,5185-1,Deixar o condutor de usar o cinto seguranca,SP,CAMINHONET,PARTICULAR,2,8,2026
7107,SAO PAULO,6637-2,CONDUZIR O VEICULO COM EQUIPAMENTO OBRIGATORIO INEFICIENTE/INOPERANTE,SP,MOTOCICLO,PARTICULAR,12,8,2026
6789,OSASCO,7340-0,DIRIGIR O VEIC USANDO CALCADO QUE N SE FIRME NOS PES/COMPROMETA UTILIZ PEDAIS,SP,MOTOCICLO,PARTICULAR,1,8,2026
7097,SAO JOSE DO RIO PRETO,7684-2,Cond motoc/moton/ciclom c/ util cap de seg c/ vis/ocul prot des c/ regul Contran,SP,MOTOCICLO,PARTICULAR,2,8,2026
7107,SAO PAULO,7340-0,DIRIGIR O VEIC USANDO CALCADO QUE N SE FIRME NOS PES/COMPROMETA UTILIZ PEDAIS,SP,MOTOCICLO,PARTICULAR,72,8,2026
7129,SERRA AZUL,7633-2,Dirigir veiculo manuseando telefone celular,SP,AUTOMOVEL,PARTICULAR,1,8,2026
6915,PORTO FERREIRA,7056-1,CONDUZIR MOTOC/MOTON/CICLOMOTOR FAZENDO MALABARISMO/EQUILIBRANDO-SE EM UMA RODA,SP,MOTOCICLO,PARTICULAR,1,8,2026
6737,MONTE MOR,6602-0,CONDUZIR O VEICULO COM QUALQUER UMA DAS PLACAS SEM LEGIBILIDADE E VISIBILIDADE,SP,MOTOCICLO,PARTICULAR,1,8,2026
6175,ARTUR NOGUEIRA,6653-1,CONDUZIR O VEICULO COM DESCARGA LIVRE,SP,MOTOCICLO,PARTICULAR,4,8,2026
6719,MOMBUCA,7366-2,DIRIGIR VEICULO UTILIZANDO-SE DE TELEFONE CELULAR,SP,AUTOMOVEL,PARTICULAR,1,8,2026
6717,MOGI-MIRIM,5185-1,Deixar o condutor de usar o cinto seguranca,SP,AUTOMOVEL,PARTICULAR,6,8,2026
6197,BANANAL,5835-0,Desobedecer as ordens emanadas da autorid compet de transito ou de seus agentes,Outras UFs,MOTOCICLO,PARTICULAR,1,8,2026
7107,SAO PAULO,5029-2,DIRIGIR VEICULO COM CNH/PPD/ACC COM SUSPENSAO DO DIREITO DE DIRIGIR,SP,CAMINHONET,PARTICULAR,2,8,2026
7009,SALTO GRANDE,5967-0,"ULTRAPASSAR PELA CONTRAMAO LINHA DE DIVISAO DE FLUXOS OPOSTOS, CONTINUA AMARELA",SP,MOTOCICLO,PARTICULAR,1,8,2026
7095,SAO JOSE DO RIO PARDO,6599-2,CONDUZIR O VEICULO REGISTRADO QUE NAO ESTEJA DEVIDAMENTE LICENCIADO,SP,AUTOMOVEL,PARTICULAR,2,8,2026
7243,VOTORANTIM,7579-0,"REC SUB TEST, EX CLIN, PERIC OU PROC Q PERM CERT INFL ALC/SUB PSIC FOR ART. 277",SP,AUTOMOVEL,PARTICULAR,1,8,2026
7107,SAO PAULO,7579-0,"REC SUB TEST, EX CLIN, PERIC OU PROC Q PERM CERT INFL ALC/SUB PSIC FOR ART. 277",Outras UFs,CAMIONETA,PARTICULAR,2,8,2026
7107,SAO PAULO,5037-1,DIRIGIR VEICULO COM CNH DE CATEGORIA DIFERENTE DA DO VEICULO,SP,MOTONETA,PARTICULAR,4,8,2026
6313,CARAPICUIBA,5070-2,ENTREGAR VEICULO A PESSOA COM CNH/PPD/ACC COM SUSP. DO DIREITO DE DIRIGIR,SP,MOTOCICLO,PARTICULAR,1,8,2026
7107,SAO PAULO,7749-2,DIRIGIR VEICULO SEM POSSUIR CURSOS ESPECIFICOS OBRIGATORIOS,SP,AUTOMOVEL,PARTICULAR,13,8,2026
7107,SAO PAULO,7234-0,"EM MOVIMENTO, DEIXAR DE MANTER ACESA A LUZ BAIXA DURANTE A NOITE",Outras UFs,AUTOMOVEL,,1,8,2026
7107,SAO PAULO,6920-3,"Deixar de efetuar reg de veic em 30 dias, qdo for alterada qquer caract do veic",SP,AUTOMOVEL,ALUGUEL,2,8,2026
6493,IBITINGA,7684-2,Cond motoc/moton/ciclom c/ util cap de seg c/ vis/ocul prot des c/ regul Contran,SP,MOTOCICLO,PARTICULAR,3,8,2026
7145,SOROCABA,6637-1,CONDUZIR O VEICULO SEM EQUIPAMENTO OBRIGATORIO,SP,MOTOCICLO,PARTICULAR,1,8,2026
6953,REGISTRO,6599-2,CONDUZIR O VEICULO REGISTRADO QUE NAO ESTEJA DEVIDAMENTE LICENCIADO,SP,MOTOCICLO,PARTICULAR,1,8,2026
7209,UBATUBA,5010-0,DIRIGIR VEICULO SEM POSSUIR CNH/PPD/ACC,SP,MOTOCICLO,PARTICULAR,3,8,2026
7099,SAO JOSE DOS CAMPOS,5010-0,DIRIGIR VEICULO SEM POSSUIR CNH/PPD/ACC,SP,AUTOMOVEL,PARTICULAR,4,8,2026
6931,PRESIDENTE VENCESLAU,5185-1,Deixar o condutor de usar o cinto seguranca,SP,AUTOMOVEL,PARTICULAR,1,8,2026
6477,GUARULHOS,6653-1,CONDUZIR O VEICULO COM DESCARGA LIVRE,SP,MOTOCICLO,PARTICULAR,1,8,2026
6291,CAMPINAS,5819-4,TRANSITAR COM O VEICULO EM CANTEIROS CENTRAIS/DIVISORES DE PISTA DE ROLAMENTO,SP,MOTOCICLO,PARTICULAR,2,8,2026
6713,MOGI DAS CRUZES,7633-2,Dirigir veiculo manuseando telefone celular,SP,AUTOMOVEL,PARTICULAR,2,8,2026
7047,SANTANA DE PARNAIBA,6602-0,CONDUZIR O VEICULO COM QUALQUER UMA DAS PLACAS SEM LEGIBILIDADE E VISIBILIDADE,SP,MOTOCICLO,PARTICULAR,2,8,2026
6533,IRAPURU,6742-0,CONDUZIR O VEICULO SEM PORTAR A AUTORIZACAO PARA CONDUCAO DE ESCOLARES,SP,ONIBUS,OFICIAL,5,8,2026
6931,PRESIDENTE VENCESLAU,7633-2,Dirigir veiculo manuseando telefone celular,SP,AUTOMOVEL,PARTICULAR,2,8,2026
7107,SAO PAULO,7749-2,DIRIGIR VEICULO SEM POSSUIR CURSOS ESPECIFICOS OBRIGATORIOS,Outras UFs,CAMINHONET,PARTICULAR,1,8,2026
7071,SANTOS,7072-1,CONDUZIR MOTOC/MOTON/CICLOM TRANSP CRIANCA MENOR DE 10 ANOS DE IDADE,SP,MOTONETA,PARTICULAR,1,8,2026
6707,MIRASSOL,7579-0,"REC SUB TEST, EX CLIN, PERIC OU PROC Q PERM CERT INFL ALC/SUB PSIC FOR ART. 277",SP,MOTONETA,PARTICULAR,1,8,2026
6689,MAUA,7684-1,Cond motoc/moton/ciclom c/ util cap de seg s/ vis/ocul prot,SP,MOTOCICLO,PARTICULAR,1,8,2026
6897,POA,6408-0,PORTAR NO VEICULO PLACAS DE IDENTIFICACAO EM DESACORDO C/ ESPECIF/MODELO CONTRAN,SP,MOTOCICLO,PARTICULAR,1,8,2026
6247,BORBOREMA,6599-2,CONDUZIR O VEICULO REGISTRADO QUE NAO ESTEJA DEVIDAMENTE LICENCIADO,SP,AUTOMOVEL,PARTICULAR,1,8,2026
2951,HORTOLANDIA,6726-1,"CONDUZIR O VEICULO EM MAU ESTADO DE CONSERVACAO, COMPROMETENDO A SEGURANCA",SP,MOTOCICLO,PARTICULAR,1,8,2026
7145,SOROCABA,6050-1,AVAN O SIN VERM DO SEMAF EXC SE HOUVER SINALIZ PERM LIVRE CONV A DIR,SP,MOTOCICLO,PARTICULAR,6,8,2026
6579,ITU,7633-2,Dirigir veiculo manuseando telefone celular,SP,AUTOMOVEL,PARTICULAR,5,8,2026
7107,SAO PAULO,5002-0,"Multa, por nao identificacao do condutor infrator, imposta a pessoa juridica",SP,CAMINHAO,ALUGUEL,7,8,2026
7107,SAO PAULO,7820-0,"DEIXAR DE REALIZAR O EXAME TOXICOLOGICO DO ART 148A, APOS 30 DIAS DO VENCIMENTO",Outras UFs,MOTOCICLO,PARTICULAR,34,8,2026
6313,CARAPICUIBA,7579-0,"REC SUB TEST, EX CLIN, PERIC OU PROC Q PERM CERT INFL ALC/SUB PSIC FOR ART. 277",SP,AUTOMOVEL,PARTICULAR,4,8,2026
6105,AGUAI,7684-2,Cond motoc/moton/ciclom c/ util cap de seg c/ vis/ocul prot des c/ regul Contran,SP,MOTOCICLO,PARTICULAR,5,8,2026
7107,SAO PAULO,6050-1,AVAN O SIN VERM DO SEMAF EXC SE HOUVER SINALIZ PERM LIVRE CONV A DIR,SP,AUTOMOVEL,ALUGUEL,4,8,2026
7107,SAO PAULO,7358-0,"DIRIGIR O VEICULO COM APENAS UMA DAS MAOS, EXCETO QUANDO PERMITIDO PELO CTB",SP,CAMIONETA,PARTICULAR,5,8,2026
6687,MATAO,5169-1,DIRIGIR SOB A INFLUENCIA DE ALCOOL,SP,CAMINHONET,PARTICULAR,1,8,2026
6209,BARRETOS,5738-0,TRANSITAR PELA CONTRAMAO DE DIRECAO EM VIA C/ SINALIZACAO DE REGUL SENTIDO UNICO,SP,CAMIONETA,PARTICULAR,1,8,2026
7009,SALTO GRANDE,6530-0,USAR NO VEICULO EQUIP C/ SOM EM VOLUME/FREQUENCIA NAO AUTORIZADOS PELO CONTRAN,SP,AUTOMOVEL,PARTICULAR,1,8,2026
7105,SAO MIGUEL ARCANJO,5835-0,Desobedecer as ordens emanadas da autorid compet de transito ou de seus agentes,SP,MOTOCICLO,PARTICULAR,1,8,2026
7145,SOROCABA,6530-0,USAR NO VEICULO EQUIP C/ SOM EM VOLUME/FREQUENCIA NAO AUTORIZADOS PELO CONTRAN,SP,AUTOMOVEL,PARTICULAR,13,8,2026
6713,MOGI DAS CRUZES,6599-2,CONDUZIR O VEICULO REGISTRADO QUE NAO ESTEJA DEVIDAMENTE LICENCIADO,SP,MOTOCICLO,PARTICULAR,5,8,2026
6601,JANDIRA,5010-0,DIRIGIR VEICULO SEM POSSUIR CNH/PPD/ACC,SP,MOTOCICLO,PARTICULAR,1,8,2026
6359,COSMORAMA,7579-0,"REC SUB TEST, EX CLIN, PERIC OU PROC Q PERM CERT INFL ALC/SUB PSIC FOR ART. 277",SP,AUTOMOVEL,PARTICULAR,1,8,2026
6919,PRADOPOLIS,6599-2,CONDUZIR O VEICULO REGISTRADO QUE NAO ESTEJA DEVIDAMENTE LICENCIADO,SP,MOTONETA,PARTICULAR,1,8,2026
7057,SANTO ANDRE,6599-2,CONDUZIR O VEICULO REGISTRADO QUE NAO ESTEJA DEVIDAMENTE LICENCIADO,SP,AUTOMOVEL,PARTICULAR,6,8,2026
7181,TATUI,5452-1,ESTACIONAR NO PASSEIO,SP,MOTOCICLO,PARTICULAR,2,8,2026
6615,JOSE BONIFACIO,5010-0,DIRIGIR VEICULO SEM POSSUIR CNH/PPD/ACC,SP,AUTOMOVEL,PARTICULAR,1,8,2026
6509,ILHABELA,5118-0,PERMITIR POSSE/CONDUCAO DO VEICULO A PESSOA SEM CNH/PPD/ACC,SP,MOTOCICLO,PARTICULAR,1,8,2026
7107,SAO PAULO,5185-1,Deixar o condutor de usar o cinto seguranca,Outras UFs,CAMINHONET,PARTICULAR,1,8,2026
6737,MONTE MOR,5010-0,DIRIGIR VEICULO SEM POSSUIR CNH/PPD/ACC,SP,MOTOCICLO,PARTICULAR,1,8,2026
7107,SAO PAULO,7633-1,Dirigir veiculo segurando telefone celular,Outras UFs,AUTOMOVEL,PARTICULAR,1,8,2026
6469,GUARATINGUETA,7340-0,DIRIGIR O VEIC USANDO CALCADO QUE N SE FIRME NOS PES/COMPROMETA UTILIZ PEDAIS,SP,MOTOCICLO,PARTICULAR,1,8,2026
6313,CARAPICUIBA,5274-1,UTILIZ VEIC DEMONST/EXIBIR MANOBRA PERIGOSA MEDIANTE ARRANCADA BRUSCA,SP,MOTOCICLO,PARTICULAR,20,8,2026
7107,SAO PAULO,5843-4,"Deixar de indicar c/ antec, med gesto de braco/luz indicadora, mudanca de faixa",Outras UFs,UTILITARIO,PARTICULAR,1,8,2026
6563,ITAQUAQUECETUBA,6602-0,CONDUZIR O VEICULO COM QUALQUER UMA DAS PLACAS SEM LEGIBILIDADE E VISIBILIDADE,SP,CAMINHONET,ALUGUEL,1,8,2026
6509,ILHABELA,6599-2,CONDUZIR O VEICULO REGISTRADO QUE NAO ESTEJA DEVIDAMENTE LICENCIADO,SP,MOTONETA,PARTICULAR,1,8,2026
7057,SANTO ANDRE,5096-0,ENTREGAR VEICULO A PESSOA COM CNH/PPD VENCIDA HA MAIS DE 30 DIAS,SP,AUTOMOVEL,PARTICULAR,1,8,2026
7107,SAO PAULO,6920-1,"Deixar de efetuar registro do veiculo em 30 dias, qdo for transf a propriedade",SP,CAMIONETA,PARTICULAR,2551,8,2026
7107,SAO PAULO,6920-1,"Deixar de efetuar registro do veiculo em 30 dias, qdo for transf a propriedade",SP,CAMIONETA,ALUGUEL,4,8,2026
7107,SAO PAULO,5843-3,"Deixar de indicar c/ antec, med gesto de braco/luz indicadora, mudanca direcao",SP,AUTOMOVEL,PARTICULAR,29,8,2026
6637,LENCOIS PAULISTA,5169-1,DIRIGIR SOB A INFLUENCIA DE ALCOOL,SP,CAMINHONET,OFICIAL,1,8,2026
6261,BURI,5185-1,Deixar o condutor de usar o cinto seguranca,SP,AUTOMOVEL,PARTICULAR,11,8,2026
6401,EMBU DAS ARTES,5185-1,Deixar o condutor de usar o cinto seguranca,SP,AUTOMOVEL,PARTICULAR,1,8,2026
7145,SOROCABA,6599-2,CONDUZIR O VEICULO REGISTRADO QUE NAO ESTEJA DEVIDAMENTE LICENCIADO,SP,MOTOCICLO,PARTICULAR,11,8,2026
6469,GUARATINGUETA,5037-1,DIRIGIR VEICULO COM CNH DE CATEGORIA DIFERENTE DA DO VEICULO,SP,MOTOCICLO,PARTICULAR,1,8,2026
6305,CAPAO BONITO,6599-2,CONDUZIR O VEICULO REGISTRADO QUE NAO ESTEJA DEVIDAMENTE LICENCIADO,SP,AUTOMOVEL,PARTICULAR,2,8,2026
6887,PIRASSUNUNGA,6653-1,CONDUZIR O VEICULO COM DESCARGA LIVRE,SP,MOTOCICLO,PARTICULAR,3,8,2026
7107,SAO PAULO,6637-2,CONDUZIR O VEICULO COM EQUIPAMENTO OBRIGATORIO INEFICIENTE/INOPERANTE,SP,CAMINHONET,ALUGUEL,1,8,2026
7107,SAO PAULO,5070-2,ENTREGAR VEICULO A PESSOA COM CNH/PPD/ACC COM SUSP. DO DIREITO DE DIRIGIR,SP,UTILITARIO,PARTICULAR,3,8,2026
7079,SAO CARLOS,6599-2,CONDUZIR O VEICULO REGISTRADO QUE NAO ESTEJA DEVIDAMENTE LICENCIADO,SP,MOTOCICLO,PARTICULAR,3,8,2026
6713,MOGI DAS CRUZES,6653-1,CONDUZIR O VEICULO COM DESCARGA LIVRE,SP,CAMIONETA,PARTICULAR,1,8,2026
7145,SOROCABA,5738-0,TRANSITAR PELA CONTRAMAO DE DIRECAO EM VIA C/ SINALIZACAO DE REGUL SENTIDO UNICO,SP,AUTOMOVEL,PARTICULAR,2,8,2026
6229,BIRIGUI,6050-1,AVAN O SIN VERM DO SEMAF EXC SE HOUVER SINALIZ PERM LIVRE CONV A DIR,SP,MOTOCICLO,PARTICULAR,1,8,2026
6219,BAURU,7579-0,"REC SUB TEST, EX CLIN, PERIC OU PROC Q PERM CERT INFL ALC/SUB PSIC FOR ART. 277",Outras UFs,CAMIONETA,PARTICULAR,1,8,2026
6931,PRESIDENTE VENCESLAU,5169-1,DIRIGIR SOB A INFLUENCIA DE ALCOOL,SP,AUTOMOVEL,PARTICULAR,1,8,2026
7107,SAO PAULO,6076-0,TRANSPOR BLOQUEIO VIARIO POLICIAL,SP,AUTOMOVEL,PARTICULAR,2,8,2026
7107,SAO PAULO,7633-2,Dirigir veiculo manuseando telefone celular,SP,CAMINHONET,ALUGUEL,5,8,2026
6537,ITAI,6580-0,CONDUZIR O VEICULO SEM QUALQUER UMA DAS PLACAS DE IDENTIFICACAO,SP,AUTOMOVEL,PARTICULAR,1,8,2026
7107,SAO PAULO,5002-0,"Multa, por nao identificacao do condutor infrator, imposta a pessoa juridica",SP,MOTOCICLO,PARTICULAR,5,8,2026
7107,SAO PAULO,6920-1,"Deixar de efetuar registro do veiculo em 30 dias, qdo for transf a propriedade",SP,C. TRATOR,PARTICULAR,185,8,2026
7107,SAO PAULO,7056-1,CONDUZIR MOTOC/MOTON/CICLOMOTOR FAZENDO MALABARISMO/EQUILIBRANDO-SE EM UMA RODA,SP,MOTOCICLO,PARTICULAR,26,8,2026
7107,SAO PAULO,6602-0,CONDUZIR O VEICULO COM QUALQUER UMA DAS PLACAS SEM LEGIBILIDADE E VISIBILIDADE,SP,MOTOCICLO,PARTICULAR,33,8,2026
6897,POA,7684-2,Cond motoc/moton/ciclom c/ util cap de seg c/ vis/ocul prot des c/ regul Contran,SP,MOTOCICLO,PARTICULAR,1,8,2026
6573,ITIRAPINA,5185-1,Deixar o condutor de usar o cinto seguranca,SP,AUTOMOVEL,PARTICULAR,4,8,2026
6251,BRAGANCA PAULISTA,6602-0,CONDUZIR O VEICULO COM QUALQUER UMA DAS PLACAS SEM LEGIBILIDADE E VISIBILIDADE,SP,MOTOCICLO,PARTICULAR,3,8,2026
7145,SOROCABA,6408-0,PORTAR NO VEICULO PLACAS DE IDENTIFICACAO EM DESACORDO C/ ESPECIF/MODELO CONTRAN,SP,MOTOCICLO,PARTICULAR,3,8,2026
7079,SAO CARLOS,5118-0,PERMITIR POSSE/CONDUCAO DO VEICULO A PESSOA SEM CNH/PPD/ACC,SP,AUTOMOVEL,PARTICULAR,1,8,2026
7145,SOROCABA,6599-2,CONDUZIR O VEICULO REGISTRADO QUE NAO ESTEJA DEVIDAMENTE LICENCIADO,SP,MOTONETA,PARTICULAR,3,8,2026
7107,SAO PAULO,6050-1,AVAN O SIN VERM DO SEMAF EXC SE HOUVER SINALIZ PERM LIVRE CONV A DIR,SP,UTILITARIO,PARTICULAR,14,8,2026
6969,RIBEIRAO PRETO,5010-0,DIRIGIR VEICULO SEM POSSUIR CNH/PPD/ACC,SP,AUTOMOVEL,PARTICULAR,2,8,2026
7121,SAO VICENTE,5096-0,ENTREGAR VEICULO A PESSOA COM CNH/PPD VENCIDA HA MAIS DE 30 DIAS,SP,MOTONETA,PARTICULAR,1,8,2026
6867,PINHALZINHO,5118-0,PERMITIR POSSE/CONDUCAO DO VEICULO A PESSOA SEM CNH/PPD/ACC,SP,MOTOCICLO,PARTICULAR,1,8,2026
6175,ARTUR NOGUEIRA,5169-1,DIRIGIR SOB A INFLUENCIA DE ALCOOL,SP,MOTOCICLO,PARTICULAR,1,8,2026
6219,BAURU,7684-1,Cond motoc/moton/ciclom c/ util cap de seg s/ vis/ocul prot,SP,MOTOCICLO,PARTICULAR,3,8,2026
6635,LEME,5193-0,Transportar crianca sem observancia das normas de seguranca estabelecidas p/ CTB,SP,AUTOMOVEL,PARTICULAR,4,8,2026
6713,MOGI DAS CRUZES,5010-0,DIRIGIR VEICULO SEM POSSUIR CNH/PPD/ACC,SP,MOTOCICLO,PARTICULAR,3,8,2026
6595,JAGUARIUNA,5797-0,FORCAR PASSAGEM ENTRE VEICS TRANS SENT OPOSTOS NA IMINENCIA REALIZ ULTRAPASSAGEM,SP,MOTOCICLO,PARTICULAR,1,8,2026
7145,SOROCABA,7633-2,Dirigir veiculo manuseando telefone celular,SP,AUTOMOVEL,PARTICULAR,26,8,2026
7047,SANTANA DE PARNAIBA,6769-0,"CONDUZIR VEIC C/ DEFEITO NO SIST DE ILUMINACAO, SINALIZ OU LAMPADAS QUEIMADAS",SP,MOTOCICLO,PARTICULAR,1,8,2026
7107,SAO PAULO,6920-1,"Deixar de efetuar registro do veiculo em 30 dias, qdo for transf a propriedade",SP,CAMINHONET,PARTICULAR,4446,8,2026
6175,ARTUR NOGUEIRA,7056-1,CONDUZIR MOTOC/MOTON/CICLOMOTOR FAZENDO MALABARISMO/EQUILIBRANDO-SE EM UMA RODA,SP,MOTOCICLO,PARTICULAR,1,8,2026
6673,MANDURI,5010-0,DIRIGIR VEICULO SEM POSSUIR CNH/PPD/ACC,SP,AUTOMOVEL,PARTICULAR,1,8,2026
6897,POA,6602-0,CONDUZIR O VEICULO COM QUALQUER UMA DAS PLACAS SEM LEGIBILIDADE E VISIBILIDADE,SP,MOTOCICLO,PARTICULAR,1,8,2026
6313,CARAPICUIBA,5835-0,Desobedecer as ordens emanadas da autorid compet de transito ou de seus agentes,SP,MOTOCICLO,PARTICULAR,2,8,2026
7107,SAO PAULO,6050-2,AVANCAR O SINAL DE PARADA OBRIGATORIA,SP,MOTOCICLO,PARTICULAR,4,8,2026
7083,SAO JOAO DA BOA VISTA,6726-1,"CONDUZIR O VEICULO EM MAU ESTADO DE CONSERVACAO, COMPROMETENDO A SEGURANCA",SP,MOTONETA,PARTICULAR,1,8,2026
7107,SAO PAULO,6920-1,"Deixar de efetuar registro do veiculo em 30 dias, qdo for transf a propriedade",SP,TRICICLO,PARTICULAR,8,8,2026
7109,SAO PEDRO,6637-1,CONDUZIR O VEICULO SEM EQUIPAMENTO OBRIGATORIO,SP,AUTOMOVEL,PARTICULAR,1,8,2026
6231,BIRITIBA-MIRIM,5010-0,DIRIGIR VEICULO SEM POSSUIR CNH/PPD/ACC,SP,AUTOMOVEL,PARTICULAR,1,8,2026
7107,SAO PAULO,6599-2,CONDUZIR O VEICULO REGISTRADO QUE NAO ESTEJA DEVIDAMENTE LICENCIADO,SP,CICLOMOTO,PARTICULAR,2,8,2026
7107,SAO PAULO,6670-0,CONDUZIR O VEICULO C/ EQUIP DO SISTEMA DE ILUMINACAO E DE SINALIZACAO ALTERADOS,Outras UFs,MOTOCICLO,PARTICULAR,1,8,2026
6425,FRANCA,7579-0,"REC SUB TEST, EX CLIN, PERIC OU PROC Q PERM CERT INFL ALC/SUB PSIC FOR ART. 277",SP,AUTOMOVEL,PARTICULAR,6,8,2026
7121,SAO VICENTE,5738-0,TRANSITAR PELA CONTRAMAO DE DIRECAO EM VIA C/ SINALIZACAO DE REGUL SENTIDO UNICO,SP,MOTOCICLO,PARTICULAR,1,8,2026
6477,GUARULHOS,5738-0,TRANSITAR PELA CONTRAMAO DE DIRECAO EM VIA C/ SINALIZACAO DE REGUL SENTIDO UNICO,SP,CAMINHONET,ALUGUEL,1,8,2026
7039,SANTA LUCIA,6599-2,CONDUZIR O VEICULO REGISTRADO QUE NAO ESTEJA DEVIDAMENTE LICENCIADO,SP,MOTOCICLO,PARTICULAR,1,8,2026
7129,SERRA AZUL,7579-0,"REC SUB TEST, EX CLIN, PERIC OU PROC Q PERM CERT INFL ALC/SUB PSIC FOR ART. 277",SP,MOTOCICLO,PARTICULAR,1,8,2026
6125,ALVARES MACHADO,5207-0,Dirigir sem atencao ou sem os cuidados indispensaveis a seguranca,SP,MOTOCICLO,PARTICULAR,2,8,2026
2951,HORTOLANDIA,7056-2,CONDUZIR CICLO FAZENDO MALABARISMO OU EQUILIBRANDO-SE EM UMA RODA,SP,MOTOCICLO,PARTICULAR,1,8,2026
7099,SAO JOSE DOS CAMPOS,6408-0,PORTAR NO VEICULO PLACAS DE IDENTIFICACAO EM DESACORDO C/ ESPECIF/MODELO CONTRAN,SP,MOTOCICLO,PARTICULAR,12,8,2026
7145,SOROCABA,5274-2,UTILIZ VEIC DEM/EXIBIR MANOB PERIG MED DERRAP/FRENAG C/DESLIZ/ARRAST PNEUS,SP,MOTOCICLO,PARTICULAR,1,8,2026
6915,PORTO FERREIRA,6645-0,CONDUZIR O VEICULO COM EQUIP OBRIGATORIO EM DESACORDO COM O ESTAB PELO CONTRAN,SP,MOTOCICLO,PARTICULAR,1,8,2026
6309,CAPIVARI,5185-1,Deixar o condutor de usar o cinto seguranca,SP,AUTOMOVEL,PARTICULAR,26,8,2026
6581,ITUPEVA,6726-1,"CONDUZIR O VEICULO EM MAU ESTADO DE CONSERVACAO, COMPROMETENDO A SEGURANCA",SP,MOTOCICLO,PARTICULAR,2,8,2026
6267,CABRALIA PAULISTA,5193-0,Transportar crianca sem observancia das normas de seguranca estabelecidas p/ CTB,SP,AUTOMOVEL,PARTICULAR,1,8,2026
6547,ITAPETININGA,5835-0,Desobedecer as ordens emanadas da autorid compet de transito ou de seus agentes,SP,MOTOCICLO,PARTICULAR,3,8,2026
7107,SAO PAULO,5738-0,TRANSITAR PELA CONTRAMAO DE DIRECAO EM VIA C/ SINALIZACAO DE REGUL SENTIDO UNICO,SP,CAMINHONET,PARTICULAR,3,8,2026
6821,PARAPUA,7684-2,Cond motoc/moton/ciclom c/ util cap de seg c/ vis/ocul prot des c/ regul Contran,SP,MOTOCICLO,PARTICULAR,1,8,2026
6931,PRESIDENTE VENCESLAU,7684-2,Cond motoc/moton/ciclom c/ util cap de seg c/ vis/ocul prot des c/ regul Contran,SP,MOTOCICLO,PARTICULAR,3,8,2026
6715,MOGI-GUACU,6653-2,CONDUZIR O VEICULO COM SILENCIADOR DE MOTOR DEFEITUOSO/DEFICIENTE/INOPERANTE,SP,MOTOCICLO,PARTICULAR,4,8,2026
6179,ASSIS,7340-0,DIRIGIR O VEIC USANDO CALCADO QUE N SE FIRME NOS PES/COMPROMETA UTILIZ PEDAIS,SP,MOTOCICLO,PARTICULAR,1,8,2026
6987,ROSEIRA,5525-0,ESTACIONAR NA CONTRAMAO DE DIRECAO,SP,AUTOMOVEL,ALUGUEL,1,8,2026
7099,SAO JOSE DOS CAMPOS,5215-2,Dirigir ameacando os demais veiculos,SP,MOTOCICLO,PARTICULAR,3,8,2026
6477,GUARULHOS,6050-3,AVAN O SIN VERM DO SEMAF EXC SE HOUVER SINALIZ PERM LIVRE CONV A DIR -FISC ELETR,SP,MOTOCICLO,PARTICULAR,1,8,2026
6125,ALVARES MACHADO,5215-2,Dirigir ameacando os demais veiculos,SP,MOTOCICLO,PARTICULAR,1,8,2026
6275,CACONDE,5525-0,ESTACIONAR NA CONTRAMAO DE DIRECAO,SP,AUTOMOVEL,PARTICULAR,1,8,2026
7133,SERRA NEGRA,5037-1,DIRIGIR VEICULO COM CNH DE CATEGORIA DIFERENTE DA DO VEICULO,SP,MOTOCICLO,PARTICULAR,1,8,2026
6361,COTIA,5029-1,Dirigir veiculo com CNH/PPD/ACC cassada,SP,MOTONETA,PARTICULAR,1,8,2026
7107,SAO PAULO,5185-1,Deixar o condutor de usar o cinto seguranca,SP,CAMINHONET,PARTICULAR,31,8,2026
6867,PINHALZINHO,6653-2,CONDUZIR O VEICULO COM SILENCIADOR DE MOTOR DEFEITUOSO/DEFICIENTE/INOPERANTE,SP,MOTOCICLO,PARTICULAR,2,8,2026
6209,BARRETOS,5185-1,Deixar o condutor de usar o cinto seguranca,SP,AUTOMOVEL,PARTICULAR,3,8,2026
6509,ILHABELA,6599-2,CONDUZIR O VEICULO REGISTRADO QUE NAO ESTEJA DEVIDAMENTE LICENCIADO,SP,MOTOCICLO,PARTICULAR,3,8,2026
7177,TAQUARITUBA,5185-1,Deixar o condutor de usar o cinto seguranca,SP,AUTOMOVEL,PARTICULAR,2,8,2026
7107,SAO PAULO,6432-1,TRANSITAR COM FAROL DESREGULADO PERTURBANDO VISAO OUTRO CONDUTOR,SP,AUTOMOVEL,PARTICULAR,1,8,2026
7107,SAO PAULO,7633-1,Dirigir veiculo segurando telefone celular,SP,AUTOMOVEL,,1,8,2026
7107,SAO PAULO,7579-0,"REC SUB TEST, EX CLIN, PERIC OU PROC Q PERM CERT INFL ALC/SUB PSIC FOR ART. 277",SP,CAMIONETA,PARTICULAR,21,8,2026
6477,GUARULHOS,5800-0,DEIXAR GUARDAR DIST SEGURANCA LAT/FRONT ENTRE SEU VEIC E DEMAIS E AO BORDO PISTA,SP,MOTOCICLO,PARTICULAR,2,8,2026
7099,SAO JOSE DOS CAMPOS,6041-1,EXECUTAR OPERACAO DE CONVERSAO A DIREITA EM LOCAL PROIBIDO PELA SINALIZACAO,SP,CAMIONETA,PARTICULAR,1,8,2026
7107,SAO PAULO,5843-4,"Deixar de indicar c/ antec, med gesto de braco/luz indicadora, mudanca de faixa",SP,CAMINHONET,PARTICULAR,4,8,2026
7107,SAO PAULO,6602-0,CONDUZIR O VEICULO COM QUALQUER UMA DAS PLACAS SEM LEGIBILIDADE E VISIBILIDADE,Outras UFs,CAMINHAO,PARTICULAR,2,8,2026
6547,ITAPETININGA,5207-0,Dirigir sem atencao ou sem os cuidados indispensaveis a seguranca,SP,MOTOCICLO,PARTICULAR,1,8,2026
7107,SAO PAULO,6920-1,"Deixar de efetuar registro do veiculo em 30 dias, qdo for transf a propriedade",SP,CAMINHAO,OFICIAL,2,8,2026
7107,SAO PAULO,7633-1,Dirigir veiculo segurando telefone celular,SP,CAMINHONET,ALUGUEL,2,8,2026
7145,SOROCABA,6653-1,CONDUZIR O VEICULO COM DESCARGA LIVRE,SP,AUTOMOVEL,PARTICULAR,1,8,2026
2947,CANITAR,6637-2,CONDUZIR O VEICULO COM EQUIPAMENTO OBRIGATORIO INEFICIENTE/INOPERANTE,SP,MOTOCICLO,PARTICULAR,1,8,2026
6125,ALVARES MACHADO,5010-0,DIRIGIR VEICULO SEM POSSUIR CNH/PPD/ACC,SP,AUTOMOVEL,PARTICULAR,1,8,2026
7107,SAO PAULO,5061-0,ENTREGAR VEICULO A PESSOA SEM CNH/PPD/ACC,SP,MOTOCICLO,PARTICULAR,15,8,2026
7203,TUPI PAULISTA,5835-0,Desobedecer as ordens emanadas da autorid compet de transito ou de seus agentes,SP,MOTOCICLO,PARTICULAR,1,8,2026
7107,SAO PAULO,5274-1,UTILIZ VEIC DEMONST/EXIBIR MANOBRA PERIGOSA MEDIANTE ARRANCADA BRUSCA,SP,MOTOCICLO,PARTICULAR,43,8,2026
6153,APIAI,5185-1,Deixar o condutor de usar o cinto seguranca,SP,CAMINHONET,PARTICULAR,1,8,2026
7157,TABOAO DA SERRA,6726-1,"CONDUZIR O VEICULO EM MAU ESTADO DE CONSERVACAO, COMPROMETENDO A SEGURANCA",Outras UFs,MOTOCICLO,PARTICULAR,1,8,2026
6825,PARIQUERA-ACU,5525-0,ESTACIONAR NA CONTRAMAO DE DIRECAO,SP,AUTOMOVEL,PARTICULAR,1,8,2026
6611,JOANOPOLIS,7633-1,Dirigir veiculo segurando telefone celular,SP,AUTOMOVEL,PARTICULAR,1,8,2026
7107,SAO PAULO,5185-1,Deixar o condutor de usar o cinto seguranca,SP,AUTOMOVEL,ALUGUEL,3,8,2026
7107,SAO PAULO,6122-0,DEIXAR DE DAR PREFERENCIA A PEDESTRE/VEIC N MOTORIZADO NA FAIXA A ELE DESTINADA,SP,AUTOMOVEL,PARTICULAR,4,8,2026
7107,SAO PAULO,6920-1,"Deixar de efetuar registro do veiculo em 30 dias, qdo for transf a propriedade",SP,AUTOMOVEL,,10,8,2026
6711,MOCOCA,7544-1,Falta de escrituracao livro registro entrada/saida e de uso placa de experiencia,SP,CAMINHONET,PARTICULAR,2,8,2026
6357,COSMOPOLIS,5010-0,DIRIGIR VEICULO SEM POSSUIR CNH/PPD/ACC,SP,AUTOMOVEL,PARTICULAR,1,8,2026
7107,SAO PAULO,5037-1,DIRIGIR VEICULO COM CNH DE CATEGORIA DIFERENTE DA DO VEICULO,SP,CICLOMOTO,PARTICULAR,1,8,2026
6183,AURIFLAMA,5487-0,ESTACIONAR AO LADO DE OUTRO VEICULO EM FILA DUPLA,SP,AUTOMOVEL,PARTICULAR,1,8,2026
6233,BOA ESPERANCA DO SUL,6530-0,USAR NO VEICULO EQUIP C/ SOM EM VOLUME/FREQUENCIA NAO AUTORIZADOS PELO CONTRAN,SP,CAMINHONET,PARTICULAR,1,8,2026
6361,COTIA,7633-1,Dirigir veiculo segurando telefone celular,SP,AUTOMOVEL,PARTICULAR,2,8,2026
7213,UCHOA,7633-2,Dirigir veiculo manuseando telefone celular,SP,AUTOMOVEL,PARTICULAR,2,8,2026
7107,SAO PAULO,6084-4,"Ultrapassar veiculos motorizados em fila, parados em razao de qualquer obstaculo",SP,AUTOMOVEL,PARTICULAR,1,8,2026
6969,RIBEIRAO PRETO,6050-1,AVAN O SIN VERM DO SEMAF EXC SE HOUVER SINALIZ PERM LIVRE CONV A DIR,SP,MOTOCICLO,PARTICULAR,7,8,2026
7091,SAO JOSE DA BELA VISTA,5207-0,Dirigir sem atencao ou sem os cuidados indispensaveis a seguranca,SP,AUTOMOVEL,PARTICULAR,2,8,2026
6189,AVARE,5185-1,Deixar o condutor de usar o cinto seguranca,SP,AUTOMOVEL,PARTICULAR,11,8,2026
6921,PRAIA GRANDE,6599-2,CONDUZIR O VEICULO REGISTRADO QUE NAO ESTEJA DEVIDAMENTE LICENCIADO,SP,CICLOMOTO,PARTICULAR,1,8,2026
6789,OSASCO,6599-2,CONDUZIR O VEICULO REGISTRADO QUE NAO ESTEJA DEVIDAMENTE LICENCIADO,SP,MOTONETA,PARTICULAR,2,8,2026
7107,SAO PAULO,5118-0,PERMITIR POSSE/CONDUCAO DO VEICULO A PESSOA SEM CNH/PPD/ACC,SP,MOTOCICLO,PARTICULAR,18,8,2026
2957,VARGEM,6769-0,"CONDUZIR VEIC C/ DEFEITO NO SIST DE ILUMINACAO, SINALIZ OU LAMPADAS QUEIMADAS",SP,MOTOCICLO,PARTICULAR,1,8,2026
7107,SAO PAULO,6769-0,"CONDUZIR VEIC C/ DEFEITO NO SIST DE ILUMINACAO, SINALIZ OU LAMPADAS QUEIMADAS",SP,MOTONETA,PARTICULAR,2,8,2026
7071,SANTOS,7684-1,Cond motoc/moton/ciclom c/ util cap de seg s/ vis/ocul prot,SP,MOTOCICLO,PARTICULAR,5,8,2026
6643,LINS,5010-0,DIRIGIR VEICULO SEM POSSUIR CNH/PPD/ACC,SP,MOTOCICLO,PARTICULAR,2,8,2026
7145,SOROCABA,6653-2,CONDUZIR O VEICULO COM SILENCIADOR DE MOTOR DEFEITUOSO/DEFICIENTE/INOPERANTE,SP,MOTOCICLO,PARTICULAR,2,8,2026
6477,GUARULHOS,7030-1,Conduzir motoc/moton/ciclom s/ capacete de seguranca,SP,MOTOCICLO,PARTICULAR,9,8,2026
6219,BAURU,6653-1,CONDUZIR O VEICULO COM DESCARGA LIVRE,SP,MOTOCICLO,PARTICULAR,7,8,2026
6587,JABOTICABAL,5843-3,"Deixar de indicar c/ antec, med gesto de braco/luz indicadora, mudanca direcao",SP,MOTOCICLO,PARTICULAR,1,8,2026
7107,SAO PAULO,5797-0,FORCAR PASSAGEM ENTRE VEICS TRANS SENT OPOSTOS NA IMINENCIA REALIZ ULTRAPASSAGEM,SP,AUTOMOVEL,PARTICULAR,1,8,2026
6511,INDAIATUBA,6599-2,CONDUZIR O VEICULO REGISTRADO QUE NAO ESTEJA DEVIDAMENTE LICENCIADO,SP,AUTOMOVEL,PARTICULAR,5,8,2026
7075,SAO BERNARDO DO CAMPO,7030-1,Conduzir motoc/moton/ciclom s/ capacete de seguranca,SP,MOTOCICLO,PARTICULAR,4,8,2026
6713,MOGI DAS CRUZES,7684-2,Cond motoc/moton/ciclom c/ util cap de seg c/ vis/ocul prot des c/ regul Contran,SP,MOTOCICLO,PARTICULAR,5,8,2026
7079,SAO CARLOS,7684-2,Cond motoc/moton/ciclom c/ util cap de seg c/ vis/ocul prot des c/ regul Contran,SP,MOTOCICLO,PARTICULAR,2,8,2026
6377,DIADEMA,6050-1,AVAN O SIN VERM DO SEMAF EXC SE HOUVER SINALIZ PERM LIVRE CONV A DIR,SP,MOTOCICLO,PARTICULAR,6,8,2026
7079,SAO CARLOS,5835-0,Desobedecer as ordens emanadas da autorid compet de transito ou de seus agentes,SP,MOTOCICLO,PARTICULAR,1,8,2026
6425,FRANCA,5967-0,"ULTRAPASSAR PELA CONTRAMAO LINHA DE DIVISAO DE FLUXOS OPOSTOS, CONTINUA AMARELA",SP,AUTOMOVEL,PARTICULAR,1,8,2026
7075,SAO BERNARDO DO CAMPO,5010-0,DIRIGIR VEICULO SEM POSSUIR CNH/PPD/ACC,SP,MOTOCICLO,PARTICULAR,3,8,2026
6361,COTIA,5118-0,PERMITIR POSSE/CONDUCAO DO VEICULO A PESSOA SEM CNH/PPD/ACC,SP,MOTOCICLO,PARTICULAR,1,8,2026
7107,SAO PAULO,5037-1,DIRIGIR VEICULO COM CNH DE CATEGORIA DIFERENTE DA DO VEICULO,SP,CAMINHAO,PARTICULAR,3,8,2026
7107,SAO PAULO,5053-1,DIRIGIR VEICULO SEM USAR LENTES CORRETORAS DE VISAO,SP,CAMINHAO,PARTICULAR,1,8,2026
6209,BARRETOS,7366-2,DIRIGIR VEICULO UTILIZANDO-SE DE TELEFONE CELULAR,SP,CAMIONETA,PARTICULAR,1,8,2026
6175,ARTUR NOGUEIRA,7366-2,DIRIGIR VEICULO UTILIZANDO-SE DE TELEFONE CELULAR,SP,CAMINHONET,PARTICULAR,1,8,2026
6711,MOCOCA,6599-2,CONDUZIR O VEICULO REGISTRADO QUE NAO ESTEJA DEVIDAMENTE LICENCIADO,SP,MOTONETA,PARTICULAR,2,8,2026
6969,RIBEIRAO PRETO,6610-2,CONDUZIR O VEICULO COM CARACTERISTICA ALTERADA,SP,MOTOCICLO,PARTICULAR,1,8,2026
6425,FRANCA,5088-1,ENTREGAR VEICULO A PESSOA COM CNH DE CATEGORIA DIFERENTE DA DO VEICULO,SP,MOTOCICLO,PARTICULAR,1,8,2026
6581,ITUPEVA,6653-1,CONDUZIR O VEICULO COM DESCARGA LIVRE,SP,AUTOMOVEL,PARTICULAR,3,8,2026
6563,ITAQUAQUECETUBA,7234-0,"EM MOVIMENTO, DEIXAR DE MANTER ACESA A LUZ BAIXA DURANTE A NOITE",SP,UTILITARIO,PARTICULAR,1,8,2026
6607,JAU,5738-0,TRANSITAR PELA CONTRAMAO DE DIRECAO EM VIA C/ SINALIZACAO DE REGUL SENTIDO UNICO,SP,AUTOMOVEL,PARTICULAR,1,8,2026
6581,ITUPEVA,5193-0,Transportar crianca sem observancia das normas de seguranca estabelecidas p/ CTB,SP,CAMIONETA,PARTICULAR,1,8,2026
6495,IBIUNA,5991-0,EXECUTAR OPERACAO DE RETORNO EM LOCAIS PROIBIDOS PELA SINALIZACAO,SP,CAMINHONET,PARTICULAR,1,8,2026
7157,TABOAO DA SERRA,5959-1,ULTRAPASSAR PELA CONTRAMAO VEICULO PARADO EM FILA JUNTO SINAL LUMINOSO,SP,MOTOCICLO,PARTICULAR,1,8,2026
6205,BARRA BONITA,6637-2,CONDUZIR O VEICULO COM EQUIPAMENTO OBRIGATORIO INEFICIENTE/INOPERANTE,SP,MOTOCICLO,PARTICULAR,1,8,2026
2947,CANITAR,6670-0,CONDUZIR O VEICULO C/ EQUIP DO SISTEMA DE ILUMINACAO E DE SINALIZACAO ALTERADOS,SP,MOTOCICLO,PARTICULAR,1,8,2026
7079,SAO CARLOS,6050-1,AVAN O SIN VERM DO SEMAF EXC SE HOUVER SINALIZ PERM LIVRE CONV A DIR,SP,MOTOCICLO,PARTICULAR,1,8,2026
6275,CACONDE,5118-0,PERMITIR POSSE/CONDUCAO DO VEICULO A PESSOA SEM CNH/PPD/ACC,SP,MOTOCICLO,PARTICULAR,1,8,2026
6429,FRANCO DA ROCHA,7366-2,DIRIGIR VEICULO UTILIZANDO-SE DE TELEFONE CELULAR,SP,AUTOMOVEL,PARTICULAR,5,8,2026
6313,CARAPICUIBA,5029-2,DIRIGIR VEICULO COM CNH/PPD/ACC COM SUSPENSAO DO DIREITO DE DIRIGIR,SP,MOTOCICLO,PARTICULAR,1,8,2026
7107,SAO PAULO,7293-0,"UTILIZAR O PISCA-ALERTA, EXCETO EM IMOBILIZACOES OU SITUACOES DE EMERGENCIA",SP,UTILITARIO,PARTICULAR,1,8,2026
7107,SAO PAULO,6530-0,USAR NO VEICULO EQUIP C/ SOM EM VOLUME/FREQUENCIA NAO AUTORIZADOS PELO CONTRAN,SP,AUTOMOVEL,PARTICULAR,40,8,2026
7223,VALENTIM GENTIL,6599-2,CONDUZIR O VEICULO REGISTRADO QUE NAO ESTEJA DEVIDAMENTE LICENCIADO,SP,MOTOCICLO,PARTICULAR,2,8,2026
6987,ROSEIRA,5525-0,ESTACIONAR NA CONTRAMAO DE DIRECAO,SP,CAMIONETA,PARTICULAR,1,8,2026
6521,IPERO,7340-0,DIRIGIR O VEIC USANDO CALCADO QUE N SE FIRME NOS PES/COMPROMETA UTILIZ PEDAIS,SP,MOTOCICLO,PARTICULAR,2,8,2026
6935,QUATA,7633-2,Dirigir veiculo manuseando telefone celular,SP,CAMINHAO,ALUGUEL,1,8,2026
6875,PIRACICABA,6050-1,AVAN O SIN VERM DO SEMAF EXC SE HOUVER SINALIZ PERM LIVRE CONV A DIR,SP,MOTOCICLO,PARTICULAR,3,8,2026
6291,CAMPINAS,6599-2,CONDUZIR O VEICULO REGISTRADO QUE NAO ESTEJA DEVIDAMENTE LICENCIADO,SP,MOTONETA,PARTICULAR,2,8,2026
7013,SANTA ADELIA,6602-0,CONDUZIR O VEICULO COM QUALQUER UMA DAS PLACAS SEM LEGIBILIDADE E VISIBILIDADE,SP,MOTOCICLO,PARTICULAR,1,8,2026
6681,MARILIA,5010-0,DIRIGIR VEICULO SEM POSSUIR CNH/PPD/ACC,SP,AUTOMOVEL,PARTICULAR,1,8,2026
6509,ILHABELA,6726-1,"CONDUZIR O VEICULO EM MAU ESTADO DE CONSERVACAO, COMPROMETENDO A SEGURANCA",SP,MOTOCICLO,PARTICULAR,2,8,2026
6909,POPULINA,6530-0,USAR NO VEICULO EQUIP C/ SOM EM VOLUME/FREQUENCIA NAO AUTORIZADOS PELO CONTRAN,SP,CAMINHONET,PARTICULAR,1,8,2026
6369,CRUZEIRO,6653-1,CONDUZIR O VEICULO COM DESCARGA LIVRE,SP,MOTOCICLO,PARTICULAR,1,8,2026
7071,SANTOS,5738-0,TRANSITAR PELA CONTRAMAO DE DIRECAO EM VIA C/ SINALIZACAO DE REGUL SENTIDO UNICO,SP,MOTOCICLO,PARTICULAR,2,8,2026
6477,GUARULHOS,7684-2,Cond motoc/moton/ciclom c/ util cap de seg c/ vis/ocul prot des c/ regul Contran,SP,MOTOCICLO,PARTICULAR,5,8,2026
6361,COTIA,6599-2,CONDUZIR O VEICULO REGISTRADO QUE NAO ESTEJA DEVIDAMENTE LICENCIADO,SP,AUTOMOVEL,PARTICULAR,7,8,2026
6509,ILHABELA,5010-0,DIRIGIR VEICULO SEM POSSUIR CNH/PPD/ACC,SP,MOTOCICLO,PARTICULAR,2,8,2026
6313,CARAPICUIBA,7633-2,Dirigir veiculo manuseando telefone celular,SP,CAMINHONET,ALUGUEL,1,8,2026
7107,SAO PAULO,6920-1,"Deixar de efetuar registro do veiculo em 30 dias, qdo for transf a propriedade",SP,ONIBUS,PARTICULAR,79,8,2026
6637,LENCOIS PAULISTA,6599-2,CONDUZIR O VEICULO REGISTRADO QUE NAO ESTEJA DEVIDAMENTE LICENCIADO,SP,AUTOMOVEL,PARTICULAR,3,8,2026
6553,ITAPIRA,6599-2,CONDUZIR O VEICULO REGISTRADO QUE NAO ESTEJA DEVIDAMENTE LICENCIADO,SP,MOTONETA,PARTICULAR,1,8,2026
7097,SAO JOSE DO RIO PRETO,7056-1,CONDUZIR MOTOC/MOTON/CICLOMOTOR FAZENDO MALABARISMO/EQUILIBRANDO-SE EM UMA RODA,SP,MOTOCICLO,PARTICULAR,1,8,2026
6863,PINDORAMA,5185-1,Deixar o condutor de usar o cinto seguranca,SP,AUTOMOVEL,PARTICULAR,3,8,2026
6493,IBITINGA,6645-0,CONDUZIR O VEICULO COM EQUIP OBRIGATORIO EM DESACORDO COM O ESTAB PELO CONTRAN,SP,MOTOCICLO,PARTICULAR,1,8,2026
6581,ITUPEVA,6726-1,"CONDUZIR O VEICULO EM MAU ESTADO DE CONSERVACAO, COMPROMETENDO A SEGURANCA",SP,AUTOMOVEL,PARTICULAR,1,8,2026
6879,PIRAJUI,5215-2,Dirigir ameacando os demais veiculos,SP,MOTOCICLO,PARTICULAR,2,8,2026
7109,SAO PEDRO,6530-0,USAR NO VEICULO EQUIP C/ SOM EM VOLUME/FREQUENCIA NAO AUTORIZADOS PELO CONTRAN,SP,CAMIONETA,PARTICULAR,1,8,2026
6291,CAMPINAS,5010-0,DIRIGIR VEICULO SEM POSSUIR CNH/PPD/ACC,SP,MOTOCICLO,PARTICULAR,11,8,2026
7175,TAQUARITINGA,7030-1,Conduzir motoc/moton/ciclom s/ capacete de seguranca,SP,MOTOCICLO,PARTICULAR,2,8,2026
7107,SAO PAULO,5061-0,ENTREGAR VEICULO A PESSOA SEM CNH/PPD/ACC,Outras UFs,AUTOMOVEL,,1,8,2026
7107,SAO PAULO,6726-1,"CONDUZIR O VEICULO EM MAU ESTADO DE CONSERVACAO, COMPROMETENDO A SEGURANCA",SP,CAMIONETA,PARTICULAR,9,8,2026
7231,VARGEM GRANDE DO SUL,5118-0,PERMITIR POSSE/CONDUCAO DO VEICULO A PESSOA SEM CNH/PPD/ACC,SP,MOTOCICLO,PARTICULAR,2,8,2026
7099,SAO JOSE DOS CAMPOS,6599-2,CONDUZIR O VEICULO REGISTRADO QUE NAO ESTEJA DEVIDAMENTE LICENCIADO,SP,MOTOCICLO,PARTICULAR,13,8,2026
6875,PIRACICABA,5045-0,DIRIGIR VEICULO COM VALIDADE DE CNH/PPD VENCIDA HA MAIS DE 30 DIAS,SP,AUTOMOVEL,PARTICULAR,1,8,2026
7107,SAO PAULO,7366-2,DIRIGIR VEICULO UTILIZANDO-SE DE TELEFONE CELULAR,SP,CAMINHONET,ALUGUEL,2,8,2026
6969,RIBEIRAO PRETO,5045-0,DIRIGIR VEICULO COM VALIDADE DE CNH/PPD VENCIDA HA MAIS DE 30 DIAS,SP,MOTOCICLO,PARTICULAR,3,8,2026
6477,GUARULHOS,6653-1,CONDUZIR O VEICULO COM DESCARGA LIVRE,SP,AUTOMOVEL,PARTICULAR,2,8,2026
7107,SAO PAULO,7633-2,Dirigir veiculo manuseando telefone celular,SP,CAMINHONET,PARTICULAR,36,8,2026
6543,ITANHAEM,5819-1,"TRANSITAR COM O VEICULO EM CALCADAS, PASSEIOS",SP,CAMINHONET,PARTICULAR,1,8,2026
7245,VOTUPORANGA,5959-1,ULTRAPASSAR PELA CONTRAMAO VEICULO PARADO EM FILA JUNTO SINAL LUMINOSO,SP,MOTOCICLO,PARTICULAR,1,8,2026
6529,IRACEMAPOLIS,7773-2,ENTREGAR VEICULO A PESSOA SEM POSSUIR CURSOS ESPECIFICOS OBRIGATORIOS,SP,MOTOCICLO,PARTICULAR,1,8,2026
6713,MOGI DAS CRUZES,5819-6,TRANSITAR COM O VEICULO EM MARCAS DE CANALIZACAO,SP,AUTOMOVEL,PARTICULAR,6,8,2026
6759,NOVA EUROPA,5738-0,TRANSITAR PELA CONTRAMAO DE DIRECAO EM VIA C/ SINALIZACAO DE REGUL SENTIDO UNICO,SP,AUTOMOVEL,PARTICULAR,1,8,2026
6165,ARARAS,7340-0,DIRIGIR O VEIC USANDO CALCADO QUE N SE FIRME NOS PES/COMPROMETA UTILIZ PEDAIS,SP,AUTOMOVEL,PARTICULAR,2,8,2026
7107,SAO PAULO,5843-1,"Deixar de indicar c/ antec, med gesto de braco/luz indicadora, inicio da marcha",SP,AUTOMOVEL,PARTICULAR,5,8,2026
7107,SAO PAULO,5215-2,Dirigir ameacando os demais veiculos,SP,MOTOCICLO,PARTICULAR,6,8,2026
6713,MOGI DAS CRUZES,6270-0,DEIXAR DE REDUZIR A VELOC ONDE O TRANSITO ESTEJA SENDO CONTROLADO PELO AGENTE,SP,AUTOMOVEL,PARTICULAR,3,8,2026
6887,PIRASSUNUNGA,7234-0,"EM MOVIMENTO, DEIXAR DE MANTER ACESA A LUZ BAIXA DURANTE A NOITE",SP,AUTOMOVEL,PARTICULAR,1,8,2026
6309,CAPIVARI,6530-0,USAR NO VEICULO EQUIP C/ SOM EM VOLUME/FREQUENCIA NAO AUTORIZADOS PELO CONTRAN,SP,AUTOMOVEL,PARTICULAR,2,8,2026
7121,SAO VICENTE,6041-2,EXECUTAR OPERACAO DE CONVERSAO A ESQUERDA EM LOCAL PROIBIDO PELA SINALIZACAO,SP,CAMINHONET,PARTICULAR,3,8,2026
6639,LIMEIRA,5045-0,DIRIGIR VEICULO COM VALIDADE DE CNH/PPD VENCIDA HA MAIS DE 30 DIAS,SP,AUTOMOVEL,PARTICULAR,1,8,2026
7107,SAO PAULO,5002-0,"Multa, por nao identificacao do condutor infrator, imposta a pessoa juridica",SP,CAMIONETA,PARTICULAR,14,8,2026
6209,BARRETOS,6599-2,CONDUZIR O VEICULO REGISTRADO QUE NAO ESTEJA DEVIDAMENTE LICENCIADO,SP,AUTOMOVEL,PARTICULAR,4,8,2026
6309,CAPIVARI,5185-1,Deixar o condutor de usar o cinto seguranca,SP,CAMINHAO,PARTICULAR,1,8,2026
7107,SAO PAULO,6637-2,CONDUZIR O VEICULO COM EQUIPAMENTO OBRIGATORIO INEFICIENTE/INOPERANTE,SP,AUTOMOVEL,PARTICULAR,36,8,2026
7157,TABOAO DA SERRA,6599-2,CONDUZIR O VEICULO REGISTRADO QUE NAO ESTEJA DEVIDAMENTE LICENCIADO,SP,AUTOMOVEL,PARTICULAR,4,8,2026
7107,SAO PAULO,7030-1,Conduzir motoc/moton/ciclom s/ capacete de seguranca,SP,MOTONETA,PARTICULAR,7,8,2026
6875,PIRACICABA,5185-1,Deixar o condutor de usar o cinto seguranca,SP,AUTOMOVEL,PARTICULAR,9,8,2026
6361,COTIA,6050-1,AVAN O SIN VERM DO SEMAF EXC SE HOUVER SINALIZ PERM LIVRE CONV A DIR,SP,AUTOMOVEL,PARTICULAR,1,8,2026
7225,VALINHOS,5029-2,DIRIGIR VEICULO COM CNH/PPD/ACC COM SUSPENSAO DO DIREITO DE DIRIGIR,SP,MOTOCICLO,PARTICULAR,2,8,2026
6681,MARILIA,5045-0,DIRIGIR VEICULO COM VALIDADE DE CNH/PPD VENCIDA HA MAIS DE 30 DIAS,SP,AUTOMOVEL,PARTICULAR,2,8,2026
7037,SANTA ISABEL,7684-1,Cond motoc/moton/ciclom c/ util cap de seg s/ vis/ocul prot,SP,MOTOCICLO,PARTICULAR,1,8,2026
7107,SAO PAULO,5185-2,Deixar o passageiro de usar o cinto seguranca,SP,AUTOMOVEL,PARTICULAR,60,8,2026
7107,SAO PAULO,6017-5,EXECUTAR OPERACAO DE RETORNO PASSANDO POR CIMA DE FAIXA DE PEDESTRES,SP,CAMINHONET,PARTICULAR,1,8,2026
7057,SANTO ANDRE,5185-2,Deixar o passageiro de usar o cinto seguranca,SP,AUTOMOVEL,PARTICULAR,1,8,2026
6219,BAURU,7340-0,DIRIGIR O VEIC USANDO CALCADO QUE N SE FIRME NOS PES/COMPROMETA UTILIZ PEDAIS,SP,MOTOCICLO,PARTICULAR,4,8,2026
7107,SAO PAULO,5835-0,Desobedecer as ordens emanadas da autorid compet de transito ou de seus agentes,SP,MOTOCICLO,PARTICULAR,15,8,2026
6209,BARRETOS,6050-1,AVAN O SIN VERM DO SEMAF EXC SE HOUVER SINALIZ PERM LIVRE CONV A DIR,SP,MOTOCICLO,PARTICULAR,5,8,2026
7107,SAO PAULO,7366-2,DIRIGIR VEICULO UTILIZANDO-SE DE TELEFONE CELULAR,SP,CAMINHONET,PARTICULAR,3,8,2026
6317,CASA BRANCA,6637-2,CONDUZIR O VEICULO COM EQUIPAMENTO OBRIGATORIO INEFICIENTE/INOPERANTE,SP,MOTOCICLO,PARTICULAR,2,8,2026
6521,IPERO,5118-0,PERMITIR POSSE/CONDUCAO DO VEICULO A PESSOA SEM CNH/PPD/ACC,SP,MOTOCICLO,PARTICULAR,1,8,2026
7145,SOROCABA,7579-0,"REC SUB TEST, EX CLIN, PERIC OU PROC Q PERM CERT INFL ALC/SUB PSIC FOR ART. 277",SP,AUTOMOVEL,PARTICULAR,1,8,2026
7145,SOROCABA,6050-3,AVAN O SIN VERM DO SEMAF EXC SE HOUVER SINALIZ PERM LIVRE CONV A DIR -FISC ELETR,SP,AUTOMOVEL,PARTICULAR,1,8,2026
6281,CAIEIRAS,7633-2,Dirigir veiculo manuseando telefone celular,SP,MOTOCICLO,PARTICULAR,1,8,2026
7145,SOROCABA,7099-1,CONDUZIR MOTOCICLETA/MOTONETA/CICLOMOTOR SEM SEGURAR O GUIDOM COM AMBAS AS MAOS,SP,MOTOCICLO,PARTICULAR,1,8,2026
6377,DIADEMA,6050-1,AVAN O SIN VERM DO SEMAF EXC SE HOUVER SINALIZ PERM LIVRE CONV A DIR,SP,AUTOMOVEL,PARTICULAR,8,8,2026
6761,NOVA GRANADA,6610-2,CONDUZIR O VEICULO COM CARACTERISTICA ALTERADA,SP,MOTOCICLO,PARTICULAR,1,8,2026
7107,SAO PAULO,5002-0,"Multa, por nao identificacao do condutor infrator, imposta a pessoa juridica",SP,UTILITARIO,PARTICULAR,19,8,2026
6477,GUARULHOS,5037-1,DIRIGIR VEICULO COM CNH DE CATEGORIA DIFERENTE DA DO VEICULO,SP,MOTOCICLO,PARTICULAR,6,8,2026
6241,BOM JESUS DOS PERDOES,5118-0,PERMITIR POSSE/CONDUCAO DO VEICULO A PESSOA SEM CNH/PPD/ACC,SP,AUTOMOVEL,PARTICULAR,1,8,2026
7057,SANTO ANDRE,6599-2,CONDUZIR O VEICULO REGISTRADO QUE NAO ESTEJA DEVIDAMENTE LICENCIADO,SP,MOTOCICLO,PARTICULAR,3,8,2026
6711,MOCOCA,6645-0,CONDUZIR O VEICULO COM EQUIP OBRIGATORIO EM DESACORDO COM O ESTAB PELO CONTRAN,SP,MOTOCICLO,PARTICULAR,3,8,2026
7107,SAO PAULO,6670-0,CONDUZIR O VEICULO C/ EQUIP DO SISTEMA DE ILUMINACAO E DE SINALIZACAO ALTERADOS,SP,MOTOCICLO,PARTICULAR,2,8,2026
7105,SAO MIGUEL ARCANJO,6769-0,"CONDUZIR VEIC C/ DEFEITO NO SIST DE ILUMINACAO, SINALIZ OU LAMPADAS QUEIMADAS",SP,CAMINHONET,PARTICULAR,1,8,2026
6875,PIRACICABA,5096-0,ENTREGAR VEICULO A PESSOA COM CNH/PPD VENCIDA HA MAIS DE 30 DIAS,SP,MOTOCICLO,PARTICULAR,1,8,2026
7145,SOROCABA,5070-2,ENTREGAR VEICULO A PESSOA COM CNH/PPD/ACC COM SUSP. DO DIREITO DE DIRIGIR,SP,CAMINHONET,PARTICULAR,1,8,2026
7107,SAO PAULO,6920-1,"Deixar de efetuar registro do veiculo em 30 dias, qdo for transf a propriedade",Outras UFs,MOTOCICLO,PARTICULAR,2,8,2026
6425,FRANCA,6599-2,CONDUZIR O VEICULO REGISTRADO QUE NAO ESTEJA DEVIDAMENTE LICENCIADO,SP,AUTOMOVEL,PARTICULAR,7,8,2026
7107,SAO PAULO,6599-2,CONDUZIR O VEICULO REGISTRADO QUE NAO ESTEJA DEVIDAMENTE LICENCIADO,SP,MOTOCICLO,PARTICULAR,111,8,2026
7107,SAO PAULO,7633-2,Dirigir veiculo manuseando telefone celular,Outras UFs,AUTOMOVEL,PARTICULAR,16,8,2026
6717,MOGI-MIRIM,7633-2,Dirigir veiculo manuseando telefone celular,SP,MOTOCICLO,PARTICULAR,2,8,2026
6795,OURINHOS,5835-0,Desobedecer as ordens emanadas da autorid compet de transito ou de seus agentes,SP,MOTOCICLO,PARTICULAR,1,8,2026
6689,MAUA,5274-1,UTILIZ VEIC DEMONST/EXIBIR MANOBRA PERIGOSA MEDIANTE ARRANCADA BRUSCA,SP,AUTOMOVEL,PARTICULAR,1,8,2026
7107,SAO PAULO,5010-0,DIRIGIR VEICULO SEM POSSUIR CNH/PPD/ACC,SP,CAMIONETA,PARTICULAR,4,8,2026
6493,IBITINGA,6599-2,CONDUZIR O VEICULO REGISTRADO QUE NAO ESTEJA DEVIDAMENTE LICENCIADO,SP,AUTOMOVEL,PARTICULAR,1,8,2026
7107,SAO PAULO,5690-0,TRANSITAR NA FAIXA/PISTA DA ESQUERDA REGUL CIRCULACAO EXCLUSIVA DETERM VEICULO,SP,AUTOMOVEL,PARTICULAR,6,8,2026
7107,SAO PAULO,7749-2,DIRIGIR VEICULO SEM POSSUIR CURSOS ESPECIFICOS OBRIGATORIOS,SP,CAMINHONET,PARTICULAR,2,8,2026
6607,JAU,6653-1,CONDUZIR O VEICULO COM DESCARGA LIVRE,SP,MOTOCICLO,PARTICULAR,2,8,2026
6789,OSASCO,6599-2,CONDUZIR O VEICULO REGISTRADO QUE NAO ESTEJA DEVIDAMENTE LICENCIADO,SP,AUTOMOVEL,PARTICULAR,3,8,2026
6327,CEDRAL,6637-1,CONDUZIR O VEICULO SEM EQUIPAMENTO OBRIGATORIO,SP,MOTOCICLO,PARTICULAR,1,8,2026
6555,ITAPOLIS,5010-0,DIRIGIR VEICULO SEM POSSUIR CNH/PPD/ACC,SP,CAMINHONET,PARTICULAR,1,8,2026
7107,SAO PAULO,5843-4,"Deixar de indicar c/ antec, med gesto de braco/luz indicadora, mudanca de faixa",SP,CAMIONETA,PARTICULAR,7,8,2026
6229,BIRIGUI,6050-1,AVAN O SIN VERM DO SEMAF EXC SE HOUVER SINALIZ PERM LIVRE CONV A DIR,SP,AUTOMOVEL,PARTICULAR,1,8,2026
6229,BIRIGUI,7579-0,"REC SUB TEST, EX CLIN, PERIC OU PROC Q PERM CERT INFL ALC/SUB PSIC FOR ART. 277",SP,AUTOMOVEL,PARTICULAR,1,8,2026
7107,SAO PAULO,6920-1,"Deixar de efetuar registro do veiculo em 30 dias, qdo for transf a propriedade",SP,UTILITARIO,PARTICULAR,1338,8,2026
6795,OURINHOS,5738-0,TRANSITAR PELA CONTRAMAO DE DIRECAO EM VIA C/ SINALIZACAO DE REGUL SENTIDO UNICO,SP,MOTOCICLO,PARTICULAR,1,8,2026
6581,ITUPEVA,6599-2,CONDUZIR O VEICULO REGISTRADO QUE NAO ESTEJA DEVIDAMENTE LICENCIADO,SP,CAMINHONET,PARTICULAR,1,8,2026
6469,GUARATINGUETA,5185-1,Deixar o condutor de usar o cinto seguranca,SP,AUTOMOVEL,PARTICULAR,5,8,2026
7107,SAO PAULO,7617-3,"USAR QQ VEICULO PARA, DELIB, PERTURBAR CIRCULACAO NA VIA SEM AUT DO ORGAO",SP,AUTOMOVEL,PARTICULAR,2,8,2026
6377,DIADEMA,5738-0,TRANSITAR PELA CONTRAMAO DE DIRECAO EM VIA C/ SINALIZACAO DE REGUL SENTIDO UNICO,SP,MOTOCICLO,PARTICULAR,1,8,2026
6219,BAURU,5010-0,DIRIGIR VEICULO SEM POSSUIR CNH/PPD/ACC,SP,MOTOCICLO,PARTICULAR,4,8,2026
6191,BADY BASSITT,7030-1,Conduzir motoc/moton/ciclom s/ capacete de seguranca,Outras UFs,MOTONETA,PARTICULAR,1,8,2026
2951,HORTOLANDIA,5010-0,DIRIGIR VEICULO SEM POSSUIR CNH/PPD/ACC,SP,MOTOCICLO,PARTICULAR,2,8,2026
6435,GARCA,7579-0,"REC SUB TEST, EX CLIN, PERIC OU PROC Q PERM CERT INFL ALC/SUB PSIC FOR ART. 277",SP,AUTOMOVEL,PARTICULAR,7,8,2026
7057,SANTO ANDRE,5738-0,TRANSITAR PELA CONTRAMAO DE DIRECAO EM VIA C/ SINALIZACAO DE REGUL SENTIDO UNICO,Outras UFs,UTILITARIO,PARTICULAR,1,8,2026
6807,PALMITAL,6530-0,USAR NO VEICULO EQUIP C/ SOM EM VOLUME/FREQUENCIA NAO AUTORIZADOS PELO CONTRAN,SP,CAMINHONET,PARTICULAR,2,8,2026
6545,ITAPECERICA DA SERRA,7030-1,Conduzir motoc/moton/ciclom s/ capacete de seguranca,SP,MOTOCICLO,PARTICULAR,1,8,2026
6875,PIRACICABA,7684-1,Cond motoc/moton/ciclom c/ util cap de seg s/ vis/ocul prot,SP,MOTOCICLO,PARTICULAR,2,8,2026
6861,PINDAMONHANGABA,5207-0,Dirigir sem atencao ou sem os cuidados indispensaveis a seguranca,SP,MOTOCICLO,PARTICULAR,1,8,2026
6979,RIO CLARO,5029-2,DIRIGIR VEICULO COM CNH/PPD/ACC COM SUSPENSAO DO DIREITO DE DIRIGIR,SP,AUTOMOVEL,PARTICULAR,1,8,2026
6727,MONTE ALTO,7579-0,"REC SUB TEST, EX CLIN, PERIC OU PROC Q PERM CERT INFL ALC/SUB PSIC FOR ART. 277",SP,CAMINHAO,PARTICULAR,1,8,2026
6771,NOVO HORIZONTE,7579-0,"REC SUB TEST, EX CLIN, PERIC OU PROC Q PERM CERT INFL ALC/SUB PSIC FOR ART. 277",SP,AUTOMOVEL,PARTICULAR,2,8,2026
7107,SAO PAULO,5819-6,TRANSITAR COM O VEICULO EM MARCAS DE CANALIZACAO,Outras UFs,UTILITARIO,PARTICULAR,1,8,2026
7223,VALENTIM GENTIL,5118-0,PERMITIR POSSE/CONDUCAO DO VEICULO A PESSOA SEM CNH/PPD/ACC,SP,MOTOCICLO,PARTICULAR,4,8,2026
6427,FRANCISCO MORATO,7684-1,Cond motoc/moton/ciclom c/ util cap de seg s/ vis/ocul prot,SP,MOTOCICLO,PARTICULAR,1,8,2026
7097,SAO JOSE DO RIO PRETO,6599-2,CONDUZIR O VEICULO REGISTRADO QUE NAO ESTEJA DEVIDAMENTE LICENCIADO,SP,MOTOCICLO,PARTICULAR,5,8,2026
6835,PEDERNEIRAS,7633-2,Dirigir veiculo manuseando telefone celular,SP,AUTOMOVEL,PARTICULAR,1,8,2026
7107,SAO PAULO,5002-0,"Multa, por nao identificacao do condutor infrator, imposta a pessoa juridica",SP,C. TRATOR,ALUGUEL,3,8,2026
6213,BARUERI,5045-0,DIRIGIR VEICULO COM VALIDADE DE CNH/PPD VENCIDA HA MAIS DE 30 DIAS,SP,MOTONETA,PARTICULAR,1,8,2026
6467,GUARAREMA,6726-1,"CONDUZIR O VEICULO EM MAU ESTADO DE CONSERVACAO, COMPROMETENDO A SEGURANCA",SP,MOTOCICLO,PARTICULAR,5,8,2026
6469,GUARATINGUETA,6653-1,CONDUZIR O VEICULO COM DESCARGA LIVRE,SP,MOTOCICLO,PARTICULAR,2,8,2026
7017,SANTA BARBARA DO OESTE,6599-2,CONDUZIR O VEICULO REGISTRADO QUE NAO ESTEJA DEVIDAMENTE LICENCIADO,SP,AUTOMOVEL,PARTICULAR,3,8,2026
7185,TEJUPA,5487-0,ESTACIONAR AO LADO DE OUTRO VEICULO EM FILA DUPLA,SP,CAMIONETA,PARTICULAR,1,8,2026
7107,SAO PAULO,5819-2,"TRANSITAR COM O VEICULO EM CICLOVIAS, CICLOFAIXAS",SP,MOTOCICLO,PARTICULAR,4,8,2026
6979,RIO CLARO,5738-0,TRANSITAR PELA CONTRAMAO DE DIRECAO EM VIA C/ SINALIZACAO DE REGUL SENTIDO UNICO,SP,MOTOCICLO,PARTICULAR,3,8,2026
6509,ILHABELA,7633-2,Dirigir veiculo manuseando telefone celular,SP,AUTOMOVEL,PARTICULAR,1,8,2026
7117,SAO SEBASTIAO DA GRAMA,5037-1,DIRIGIR VEICULO COM CNH DE CATEGORIA DIFERENTE DA DO VEICULO,SP,MOTOCICLO,PARTICULAR,1,8,2026
7107,SAO PAULO,7773-2,ENTREGAR VEICULO A PESSOA SEM POSSUIR CURSOS ESPECIFICOS OBRIGATORIOS,SP,MOTONETA,PARTICULAR,1,8,2026
7107,SAO PAULO,5720-0,TRANSITAR PELA CONTRAMAO DE DIRECAO EM VIA COM DUPLO SENTIDO DE CIRCULACAO,SP,MOTOCICLO,PARTICULAR,19,8,2026
7157,TABOAO DA SERRA,5274-1,UTILIZ VEIC DEMONST/EXIBIR MANOBRA PERIGOSA MEDIANTE ARRANCADA BRUSCA,SP,MOTOCICLO,PARTICULAR,2,8,2026
6291,CAMPINAS,5207-0,Dirigir sem atencao ou sem os cuidados indispensaveis a seguranca,SP,MOTOCICLO,PARTICULAR,2,8,2026
6875,PIRACICABA,7633-1,Dirigir veiculo segurando telefone celular,SP,AUTOMOVEL,PARTICULAR,2,8,2026
7075,SAO BERNARDO DO CAMPO,6050-1,AVAN O SIN VERM DO SEMAF EXC SE HOUVER SINALIZ PERM LIVRE CONV A DIR,SP,MOTOCICLO,PARTICULAR,7,8,2026
2959,ESTIVA GERBI,7633-2,Dirigir veiculo manuseando telefone celular,SP,CAMINHONET,ALUGUEL,1,8,2026
6579,ITU,5185-1,Deixar o condutor de usar o cinto seguranca,SP,CAMINHONET,PARTICULAR,1,8,2026
7117,SAO SEBASTIAO DA GRAMA,5088-1,ENTREGAR VEICULO A PESSOA COM CNH DE CATEGORIA DIFERENTE DA DO VEICULO,SP,MOTOCICLO,PARTICULAR,1,8,2026
7107,SAO PAULO,6920-1,"Deixar de efetuar registro do veiculo em 30 dias, qdo for transf a propriedade",SP,AUTOMOVEL,PARTICULAR,27391,8,2026
6181,ATIBAIA,7579-0,"REC SUB TEST, EX CLIN, PERIC OU PROC Q PERM CERT INFL ALC/SUB PSIC FOR ART. 277",SP,AUTOMOVEL,PARTICULAR,15,8,2026
6329,CERQUEIRA CESAR,6599-2,CONDUZIR O VEICULO REGISTRADO QUE NAO ESTEJA DEVIDAMENTE LICENCIADO,SP,AUTOMOVEL,PARTICULAR,1,8,2026
7107,SAO PAULO,5274-1,UTILIZ VEIC DEMONST/EXIBIR MANOBRA PERIGOSA MEDIANTE ARRANCADA BRUSCA,SP,CAMIONETA,PARTICULAR,3,8,2026
6329,CERQUEIRA CESAR,6637-1,CONDUZIR O VEICULO SEM EQUIPAMENTO OBRIGATORIO,SP,MOTOCICLO,PARTICULAR,1,8,2026
6219,BAURU,6050-1,AVAN O SIN VERM DO SEMAF EXC SE HOUVER SINALIZ PERM LIVRE CONV A DIR,SP,AUTOMOVEL,PARTICULAR,6,8,2026
7071,SANTOS,7099-1,CONDUZIR MOTOCICLETA/MOTONETA/CICLOMOTOR SEM SEGURAR O GUIDOM COM AMBAS AS MAOS,SP,MOTOCICLO,PARTICULAR,1,8,2026
6587,JABOTICABAL,7579-0,"REC SUB TEST, EX CLIN, PERIC OU PROC Q PERM CERT INFL ALC/SUB PSIC FOR ART. 277",SP,CAMINHONET,PARTICULAR,2,8,2026
6707,MIRASSOL,7579-0,"REC SUB TEST, EX CLIN, PERIC OU PROC Q PERM CERT INFL ALC/SUB PSIC FOR ART. 277",SP,AUTOMOVEL,PARTICULAR,10,8,2026
2965,BERTIOGA,6637-2,CONDUZIR O VEICULO COM EQUIPAMENTO OBRIGATORIO INEFICIENTE/INOPERANTE,SP,CAMINHONET,PARTICULAR,1,8,2026
6209,BARRETOS,7340-0,DIRIGIR O VEIC USANDO CALCADO QUE N SE FIRME NOS PES/COMPROMETA UTILIZ PEDAIS,SP,MOTONETA,PARTICULAR,1,8,2026
6219,BAURU,7714-2,Cond motoc/moton/ciclom transp pass c/ cap seg c/ vis/oc prot des c/ reg Contran,SP,MOTOCICLO,PARTICULAR,1,8,2026
7107,SAO PAULO,5029-1,Dirigir veiculo com CNH/PPD/ACC cassada,SP,CAMIONETA,PARTICULAR,3,8,2026
7107,SAO PAULO,6017-5,EXECUTAR OPERACAO DE RETORNO PASSANDO POR CIMA DE FAIXA DE PEDESTRES,SP,AUTOMOVEL,PARTICULAR,8,8,2026
6689,MAUA,5010-0,DIRIGIR VEICULO SEM POSSUIR CNH/PPD/ACC,SP,MOTOCICLO,PARTICULAR,2,8,2026
7151,SUZANO,6602-0,CONDUZIR O VEICULO COM QUALQUER UMA DAS PLACAS SEM LEGIBILIDADE E VISIBILIDADE,SP,C. TRATOR,ALUGUEL,1,8,2026
6969,RIBEIRAO PRETO,6645-0,CONDUZIR O VEICULO COM EQUIP OBRIGATORIO EM DESACORDO COM O ESTAB PELO CONTRAN,SP,MOTOCICLO,PARTICULAR,1,8,2026
7107,SAO PAULO,6920-3,"Deixar de efetuar reg de veic em 30 dias, qdo for alterada qquer caract do veic",SP,C. TRATOR,ALUGUEL,4,8,2026
7107,SAO PAULO,7633-1,Dirigir veiculo segurando telefone celular,SP,AUTOMOVEL,PARTICULAR,49,8,2026
6947,REDENCAO DA SERRA,6548-0,USAR NO VEIC ALARME/APARELHO PRODUZ SOM PERTURBE SOSSEGO PUB DESAC NORMA CONTRAN,SP,AUTOMOVEL,PARTICULAR,1,8,2026
6959,RIBEIRAO BONITO,6530-0,USAR NO VEICULO EQUIP C/ SOM EM VOLUME/FREQUENCIA NAO AUTORIZADOS PELO CONTRAN,SP,AUTOMOVEL,PARTICULAR,1,8,2026
6219,BAURU,6653-2,CONDUZIR O VEICULO COM SILENCIADOR DE MOTOR DEFEITUOSO/DEFICIENTE/INOPERANTE,SP,MOTOCICLO,PARTICULAR,5,8,2026
7079,SAO CARLOS,5010-0,DIRIGIR VEICULO SEM POSSUIR CNH/PPD/ACC,SP,AUTOMOVEL,PARTICULAR,1,8,2026
7107,SAO PAULO,6050-1,AVAN O SIN VERM DO SEMAF EXC SE HOUVER SINALIZ PERM LIVRE CONV A DIR,SP,CAMINHAO,ALUGUEL,2,8,2026
7121,SAO VICENTE,6041-2,EXECUTAR OPERACAO DE CONVERSAO A ESQUERDA EM LOCAL PROIBIDO PELA SINALIZACAO,SP,CAMIONETA,PARTICULAR,1,8,2026
6979,RIO CLARO,5010-0,DIRIGIR VEICULO SEM POSSUIR CNH/PPD/ACC,SP,MOTOCICLO,PARTICULAR,2,8,2026
6569,ITATIBA,7684-1,Cond motoc/moton/ciclom c/ util cap de seg s/ vis/ocul prot,SP,MOTOCICLO,PARTICULAR,1,8,2026
6909,POPULINA,5452-1,ESTACIONAR NO PASSEIO,SP,CAMINHONET,PARTICULAR,1,8,2026
7107,SAO PAULO,6580-0,CONDUZIR O VEICULO SEM QUALQUER UMA DAS PLACAS DE IDENTIFICACAO,SP,CAMINHONET,PARTICULAR,1,8,2026
7107,SAO PAULO,7234-0,"EM MOVIMENTO, DEIXAR DE MANTER ACESA A LUZ BAIXA DURANTE A NOITE",SP,AUTOMOVEL,PARTICULAR,58,8,2026
7107,SAO PAULO,5819-6,TRANSITAR COM O VEICULO EM MARCAS DE CANALIZACAO,SP,MOTOCICLO,PARTICULAR,3,8,2026
6607,JAU,5118-0,PERMITIR POSSE/CONDUCAO DO VEICULO A PESSOA SEM CNH/PPD/ACC,SP,MOTOCICLO,PARTICULAR,3,8,2026
6505,IGARATA,6599-2,CONDUZIR O VEICULO REGISTRADO QUE NAO ESTEJA DEVIDAMENTE LICENCIADO,SP,CAMINHONET,PARTICULAR,1,8,2026
7083,SAO JOAO DA BOA VISTA,5045-0,DIRIGIR VEICULO COM VALIDADE DE CNH/PPD VENCIDA HA MAIS DE 30 DIAS,SP,AUTOMOVEL,PARTICULAR,1,8,2026
6477,GUARULHOS,5010-0,DIRIGIR VEICULO SEM POSSUIR CNH/PPD/ACC,Outras UFs,MOTOCICLO,PARTICULAR,2,8,2026
6111,AGUAS DE SAO PEDRO,5185-1,Deixar o condutor de usar o cinto seguranca,SP,AUTOMOVEL,PARTICULAR,1,8,2026
7035,SANTA GERTRUDES,5045-0,DIRIGIR VEICULO COM VALIDADE DE CNH/PPD VENCIDA HA MAIS DE 30 DIAS,SP,MOTOCICLO,PARTICULAR,1,8,2026
7107,SAO PAULO,5070-2,ENTREGAR VEICULO A PESSOA COM CNH/PPD/ACC COM SUSP. DO DIREITO DE DIRIGIR,SP,MOTOCICLO,PARTICULAR,7,8,2026
6271,CACAPAVA,6599-2,CONDUZIR O VEICULO REGISTRADO QUE NAO ESTEJA DEVIDAMENTE LICENCIADO,SP,AUTOMOVEL,PARTICULAR,2,8,2026
6291,CAMPINAS,5185-1,Deixar o condutor de usar o cinto seguranca,SP,AUTOMOVEL,PARTICULAR,10,8,2026
7099,SAO JOSE DOS CAMPOS,5207-0,Dirigir sem atencao ou sem os cuidados indispensaveis a seguranca,SP,MOTOCICLO,PARTICULAR,2,8,2026
6573,ITIRAPINA,5193-0,Transportar crianca sem observancia das normas de seguranca estabelecidas p/ CTB,SP,AUTOMOVEL,PARTICULAR,1,8,2026
6639,LIMEIRA,6637-1,CONDUZIR O VEICULO SEM EQUIPAMENTO OBRIGATORIO,SP,MOTOCICLO,PARTICULAR,2,8,2026
6795,OURINHOS,6599-2,CONDUZIR O VEICULO REGISTRADO QUE NAO ESTEJA DEVIDAMENTE LICENCIADO,SP,MOTOCICLO,PARTICULAR,3,8,2026
6643,LINS,6637-1,CONDUZIR O VEICULO SEM EQUIPAMENTO OBRIGATORIO,SP,MOTOCICLO,PARTICULAR,2,8,2026
6209,BARRETOS,7633-2,Dirigir veiculo manuseando telefone celular,SP,MOTOCICLO,PARTICULAR,4,8,2026
7107,SAO PAULO,6920-1,"Deixar de efetuar registro do veiculo em 30 dias, qdo for transf a propriedade",SP,CAMINHONET,ALUGUEL,256,8,2026
6337,CHAVANTES,5797-0,FORCAR PASSAGEM ENTRE VEICS TRANS SENT OPOSTOS NA IMINENCIA REALIZ ULTRAPASSAGEM,SP,AUTOMOVEL,PARTICULAR,1,8,2026
7075,SAO BERNARDO DO CAMPO,7633-2,Dirigir veiculo manuseando telefone celular,SP,AUTOMOVEL,PARTICULAR,3,8,2026
6587,JABOTICABAL,6769-0,"CONDUZIR VEIC C/ DEFEITO NO SIST DE ILUMINACAO, SINALIZ OU LAMPADAS QUEIMADAS",SP,MOTOCICLO,PARTICULAR,1,8,2026
7179,TARABAI,5010-0,DIRIGIR VEICULO SEM POSSUIR CNH/PPD/ACC,SP,MOTOCICLO,PARTICULAR,1,8,2026
7107,SAO PAULO,6920-1,"Deixar de efetuar registro do veiculo em 30 dias, qdo for transf a propriedade",SP,CAMINHAO,ALUGUEL,253,8,2026
7107,SAO PAULO,6050-1,AVAN O SIN VERM DO SEMAF EXC SE HOUVER SINALIZ PERM LIVRE CONV A DIR,SP,CAMIONETA,PARTICULAR,26,8,2026
7057,SANTO ANDRE,5045-0,DIRIGIR VEICULO COM VALIDADE DE CNH/PPD VENCIDA HA MAIS DE 30 DIAS,SP,AUTOMOVEL,PARTICULAR,2,8,2026
6393,DUMONT,6599-2,CONDUZIR O VEICULO REGISTRADO QUE NAO ESTEJA DEVIDAMENTE LICENCIADO,SP,CAMINHONET,PARTICULAR,1,8,2026
6451,GUAPIACU,7684-1,Cond motoc/moton/ciclom c/ util cap de seg s/ vis/ocul prot,SP,MOTOCICLO,PARTICULAR,1,8,2026
7107,SAO PAULO,5215-1,Dirigir ameacando os pedestres que estejam atravessando a via publica,SP,MOTOCICLO,PARTICULAR,9,8,2026
7157,TABOAO DA SERRA,5924-1,ULTRAPASSAR PELA CONTRAMAO NAS CURVAS SEM VISIBILIDADE SUFICIENTE,SP,MOTOCICLO,PARTICULAR,1,8,2026
6291,CAMPINAS,6599-2,CONDUZIR O VEICULO REGISTRADO QUE NAO ESTEJA DEVIDAMENTE LICENCIADO,SP,UTILITARIO,PARTICULAR,2,8,2026
7107,SAO PAULO,6041-1,EXECUTAR OPERACAO DE CONVERSAO A DIREITA EM LOCAL PROIBIDO PELA SINALIZACAO,SP,AUTOMOVEL,PARTICULAR,8,8,2026
6369,CRUZEIRO,6599-2,CONDUZIR O VEICULO REGISTRADO QUE NAO ESTEJA DEVIDAMENTE LICENCIADO,SP,AUTOMOVEL,PARTICULAR,1,8,2026
7145,SOROCABA,7684-1,Cond motoc/moton/ciclom c/ util cap de seg s/ vis/ocul prot,SP,MOTOCICLO,PARTICULAR,1,8,2026
6969,RIBEIRAO PRETO,6599-2,CONDUZIR O VEICULO REGISTRADO QUE NAO ESTEJA DEVIDAMENTE LICENCIADO,SP,MOTOCICLO,PARTICULAR,15,8,2026
6875,PIRACICABA,7714-1,Cond motoc/moton/ciclom transp pass c/ cap de seg s/ vis/ocul de protecao,SP,MOTOCICLO,PARTICULAR,2,8,2026
6379,DIVINOLANDIA,5550-0,ESTACIONAR EM LOCAL/HORARIO PROIBIDO ESPECIFICAMENTE PELA SINALIZACAO,SP,CAMINHONET,PARTICULAR,1,8,2026
6681,MARILIA,5835-0,Desobedecer as ordens emanadas da autorid compet de transito ou de seus agentes,SP,MOTOCICLO,PARTICULAR,1,8,2026
6131,AMERICANA,7544-1,Falta de escrituracao livro registro entrada/saida e de uso placa de experiencia,SP,AUTOMOVEL,PARTICULAR,3,8,2026
6473,GUARIBA,5835-0,Desobedecer as ordens emanadas da autorid compet de transito ou de seus agentes,SP,MOTOCICLO,PARTICULAR,1,8,2026
6711,MOCOCA,5967-0,"ULTRAPASSAR PELA CONTRAMAO LINHA DE DIVISAO DE FLUXOS OPOSTOS, CONTINUA AMARELA",SP,MOTOCICLO,PARTICULAR,1,8,2026
6449,GUAIRA,7030-1,Conduzir motoc/moton/ciclom s/ capacete de seguranca,SP,MOTOCICLO,PARTICULAR,1,8,2026
6875,PIRACICABA,6602-0,CONDUZIR O VEICULO COM QUALQUER UMA DAS PLACAS SEM LEGIBILIDADE E VISIBILIDADE,SP,MOTOCICLO,PARTICULAR,1,8,2026
6791,OSCAR BRESSANE,7684-2,Cond motoc/moton/ciclom c/ util cap de seg c/ vis/ocul prot des c/ regul Contran,SP,MOTOCICLO,PARTICULAR,1,8,2026
6639,LIMEIRA,7684-2,Cond motoc/moton/ciclom c/ util cap de seg c/ vis/ocul prot des c/ regul Contran,SP,MOTOCICLO,PARTICULAR,4,8,2026
6619,JUNDIAI,5738-0,TRANSITAR PELA CONTRAMAO DE DIRECAO EM VIA C/ SINALIZACAO DE REGUL SENTIDO UNICO,SP,MOTOCICLO,PARTICULAR,3,8,2026
7107,SAO PAULO,6920-1,"Deixar de efetuar registro do veiculo em 30 dias, qdo for transf a propriedade",SP,MOTOCICLO,PARTICULAR,8691,8,2026
6735,MONTEIRO LOBATO,5010-0,DIRIGIR VEICULO SEM POSSUIR CNH/PPD/ACC,Outras UFs,MOTOCICLO,PARTICULAR,1,8,2026
7107,SAO PAULO,6050-1,AVAN O SIN VERM DO SEMAF EXC SE HOUVER SINALIZ PERM LIVRE CONV A DIR,SP,CAMIONETA,ALUGUEL,1,8,2026
7107,SAO PAULO,6726-1,"CONDUZIR O VEICULO EM MAU ESTADO DE CONSERVACAO, COMPROMETENDO A SEGURANCA",SP,CAMINHAO,ALUGUEL,1,8,2026
6473,GUARIBA,7340-0,DIRIGIR O VEIC USANDO CALCADO QUE N SE FIRME NOS PES/COMPROMETA UTILIZ PEDAIS,SP,MOTOCICLO,PARTICULAR,1,8,2026
6291,CAMPINAS,5274-1,UTILIZ VEIC DEMONST/EXIBIR MANOBRA PERIGOSA MEDIANTE ARRANCADA BRUSCA,SP,MOTOCICLO,PARTICULAR,2,8,2026
6681,MARILIA,5819-6,TRANSITAR COM O VEICULO EM MARCAS DE CANALIZACAO,SP,AUTOMOVEL,PARTICULAR,5,8,2026
6409,FARTURA,5185-1,Deixar o condutor de usar o cinto seguranca,SP,AUTOMOVEL,PARTICULAR,2,8,2026
7145,SOROCABA,5207-0,Dirigir sem atencao ou sem os cuidados indispensaveis a seguranca,SP,MOTOCICLO,PARTICULAR,3,8,2026
7273,VARGEM GRANDE PAULISTA,5185-1,Deixar o condutor de usar o cinto seguranca,SP,AUTOMOVEL,PARTICULAR,1,8,2026
7107,SAO PAULO,7633-2,Dirigir veiculo manuseando telefone celular,Outras UFs,CAMINHONET,ALUGUEL,2,8,2026
2951,HORTOLANDIA,5185-1,Deixar o condutor de usar o cinto seguranca,SP,AUTOMOVEL,PARTICULAR,2,8,2026
6415,FERRAZ DE VASCONCELOS,7633-1,Dirigir veiculo segurando telefone celular,SP,AUTOMOVEL,PARTICULAR,1,8,2026
2965,BERTIOGA,6599-2,CONDUZIR O VEICULO REGISTRADO QUE NAO ESTEJA DEVIDAMENTE LICENCIADO,SP,AUTOMOVEL,PARTICULAR,3,8,2026
7107,SAO PAULO,5029-2,DIRIGIR VEICULO COM CNH/PPD/ACC COM SUSPENSAO DO DIREITO DE DIRIGIR,SP,AUTOMOVEL,PARTICULAR,15,8,2026
6581,ITUPEVA,5193-0,Transportar crianca sem observancia das normas de seguranca estabelecidas p/ CTB,SP,AUTOMOVEL,PARTICULAR,4,8,2026
6477,GUARULHOS,6548-0,USAR NO VEIC ALARME/APARELHO PRODUZ SOM PERTURBE SOSSEGO PUB DESAC NORMA CONTRAN,SP,CAMIONETA,PARTICULAR,1,8,2026
7107,SAO PAULO,7617-3,"USAR QQ VEICULO PARA, DELIB, PERTURBAR CIRCULACAO NA VIA SEM AUT DO ORGAO",SP,CICLOMOTO,PARTICULAR,1,8,2026
7107,SAO PAULO,6041-2,EXECUTAR OPERACAO DE CONVERSAO A ESQUERDA EM LOCAL PROIBIDO PELA SINALIZACAO,SP,AUTOMOVEL,PARTICULAR,12,8,2026
7107,SAO PAULO,5088-1,ENTREGAR VEICULO A PESSOA COM CNH DE CATEGORIA DIFERENTE DA DO VEICULO,SP,MOTONETA,PARTICULAR,4,8,2026
7107,SAO PAULO,6920-3,"Deixar de efetuar reg de veic em 30 dias, qdo for alterada qquer caract do veic",SP,CAMINHAO,PARTICULAR,26,8,2026
7107,SAO PAULO,6050-2,AVANCAR O SINAL DE PARADA OBRIGATORIA,SP,CAMIONETA,PARTICULAR,3,8,2026
6637,LENCOIS PAULISTA,7579-0,"REC SUB TEST, EX CLIN, PERIC OU PROC Q PERM CERT INFL ALC/SUB PSIC FOR ART. 277",SP,AUTOMOVEL,PARTICULAR,24,8,2026
7107,SAO PAULO,6700-0,"CONDUZIR VEIC COM VIDRO TOTAL/PARCIALMENTE COBERTO POR PELICULA, PAINEIS/PINTURA",SP,AUTOMOVEL,PARTICULAR,4,8,2026
6313,CARAPICUIBA,6726-1,"CONDUZIR O VEICULO EM MAU ESTADO DE CONSERVACAO, COMPROMETENDO A SEGURANCA",SP,UTILITARIO,PARTICULAR,1,8,2026
6477,GUARULHOS,7072-1,CONDUZIR MOTOC/MOTON/CICLOM TRANSP CRIANCA MENOR DE 10 ANOS DE IDADE,SP,MOTOCICLO,PARTICULAR,1,8,2026
6969,RIBEIRAO PRETO,7340-0,DIRIGIR O VEIC USANDO CALCADO QUE N SE FIRME NOS PES/COMPROMETA UTILIZ PEDAIS,SP,MOTONETA,PARTICULAR,3,8,2026
6647,LOUVEIRA,5738-0,TRANSITAR PELA CONTRAMAO DE DIRECAO EM VIA C/ SINALIZACAO DE REGUL SENTIDO UNICO,SP,MOTOCICLO,PARTICULAR,1,8,2026
6717,MOGI-MIRIM,7684-2,Cond motoc/moton/ciclom c/ util cap de seg c/ vis/ocul prot des c/ regul Contran,SP,MOTOCICLO,PARTICULAR,8,8,2026
6535,ITABERA,7684-2,Cond motoc/moton/ciclom c/ util cap de seg c/ vis/ocul prot des c/ regul Contran,SP,MOTOCICLO,PARTICULAR,2,8,2026
7107,SAO PAULO,6050-1,AVAN O SIN VERM DO SEMAF EXC SE HOUVER SINALIZ PERM LIVRE CONV A DIR,SP,MOTOCICLO,PARTICULAR,93,8,2026
6251,BRAGANCA PAULISTA,6769-0,"CONDUZIR VEIC C/ DEFEITO NO SIST DE ILUMINACAO, SINALIZ OU LAMPADAS QUEIMADAS",SP,MOTOCICLO,PARTICULAR,1,8,2026
6219,BAURU,7234-0,"EM MOVIMENTO, DEIXAR DE MANTER ACESA A LUZ BAIXA DURANTE A NOITE",SP,AUTOMOVEL,PARTICULAR,2,8,2026
6445,GUAICARA,6637-1,CONDUZIR O VEICULO SEM EQUIPAMENTO OBRIGATORIO,SP,MOTOCICLO,PARTICULAR,1,8,2026
7145,SOROCABA,7056-1,CONDUZIR MOTOC/MOTON/CICLOMOTOR FAZENDO MALABARISMO/EQUILIBRANDO-SE EM UMA RODA,SP,MOTOCICLO,PARTICULAR,4,8,2026
6113,AGUDOS,7579-0,"REC SUB TEST, EX CLIN, PERIC OU PROC Q PERM CERT INFL ALC/SUB PSIC FOR ART. 277",SP,AUTOMOVEL,PARTICULAR,1,8,2026
6719,MOMBUCA,7617-2,"USAR QQ VEICULO PARA, DELIB, RESTRINGIR CIRCULACAO NA VIA SEM AUT DO ORGAO",SP,CAMINHONET,PARTICULAR,1,8,2026
6689,MAUA,6599-2,CONDUZIR O VEICULO REGISTRADO QUE NAO ESTEJA DEVIDAMENTE LICENCIADO,SP,AUTOMOVEL,PARTICULAR,5,8,2026
6209,BARRETOS,7684-2,Cond motoc/moton/ciclom c/ util cap de seg c/ vis/ocul prot des c/ regul Contran,SP,MOTOCICLO,PARTICULAR,7,8,2026
6361,COTIA,6017-1,"EXECUTAR OPERACAO DE RETORNO PASSANDO POR CIMA DE CALCADA, PASSEIO",SP,CAMINHONET,ALUGUEL,1,8,2026
7107,SAO PAULO,7617-3,"USAR QQ VEICULO PARA, DELIB, PERTURBAR CIRCULACAO NA VIA SEM AUT DO ORGAO",SP,MOTOCICLO,PARTICULAR,8,8,2026
7145,SOROCABA,6572-0,CONDUZIR O VEICULO COM DISPOSITIVO ANTIRRADAR,SP,MOTOCICLO,PARTICULAR,1,8,2026
7107,SAO PAULO,6769-0,"CONDUZIR VEIC C/ DEFEITO NO SIST DE ILUMINACAO, SINALIZ OU LAMPADAS QUEIMADAS",SP,CAMIONETA,PARTICULAR,12,8,2026
6219,BAURU,7633-1,Dirigir veiculo segurando telefone celular,SP,AUTOMOVEL,PARTICULAR,4,8,2026
6209,BARRETOS,7633-2,Dirigir veiculo manuseando telefone celular,SP,AUTOMOVEL,PARTICULAR,14,8,2026
7117,SAO SEBASTIAO DA GRAMA,5819-1,"TRANSITAR COM O VEICULO EM CALCADAS, PASSEIOS",SP,MOTOCICLO,PARTICULAR,1,8,2026
6619,JUNDIAI,6599-2,CONDUZIR O VEICULO REGISTRADO QUE NAO ESTEJA DEVIDAMENTE LICENCIADO,SP,AUTOMOVEL,PARTICULAR,8,8,2026
6707,MIRASSOL,5045-0,DIRIGIR VEICULO COM VALIDADE DE CNH/PPD VENCIDA HA MAIS DE 30 DIAS,SP,AUTOMOVEL,PARTICULAR,2,8,2026
6563,ITAQUAQUECETUBA,6432-2,TRANSITAR COM O FACHO DE LUZ ALTA PERTURBANDO VISAO OUTRO CONDUTOR,SP,AUTOMOVEL,PARTICULAR,1,8,2026
6795,OURINHOS,6653-2,CONDUZIR O VEICULO COM SILENCIADOR DE MOTOR DEFEITUOSO/DEFICIENTE/INOPERANTE,SP,MOTOCICLO,PARTICULAR,1,8,2026
7071,SANTOS,6050-1,AVAN O SIN VERM DO SEMAF EXC SE HOUVER SINALIZ PERM LIVRE CONV A DIR,SP,CAMIONETA,PARTICULAR,1,8,2026
6205,BARRA BONITA,6637-1,CONDUZIR O VEICULO SEM EQUIPAMENTO OBRIGATORIO,SP,MOTOCICLO,PARTICULAR,4,8,2026
7107,SAO PAULO,5924-1,ULTRAPASSAR PELA CONTRAMAO NAS CURVAS SEM VISIBILIDADE SUFICIENTE,SP,AUTOMOVEL,PARTICULAR,1,8,2026
7035,SANTA GERTRUDES,7579-0,"REC SUB TEST, EX CLIN, PERIC OU PROC Q PERM CERT INFL ALC/SUB PSIC FOR ART. 277",SP,CAMIONETA,PARTICULAR,1,8,2026
6477,GUARULHOS,5070-1,ENTREGAR VEICULO A PESSOA COM CNH/PPD/ACC CASSADA,SP,MOTOCICLO,PARTICULAR,1,8,2026
7097,SAO JOSE DO RIO PRETO,6599-2,CONDUZIR O VEICULO REGISTRADO QUE NAO ESTEJA DEVIDAMENTE LICENCIADO,SP,AUTOMOVEL,PARTICULAR,4,8,2026
7107,SAO PAULO,5843-1,"Deixar de indicar c/ antec, med gesto de braco/luz indicadora, inicio da marcha",SP,CAMIONETA,PARTICULAR,1,8,2026
6361,COTIA,7030-1,Conduzir motoc/moton/ciclom s/ capacete de seguranca,SP,MOTOCICLO,PARTICULAR,1,8,2026
6445,GUAICARA,7633-2,Dirigir veiculo manuseando telefone celular,SP,AUTOMOVEL,PARTICULAR,1,8,2026
6477,GUARULHOS,5185-1,Deixar o condutor de usar o cinto seguranca,SP,CAMINHONET,ALUGUEL,3,8,2026
7017,SANTA BARBARA DO OESTE,7056-1,CONDUZIR MOTOC/MOTON/CICLOMOTOR FAZENDO MALABARISMO/EQUILIBRANDO-SE EM UMA RODA,SP,MOTOCICLO,PARTICULAR,1,8,2026
7107,SAO PAULO,6769-0,"CONDUZIR VEIC C/ DEFEITO NO SIST DE ILUMINACAO, SINALIZ OU LAMPADAS QUEIMADAS",SP,AUTOMOVEL,PARTICULAR,302,8,2026
7075,SAO BERNARDO DO CAMPO,7340-0,DIRIGIR O VEIC USANDO CALCADO QUE N SE FIRME NOS PES/COMPROMETA UTILIZ PEDAIS,SP,MOTOCICLO,PARTICULAR,1,8,2026
7007,SALTO DE PIRAPORA,6653-1,CONDUZIR O VEICULO COM DESCARGA LIVRE,SP,MOTOCICLO,PARTICULAR,1,8,2026
6477,GUARULHOS,5819-6,TRANSITAR COM O VEICULO EM MARCAS DE CANALIZACAO,SP,AUTOMOVEL,PARTICULAR,1,8,2026
6713,MOGI DAS CRUZES,6580-0,CONDUZIR O VEICULO SEM QUALQUER UMA DAS PLACAS DE IDENTIFICACAO,SP,MOTOCICLO,PARTICULAR,1,8,2026
6125,ALVARES MACHADO,7293-0,"UTILIZAR O PISCA-ALERTA, EXCETO EM IMOBILIZACOES OU SITUACOES DE EMERGENCIA",SP,AUTOMOVEL,PARTICULAR,2,8,2026
6891,PITANGUEIRAS,7340-0,DIRIGIR O VEIC USANDO CALCADO QUE N SE FIRME NOS PES/COMPROMETA UTILIZ PEDAIS,SP,MOTOCICLO,PARTICULAR,1,8,2026
6579,ITU,7544-1,Falta de escrituracao livro registro entrada/saida e de uso placa de experiencia,SP,AUTOMOVEL,PARTICULAR,15,8,2026
6281,CAIEIRAS,6599-2,CONDUZIR O VEICULO REGISTRADO QUE NAO ESTEJA DEVIDAMENTE LICENCIADO,SP,AUTOMOVEL,PARTICULAR,5,8,2026
6639,LIMEIRA,6602-0,CONDUZIR O VEICULO COM QUALQUER UMA DAS PLACAS SEM LEGIBILIDADE E VISIBILIDADE,SP,MOTOCICLO,PARTICULAR,1,8,2026
7099,SAO JOSE DOS CAMPOS,7030-1,Conduzir motoc/moton/ciclom s/ capacete de seguranca,SP,MOTOCICLO,PARTICULAR,3,8,2026
6847,PENAPOLIS,6599-2,CONDUZIR O VEICULO REGISTRADO QUE NAO ESTEJA DEVIDAMENTE LICENCIADO,SP,MOTOCICLO,PARTICULAR,4,8,2026
7151,SUZANO,6726-1,"CONDUZIR O VEICULO EM MAU ESTADO DE CONSERVACAO, COMPROMETENDO A SEGURANCA",SP,AUTOMOVEL,PARTICULAR,5,8,2026
7071,SANTOS,7633-2,Dirigir veiculo manuseando telefone celular,SP,AUTOMOVEL,PARTICULAR,4,8,2026
7107,SAO PAULO,5207-0,Dirigir sem atencao ou sem os cuidados indispensaveis a seguranca,SP,MOTOCICLO,PARTICULAR,20,8,2026
7145,SOROCABA,7366-2,DIRIGIR VEICULO UTILIZANDO-SE DE TELEFONE CELULAR,SP,AUTOMOVEL,PARTICULAR,4,8,2026
6315,CARDOSO,6530-0,USAR NO VEICULO EQUIP C/ SOM EM VOLUME/FREQUENCIA NAO AUTORIZADOS PELO CONTRAN,SP,CAMINHONET,PARTICULAR,1,8,2026
7119,SAO SIMAO,6599-2,CONDUZIR O VEICULO REGISTRADO QUE NAO ESTEJA DEVIDAMENTE LICENCIADO,SP,CAMINHONET,PARTICULAR,1,8,2026
7107,SAO PAULO,5738-0,TRANSITAR PELA CONTRAMAO DE DIRECAO EM VIA C/ SINALIZACAO DE REGUL SENTIDO UNICO,SP,AUTOMOVEL,PARTICULAR,37,8,2026
7107,SAO PAULO,7234-0,"EM MOVIMENTO, DEIXAR DE MANTER ACESA A LUZ BAIXA DURANTE A NOITE",SP,CAMIONETA,PARTICULAR,5,8,2026
6493,IBITINGA,5010-0,DIRIGIR VEICULO SEM POSSUIR CNH/PPD/ACC,SP,MOTOCICLO,PARTICULAR,2,8,2026
6451,GUAPIACU,6050-2,AVANCAR O SINAL DE PARADA OBRIGATORIA,SP,MOTOCICLO,PARTICULAR,1,8,2026
6987,ROSEIRA,5045-0,DIRIGIR VEICULO COM VALIDADE DE CNH/PPD VENCIDA HA MAIS DE 30 DIAS,SP,MOTOCICLO,PARTICULAR,1,8,2026
6931,PRESIDENTE VENCESLAU,5274-1,UTILIZ VEIC DEMONST/EXIBIR MANOBRA PERIGOSA MEDIANTE ARRANCADA BRUSCA,SP,MOTOCICLO,PARTICULAR,1,8,2026
6873,PIRACAIA,5185-1,Deixar o condutor de usar o cinto seguranca,Outras UFs,AUTOMOVEL,PARTICULAR,1,8,2026
7083,SAO JOAO DA BOA VISTA,5142-0,PERMITIR POSSE/CONDUCAO DO VEIC A PESSOA COM CNH/PPD VENCIDA HA MAIS DE 30 DIAS,Outras UFs,MOTOCICLO,PARTICULAR,1,8,2026
7107,SAO PAULO,5185-2,Deixar o passageiro de usar o cinto seguranca,SP,CAMINHONET,PARTICULAR,4,8,2026
6291,CAMPINAS,5835-0,Desobedecer as ordens emanadas da autorid compet de transito ou de seus agentes,SP,MOTOCICLO,PARTICULAR,1,8,2026
7107,SAO PAULO,5010-0,DIRIGIR VEICULO SEM POSSUIR CNH/PPD/ACC,SP,MOTOCICLO,PARTICULAR,119,8,2026
6637,LENCOIS PAULISTA,5010-0,DIRIGIR VEICULO SEM POSSUIR CNH/PPD/ACC,SP,AUTOMOVEL,PARTICULAR,2,8,2026
6863,PINDORAMA,6530-0,USAR NO VEICULO EQUIP C/ SOM EM VOLUME/FREQUENCIA NAO AUTORIZADOS PELO CONTRAN,SP,AUTOMOVEL,PARTICULAR,2,8,2026
6189,AVARE,7684-1,Cond motoc/moton/ciclom c/ util cap de seg s/ vis/ocul prot,SP,MOTOCICLO,PARTICULAR,3,8,2026
6711,MOCOCA,7684-2,Cond motoc/moton/ciclom c/ util cap de seg c/ vis/ocul prot des c/ regul Contran,SP,MOTOCICLO,PARTICULAR,5,8,2026
7033,SANTA FE DO SUL,6653-1,CONDUZIR O VEICULO COM DESCARGA LIVRE,SP,AUTOMOVEL,PARTICULAR,1,8,2026
6551,ITAPEVI,7340-0,DIRIGIR O VEIC USANDO CALCADO QUE N SE FIRME NOS PES/COMPROMETA UTILIZ PEDAIS,SP,MOTOCICLO,PARTICULAR,5,8,2026
6817,PARANAPANEMA,6637-2,CONDUZIR O VEICULO COM EQUIPAMENTO OBRIGATORIO INEFICIENTE/INOPERANTE,SP,MOTOCICLO,PARTICULAR,1,8,2026
7145,SOROCABA,6548-0,USAR NO VEIC ALARME/APARELHO PRODUZ SOM PERTURBE SOSSEGO PUB DESAC NORMA CONTRAN,SP,AUTOMOVEL,PARTICULAR,2,8,2026
6789,OSASCO,5274-1,UTILIZ VEIC DEMONST/EXIBIR MANOBRA PERIGOSA MEDIANTE ARRANCADA BRUSCA,Outras UFs,CAMINHONET,PARTICULAR,1,8,2026
6259,BROTAS,6599-2,CONDUZIR O VEICULO REGISTRADO QUE NAO ESTEJA DEVIDAMENTE LICENCIADO,SP,AUTOMOVEL,PARTICULAR,2,8,2026
7145,SOROCABA,6050-2,AVANCAR O SINAL DE PARADA OBRIGATORIA,SP,AUTOMOVEL,PARTICULAR,1,8,2026
6795,OURINHOS,6637-1,CONDUZIR O VEICULO SEM EQUIPAMENTO OBRIGATORIO,SP,MOTONETA,PARTICULAR,1,8,2026
7107,SAO PAULO,6920-3,"Deixar de efetuar reg de veic em 30 dias, qdo for alterada qquer caract do veic",SP,CAMIONETA,PARTICULAR,14,8,2026
6163,ARARAQUARA,7684-2,Cond motoc/moton/ciclom c/ util cap de seg c/ vis/ocul prot des c/ regul Contran,SP,MOTOCICLO,PARTICULAR,4,8,2026
7103,SAO MANUEL,6726-1,"CONDUZIR O VEICULO EM MAU ESTADO DE CONSERVACAO, COMPROMETENDO A SEGURANCA",SP,CAMINHONET,PARTICULAR,1,8,2026
6587,JABOTICABAL,7579-0,"REC SUB TEST, EX CLIN, PERIC OU PROC Q PERM CERT INFL ALC/SUB PSIC FOR ART. 277",SP,AUTOMOVEL,PARTICULAR,3,8,2026
7135,SERTAOZINHO,7684-1,Cond motoc/moton/ciclom c/ util cap de seg s/ vis/ocul prot,SP,MOTOCICLO,PARTICULAR,2,8,2026
7107,SAO PAULO,5819-6,TRANSITAR COM O VEICULO EM MARCAS DE CANALIZACAO,SP,AUTOMOVEL,PARTICULAR,37,8,2026
7107,SAO PAULO,5720-0,TRANSITAR PELA CONTRAMAO DE DIRECAO EM VIA COM DUPLO SENTIDO DE CIRCULACAO,SP,AUTOMOVEL,PARTICULAR,14,8,2026
6897,POA,5045-0,DIRIGIR VEICULO COM VALIDADE DE CNH/PPD VENCIDA HA MAIS DE 30 DIAS,SP,AUTOMOVEL,PARTICULAR,1,8,2026
7057,SANTO ANDRE,6653-1,CONDUZIR O VEICULO COM DESCARGA LIVRE,SP,MOTOCICLO,PARTICULAR,1,8,2026
6689,MAUA,5207-0,Dirigir sem atencao ou sem os cuidados indispensaveis a seguranca,SP,CAMINHONET,ALUGUEL,1,8,2026
6935,QUATA,7579-0,"REC SUB TEST, EX CLIN, PERIC OU PROC Q PERM CERT INFL ALC/SUB PSIC FOR ART. 277",SP,MOTOCICLO,PARTICULAR,1,8,2026
7107,SAO PAULO,6602-0,CONDUZIR O VEICULO COM QUALQUER UMA DAS PLACAS SEM LEGIBILIDADE E VISIBILIDADE,Outras UFs,AUTOMOVEL,PARTICULAR,4,8,2026
7057,SANTO ANDRE,7749-2,DIRIGIR VEICULO SEM POSSUIR CURSOS ESPECIFICOS OBRIGATORIOS,SP,MOTOCICLO,PARTICULAR,1,8,2026
6689,MAUA,6599-2,CONDUZIR O VEICULO REGISTRADO QUE NAO ESTEJA DEVIDAMENTE LICENCIADO,SP,UTILITARIO,PARTICULAR,1,8,2026
6735,MONTEIRO LOBATO,5010-0,DIRIGIR VEICULO SEM POSSUIR CNH/PPD/ACC,SP,MOTOCICLO,PARTICULAR,1,8,2026
7057,SANTO ANDRE,5835-0,Desobedecer as ordens emanadas da autorid compet de transito ou de seus agentes,SP,MOTOCICLO,PARTICULAR,1,8,2026
6713,MOGI DAS CRUZES,5045-0,DIRIGIR VEICULO COM VALIDADE DE CNH/PPD VENCIDA HA MAIS DE 30 DIAS,SP,MOTOCICLO,PARTICULAR,3,8,2026
7107,SAO PAULO,6050-2,AVANCAR O SINAL DE PARADA OBRIGATORIA,SP,AUTOMOVEL,ALUGUEL,3,8,2026
7095,SAO JOSE DO RIO PARDO,7030-1,Conduzir motoc/moton/ciclom s/ capacete de seguranca,SP,MOTOCICLO,PARTICULAR,1,8,2026
6375,DESCALVADO,6599-2,CONDUZIR O VEICULO REGISTRADO QUE NAO ESTEJA DEVIDAMENTE LICENCIADO,SP,AUTOMOVEL,PARTICULAR,2,8,2026
6445,GUAICARA,7684-1,Cond motoc/moton/ciclom c/ util cap de seg s/ vis/ocul prot,SP,MOTOCICLO,PARTICULAR,1,8,2026
6425,FRANCA,6637-1,CONDUZIR O VEICULO SEM EQUIPAMENTO OBRIGATORIO,SP,MOTOCICLO,PARTICULAR,1,8,2026
7097,SAO JOSE DO RIO PRETO,5010-0,DIRIGIR VEICULO SEM POSSUIR CNH/PPD/ACC,SP,AUTOMOVEL,PARTICULAR,3,8,2026
6291,CAMPINAS,5738-0,TRANSITAR PELA CONTRAMAO DE DIRECAO EM VIA C/ SINALIZACAO DE REGUL SENTIDO UNICO,SP,AUTOMOVEL,PARTICULAR,2,8,2026
6451,GUAPIACU,5843-3,"Deixar de indicar c/ antec, med gesto de braco/luz indicadora, mudanca direcao",SP,MOTOCICLO,PARTICULAR,1,8,2026
6493,IBITINGA,6726-1,"CONDUZIR O VEICULO EM MAU ESTADO DE CONSERVACAO, COMPROMETENDO A SEGURANCA",SP,MOTOCICLO,PARTICULAR,1,8,2026
6219,BAURU,5185-2,Deixar o passageiro de usar o cinto seguranca,SP,AUTOMOVEL,PARTICULAR,2,8,2026
6391,DUARTINA,5045-0,DIRIGIR VEICULO COM VALIDADE DE CNH/PPD VENCIDA HA MAIS DE 30 DIAS,SP,AUTOMOVEL,PARTICULAR,1,8,2026
7133,SERRA NEGRA,5045-0,DIRIGIR VEICULO COM VALIDADE DE CNH/PPD VENCIDA HA MAIS DE 30 DIAS,SP,MOTOCICLO,PARTICULAR,1,8,2026
6713,MOGI DAS CRUZES,6599-2,CONDUZIR O VEICULO REGISTRADO QUE NAO ESTEJA DEVIDAMENTE LICENCIADO,SP,AUTOMOVEL,PARTICULAR,15,8,2026
7107,SAO PAULO,5819-6,TRANSITAR COM O VEICULO EM MARCAS DE CANALIZACAO,SP,UTILITARIO,PARTICULAR,3,8,2026
3061,NOVA CAMPINA,7684-2,Cond motoc/moton/ciclom c/ util cap de seg c/ vis/ocul prot des c/ regul Contran,SP,MOTOCICLO,PARTICULAR,4,8,2026
6875,PIRACICABA,7684-2,Cond motoc/moton/ciclom c/ util cap de seg c/ vis/ocul prot des c/ regul Contran,SP,MOTOCICLO,PARTICULAR,1,8,2026
6219,BAURU,5738-0,TRANSITAR PELA CONTRAMAO DE DIRECAO EM VIA C/ SINALIZACAO DE REGUL SENTIDO UNICO,SP,MOTOCICLO,PARTICULAR,1,8,2026
6181,ATIBAIA,6653-1,CONDUZIR O VEICULO COM DESCARGA LIVRE,SP,MOTOCICLO,PARTICULAR,2,8,2026
6429,FRANCO DA ROCHA,5185-1,Deixar o condutor de usar o cinto seguranca,SP,AUTOMOVEL,PARTICULAR,12,8,2026
6137,AMPARO,6661-0,CONDUZIR O VEICULO COM EQUIPAMENTO OU ACESSORIO PROIBIDO,SP,CAMINHAO,ALUGUEL,1,8,2026
6291,CAMPINAS,5088-1,ENTREGAR VEICULO A PESSOA COM CNH DE CATEGORIA DIFERENTE DA DO VEICULO,SP,CAMIONETA,PARTICULAR,1,8,2026
6475,GUARUJA,5037-1,DIRIGIR VEICULO COM CNH DE CATEGORIA DIFERENTE DA DO VEICULO,SP,MOTOCICLO,PARTICULAR,1,8,2026
6435,GARCA,5118-0,PERMITIR POSSE/CONDUCAO DO VEICULO A PESSOA SEM CNH/PPD/ACC,SP,MOTOCICLO,PARTICULAR,1,8,2026
7107,SAO PAULO,5215-2,Dirigir ameacando os demais veiculos,SP,AUTOMOVEL,PARTICULAR,4,8,2026
7107,SAO PAULO,6050-3,AVAN O SIN VERM DO SEMAF EXC SE HOUVER SINALIZ PERM LIVRE CONV A DIR -FISC ELETR,SP,AUTOMOVEL,PARTICULAR,4,8,2026
6875,PIRACICABA,5010-0,DIRIGIR VEICULO SEM POSSUIR CNH/PPD/ACC,SP,MOTOCICLO,PARTICULAR,3,8,2026
6619,JUNDIAI,5010-0,DIRIGIR VEICULO SEM POSSUIR CNH/PPD/ACC,SP,AUTOMOVEL,PARTICULAR,2,8,2026
6345,CONCHAL,5185-1,Deixar o condutor de usar o cinto seguranca,SP,AUTOMOVEL,PARTICULAR,1,8,2026
7107,SAO PAULO,5029-2,DIRIGIR VEICULO COM CNH/PPD/ACC COM SUSPENSAO DO DIREITO DE DIRIGIR,SP,MOTONETA,PARTICULAR,5,8,2026
6477,GUARULHOS,5738-0,TRANSITAR PELA CONTRAMAO DE DIRECAO EM VIA C/ SINALIZACAO DE REGUL SENTIDO UNICO,SP,CAMIONETA,PARTICULAR,2,8,2026
7107,SAO PAULO,5266-1,PARTICIPAR NA VIA COMO CONDUTOR EM COMPETICAO SEM PERMISSAO,SP,AUTOMOVEL,PARTICULAR,3,8,2026
6477,GUARULHOS,5800-0,DEIXAR GUARDAR DIST SEGURANCA LAT/FRONT ENTRE SEU VEIC E DEMAIS E AO BORDO PISTA,SP,MOTONETA,PARTICULAR,1,8,2026
6473,GUARIBA,6726-1,"CONDUZIR O VEICULO EM MAU ESTADO DE CONSERVACAO, COMPROMETENDO A SEGURANCA",SP,MOTOCICLO,PARTICULAR,1,8,2026
2943,ILHA SOLTEIRA,7340-0,DIRIGIR O VEIC USANDO CALCADO QUE N SE FIRME NOS PES/COMPROMETA UTILIZ PEDAIS,SP,MOTOCICLO,PARTICULAR,1,8,2026
6563,ITAQUAQUECETUBA,5010-0,DIRIGIR VEICULO SEM POSSUIR CNH/PPD/ACC,SP,AUTOMOVEL,PARTICULAR,3,8,2026
7109,SAO PEDRO,7579-0,"REC SUB TEST, EX CLIN, PERIC OU PROC Q PERM CERT INFL ALC/SUB PSIC FOR ART. 277",SP,CAMINHONET,PARTICULAR,1,8,2026
6941,QUINTANA,5452-1,ESTACIONAR NO PASSEIO,SP,MOTOCICLO,PARTICULAR,1,8,2026
7107,SAO PAULO,5215-2,Dirigir ameacando os demais veiculos,SP,UTILITARIO,PARTICULAR,1,8,2026
7107,SAO PAULO,6041-2,EXECUTAR OPERACAO DE CONVERSAO A ESQUERDA EM LOCAL PROIBIDO PELA SINALIZACAO,SP,MOTONETA,PARTICULAR,2,8,2026
6857,PIEDADE,6050-1,AVAN O SIN VERM DO SEMAF EXC SE HOUVER SINALIZ PERM LIVRE CONV A DIR,SP,MOTOCICLO,PARTICULAR,1,8,2026
7151,SUZANO,5185-1,Deixar o condutor de usar o cinto seguranca,SP,AUTOMOVEL,PARTICULAR,3,8,2026
7145,SOROCABA,5169-1,DIRIGIR SOB A INFLUENCIA DE ALCOOL,SP,AUTOMOVEL,PARTICULAR,1,8,2026
6865,ESPIRITO SANTO DO PINHAL,5045-0,DIRIGIR VEICULO COM VALIDADE DE CNH/PPD VENCIDA HA MAIS DE 30 DIAS,SP,AUTOMOVEL,PARTICULAR,1,8,2026
6969,RIBEIRAO PRETO,5010-0,DIRIGIR VEICULO SEM POSSUIR CNH/PPD/ACC,Outras UFs,MOTOCICLO,PARTICULAR,1,8,2026
7149,SUMARE,5185-1,Deixar o condutor de usar o cinto seguranca,SP,AUTOMOVEL,PARTICULAR,13,8,2026
6639,LIMEIRA,6050-1,AVAN O SIN VERM DO SEMAF EXC SE HOUVER SINALIZ PERM LIVRE CONV A DIR,SP,MOTOCICLO,PARTICULAR,4,8,2026
6573,ITIRAPINA,6599-2,CONDUZIR O VEICULO REGISTRADO QUE NAO ESTEJA DEVIDAMENTE LICENCIADO,SP,AUTOMOVEL,PARTICULAR,3,8,2026
7107,SAO PAULO,5711-0,DEIXAR DE CONSERVAR NAS FAIXAS DA DIREITA O VEICULO LENTO E DE MAIOR PORTE,SP,CAMINHAO,ALUGUEL,2,8,2026
7107,SAO PAULO,5037-1,DIRIGIR VEICULO COM CNH DE CATEGORIA DIFERENTE DA DO VEICULO,SP,MOTOCICLO,PARTICULAR,35,8,2026
7151,SUZANO,6726-1,"CONDUZIR O VEICULO EM MAU ESTADO DE CONSERVACAO, COMPROMETENDO A SEGURANCA",SP,CAMIONETA,PARTICULAR,2,8,2026
6919,PRADOPOLIS,6653-1,CONDUZIR O VEICULO COM DESCARGA LIVRE,SP,MOTONETA,PARTICULAR,1,8,2026
6137,AMPARO,5010-0,DIRIGIR VEICULO SEM POSSUIR CNH/PPD/ACC,SP,MOTOCICLO,PARTICULAR,4,8,2026
7107,SAO PAULO,5738-0,TRANSITAR PELA CONTRAMAO DE DIRECAO EM VIA C/ SINALIZACAO DE REGUL SENTIDO UNICO,SP,CAMIONETA,PARTICULAR,4,8,2026
6451,GUAPIACU,6408-0,PORTAR NO VEICULO PLACAS DE IDENTIFICACAO EM DESACORDO C/ ESPECIF/MODELO CONTRAN,SP,MOTOCICLO,PARTICULAR,2,8,2026
6789,OSASCO,6637-1,CONDUZIR O VEICULO SEM EQUIPAMENTO OBRIGATORIO,SP,MOTOCICLO,PARTICULAR,2,8,2026
6581,ITUPEVA,6637-1,CONDUZIR O VEICULO SEM EQUIPAMENTO OBRIGATORIO,SP,MOTOCICLO,PARTICULAR,2,8,2026
7107,SAO PAULO,6599-2,CONDUZIR O VEICULO REGISTRADO QUE NAO ESTEJA DEVIDAMENTE LICENCIADO,SP,CAMINHONET,PARTICULAR,67,8,2026
6219,BAURU,6602-0,CONDUZIR O VEICULO COM QUALQUER UMA DAS PLACAS SEM LEGIBILIDADE E VISIBILIDADE,SP,MOTOCICLO,PARTICULAR,2,8,2026
6469,GUARATINGUETA,7030-1,Conduzir motoc/moton/ciclom s/ capacete de seguranca,SP,MOTOCICLO,PARTICULAR,2,8,2026
7057,SANTO ANDRE,5738-0,TRANSITAR PELA CONTRAMAO DE DIRECAO EM VIA C/ SINALIZACAO DE REGUL SENTIDO UNICO,SP,AUTOMOVEL,PARTICULAR,1,8,2026
6635,LEME,6637-1,CONDUZIR O VEICULO SEM EQUIPAMENTO OBRIGATORIO,SP,MOTOCICLO,PARTICULAR,4,8,2026
7107,SAO PAULO,6599-2,CONDUZIR O VEICULO REGISTRADO QUE NAO ESTEJA DEVIDAMENTE LICENCIADO,SP,CAMINHAO,PARTICULAR,8,8,2026
7071,SANTOS,7633-1,Dirigir veiculo segurando telefone celular,SP,AUTOMOVEL,PARTICULAR,3,8,2026
6369,CRUZEIRO,7684-2,Cond motoc/moton/ciclom c/ util cap de seg c/ vis/ocul prot des c/ regul Contran,SP,MOTOCICLO,PARTICULAR,1,8,2026
6509,ILHABELA,5010-0,DIRIGIR VEICULO SEM POSSUIR CNH/PPD/ACC,SP,MOTONETA,PARTICULAR,2,8,2026
6213,BARUERI,7030-1,Conduzir motoc/moton/ciclom s/ capacete de seguranca,SP,MOTOCICLO,PARTICULAR,2,8,2026
6713,MOGI DAS CRUZES,6556-1,CONDUZIR O VEICULO COM O LACRE DE IDENTIFICACAO VIOLADO/FALSIFICADO,SP,MOTOCICLO,PARTICULAR,1,8,2026
6931,PRESIDENTE VENCESLAU,6599-2,CONDUZIR O VEICULO REGISTRADO QUE NAO ESTEJA DEVIDAMENTE LICENCIADO,SP,AUTOMOVEL,PARTICULAR,1,8,2026
7037,SANTA ISABEL,7030-1,Conduzir motoc/moton/ciclom s/ capacete de seguranca,SP,MOTOCICLO,PARTICULAR,1,8,2026
6291,CAMPINAS,6599-2,CONDUZIR O VEICULO REGISTRADO QUE NAO ESTEJA DEVIDAMENTE LICENCIADO,SP,AUTOMOVEL,PARTICULAR,22,8,2026
7083,SAO JOAO DA BOA VISTA,5045-0,DIRIGIR VEICULO COM VALIDADE DE CNH/PPD VENCIDA HA MAIS DE 30 DIAS,Outras UFs,MOTOCICLO,PARTICULAR,1,8,2026
2951,HORTOLANDIA,7056-1,CONDUZIR MOTOC/MOTON/CICLOMOTOR FAZENDO MALABARISMO/EQUILIBRANDO-SE EM UMA RODA,SP,MOTOCICLO,PARTICULAR,1,8,2026
6377,DIADEMA,7617-2,"USAR QQ VEICULO PARA, DELIB, RESTRINGIR CIRCULACAO NA VIA SEM AUT DO ORGAO",SP,MOTOCICLO,PARTICULAR,1,8,2026
6639,LIMEIRA,5010-0,DIRIGIR VEICULO SEM POSSUIR CNH/PPD/ACC,SP,MOTOCICLO,PARTICULAR,3,8,2026
6473,GUARIBA,6599-2,CONDUZIR O VEICULO REGISTRADO QUE NAO ESTEJA DEVIDAMENTE LICENCIADO,SP,MOTOCICLO,PARTICULAR,1,8,2026
7107,SAO PAULO,6920-1,"Deixar de efetuar registro do veiculo em 30 dias, qdo for transf a propriedade",Outras UFs,AUTOMOVEL,PARTICULAR,5,8,2026
6581,ITUPEVA,7579-0,"REC SUB TEST, EX CLIN, PERIC OU PROC Q PERM CERT INFL ALC/SUB PSIC FOR ART. 277",SP,AUTOMOVEL,PARTICULAR,2,8,2026
6771,NOVO HORIZONTE,7340-0,DIRIGIR O VEIC USANDO CALCADO QUE N SE FIRME NOS PES/COMPROMETA UTILIZ PEDAIS,SP,MOTOCICLO,PARTICULAR,1,8,2026
7095,SAO JOSE DO RIO PARDO,6726-1,"CONDUZIR O VEICULO EM MAU ESTADO DE CONSERVACAO, COMPROMETENDO A SEGURANCA",SP,MOTOCICLO,PARTICULAR,1,8,2026
7107,SAO PAULO,6769-0,"CONDUZIR VEIC C/ DEFEITO NO SIST DE ILUMINACAO, SINALIZ OU LAMPADAS QUEIMADAS",SP,AUTOMOVEL,ALUGUEL,3,8,2026
7157,TABOAO DA SERRA,7056-1,CONDUZIR MOTOC/MOTON/CICLOMOTOR FAZENDO MALABARISMO/EQUILIBRANDO-SE EM UMA RODA,SP,MOTOCICLO,PARTICULAR,3,8,2026
7107,SAO PAULO,6920-3,"Deixar de efetuar reg de veic em 30 dias, qdo for alterada qquer caract do veic",SP,CAMINHAO,ALUGUEL,19,8,2026
6969,RIBEIRAO PRETO,5010-0,DIRIGIR VEICULO SEM POSSUIR CNH/PPD/ACC,SP,CICLOMOTO,PARTICULAR,1,8,2026
6179,ASSIS,6637-2,CONDUZIR O VEICULO COM EQUIPAMENTO OBRIGATORIO INEFICIENTE/INOPERANTE,SP,AUTOMOVEL,PARTICULAR,1,8,2026
6571,ITATINGA,5029-2,DIRIGIR VEICULO COM CNH/PPD/ACC COM SUSPENSAO DO DIREITO DE DIRIGIR,SP,AUTOMOVEL,PARTICULAR,1,8,2026
6687,MATAO,6726-1,"CONDUZIR O VEICULO EM MAU ESTADO DE CONSERVACAO, COMPROMETENDO A SEGURANCA",SP,AUTOMOVEL,PARTICULAR,2,8,2026
6179,ASSIS,5010-0,DIRIGIR VEICULO SEM POSSUIR CNH/PPD/ACC,SP,MOTOCICLO,PARTICULAR,3,8,2026
6191,BADY BASSITT,7340-0,DIRIGIR O VEIC USANDO CALCADO QUE N SE FIRME NOS PES/COMPROMETA UTILIZ PEDAIS,Outras UFs,MOTONETA,PARTICULAR,1,8,2026
6281,CAIEIRAS,5835-0,Desobedecer as ordens emanadas da autorid compet de transito ou de seus agentes,SP,AUTOMOVEL,PARTICULAR,1,8,2026
7079,SAO CARLOS,6769-0,"CONDUZIR VEIC C/ DEFEITO NO SIST DE ILUMINACAO, SINALIZ OU LAMPADAS QUEIMADAS",SP,ONIBUS,ALUGUEL,1,8,2026
7107,SAO PAULO,5738-0,TRANSITAR PELA CONTRAMAO DE DIRECAO EM VIA C/ SINALIZACAO DE REGUL SENTIDO UNICO,SP,MOTOCICLO,PARTICULAR,20,8,2026
7135,SERTAOZINHO,7340-0,DIRIGIR O VEIC USANDO CALCADO QUE N SE FIRME NOS PES/COMPROMETA UTILIZ PEDAIS,SP,MOTONETA,PARTICULAR,2,8,2026
6873,PIRACAIA,6726-1,"CONDUZIR O VEICULO EM MAU ESTADO DE CONSERVACAO, COMPROMETENDO A SEGURANCA",SP,AUTOMOVEL,PARTICULAR,1,8,2026
7107,SAO PAULO,7633-2,Dirigir veiculo manuseando telefone celular,SP,CAMINHAO,PARTICULAR,3,8,2026
6969,RIBEIRAO PRETO,7056-1,CONDUZIR MOTOC/MOTON/CICLOMOTOR FAZENDO MALABARISMO/EQUILIBRANDO-SE EM UMA RODA,SP,MOTOCICLO,PARTICULAR,4,8,2026
6165,ARARAS,5274-1,UTILIZ VEIC DEMONST/EXIBIR MANOBRA PERIGOSA MEDIANTE ARRANCADA BRUSCA,SP,MOTOCICLO,PARTICULAR,1,8,2026
6477,GUARULHOS,5207-0,Dirigir sem atencao ou sem os cuidados indispensaveis a seguranca,SP,MOTOCICLO,PARTICULAR,5,8,2026
6219,BAURU,6645-0,CONDUZIR O VEICULO COM EQUIP OBRIGATORIO EM DESACORDO COM O ESTAB PELO CONTRAN,SP,MOTOCICLO,PARTICULAR,5,8,2026
6291,CAMPINAS,6050-2,AVANCAR O SINAL DE PARADA OBRIGATORIA,SP,MOTOCICLO,PARTICULAR,2,8,2026
6589,JACAREI,6726-1,"CONDUZIR O VEICULO EM MAU ESTADO DE CONSERVACAO, COMPROMETENDO A SEGURANCA",SP,AUTOMOVEL,PARTICULAR,5,8,2026
7077,SAO CAETANO DO SUL,5274-2,UTILIZ VEIC DEM/EXIBIR MANOB PERIG MED DERRAP/FRENAG C/DESLIZ/ARRAST PNEUS,SP,AUTOMOVEL,PARTICULAR,1,8,2026
7107,SAO PAULO,6050-1,AVAN O SIN VERM DO SEMAF EXC SE HOUVER SINALIZ PERM LIVRE CONV A DIR,Outras UFs,AUTOMOVEL,PARTICULAR,15,8,2026
6545,ITAPECERICA DA SERRA,6653-2,CONDUZIR O VEICULO COM SILENCIADOR DE MOTOR DEFEITUOSO/DEFICIENTE/INOPERANTE,SP,MOTOCICLO,PARTICULAR,1,8,2026
7075,SAO BERNARDO DO CAMPO,7366-2,DIRIGIR VEICULO UTILIZANDO-SE DE TELEFONE CELULAR,SP,MOTOCICLO,PARTICULAR,1,8,2026
7157,TABOAO DA SERRA,6050-1,AVAN O SIN VERM DO SEMAF EXC SE HOUVER SINALIZ PERM LIVRE CONV A DIR,SP,MOTOCICLO,PARTICULAR,1,8,2026
7099,SAO JOSE DOS CAMPOS,6599-2,CONDUZIR O VEICULO REGISTRADO QUE NAO ESTEJA DEVIDAMENTE LICENCIADO,SP,AUTOMOVEL,PARTICULAR,8,8,2026
6521,IPERO,6769-0,"CONDUZIR VEIC C/ DEFEITO NO SIST DE ILUMINACAO, SINALIZ OU LAMPADAS QUEIMADAS",SP,AUTOMOVEL,PARTICULAR,1,8,2026
7099,SAO JOSE DOS CAMPOS,6050-1,AVAN O SIN VERM DO SEMAF EXC SE HOUVER SINALIZ PERM LIVRE CONV A DIR,SP,MOTOCICLO,PARTICULAR,3,8,2026
6435,GARCA,5045-0,DIRIGIR VEICULO COM VALIDADE DE CNH/PPD VENCIDA HA MAIS DE 30 DIAS,SP,MOTONETA,PARTICULAR,1,8,2026
6759,NOVA EUROPA,6599-2,CONDUZIR O VEICULO REGISTRADO QUE NAO ESTEJA DEVIDAMENTE LICENCIADO,SP,AUTOMOVEL,PARTICULAR,1,8,2026
6469,GUARATINGUETA,6726-1,"CONDUZIR O VEICULO EM MAU ESTADO DE CONSERVACAO, COMPROMETENDO A SEGURANCA",SP,MOTOCICLO,PARTICULAR,10,8,2026
7187,TEODORO SAMPAIO,6670-0,CONDUZIR O VEICULO C/ EQUIP DO SISTEMA DE ILUMINACAO E DE SINALIZACAO ALTERADOS,Outras UFs,MOTOCICLO,PARTICULAR,1,8,2026
6309,CAPIVARI,5185-1,Deixar o condutor de usar o cinto seguranca,SP,CAMINHONET,PARTICULAR,5,8,2026
6579,ITU,7544-1,Falta de escrituracao livro registro entrada/saida e de uso placa de experiencia,SP,UTILITARIO,PARTICULAR,2,8,2026
7113,SAO ROQUE,5010-0,DIRIGIR VEICULO SEM POSSUIR CNH/PPD/ACC,SP,MOTOCICLO,PARTICULAR,4,8,2026
7107,SAO PAULO,5010-0,DIRIGIR VEICULO SEM POSSUIR CNH/PPD/ACC,SP,MOTONETA,PARTICULAR,16,8,2026
6329,CERQUEIRA CESAR,5207-0,Dirigir sem atencao ou sem os cuidados indispensaveis a seguranca,SP,MOTOCICLO,PARTICULAR,1,8,2026
7145,SOROCABA,5215-2,Dirigir ameacando os demais veiculos,SP,AUTOMOVEL,PARTICULAR,1,8,2026
6687,MATAO,6599-2,CONDUZIR O VEICULO REGISTRADO QUE NAO ESTEJA DEVIDAMENTE LICENCIADO,SP,MOTOCICLO,PARTICULAR,3,8,2026
6827,PATROCINIO PAULISTA,6530-0,USAR NO VEICULO EQUIP C/ SOM EM VOLUME/FREQUENCIA NAO AUTORIZADOS PELO CONTRAN,SP,AUTOMOVEL,PARTICULAR,1,8,2026
7047,SANTANA DE PARNAIBA,5819-6,TRANSITAR COM O VEICULO EM MARCAS DE CANALIZACAO,SP,MOTOCICLO,PARTICULAR,1,8,2026
6717,MOGI-MIRIM,6653-1,CONDUZIR O VEICULO COM DESCARGA LIVRE,SP,MOTOCICLO,PARTICULAR,1,8,2026
7107,SAO PAULO,5720-0,TRANSITAR PELA CONTRAMAO DE DIRECAO EM VIA COM DUPLO SENTIDO DE CIRCULACAO,SP,CAMINHONET,PARTICULAR,2,8,2026
7107,SAO PAULO,7366-2,DIRIGIR VEICULO UTILIZANDO-SE DE TELEFONE CELULAR,SP,AUTOMOVEL,PARTICULAR,26,8,2026
6543,ITANHAEM,5274-1,UTILIZ VEIC DEMONST/EXIBIR MANOBRA PERIGOSA MEDIANTE ARRANCADA BRUSCA,SP,MOTOCICLO,PARTICULAR,2,8,2026
6635,LEME,6599-2,CONDUZIR O VEICULO REGISTRADO QUE NAO ESTEJA DEVIDAMENTE LICENCIADO,SP,AUTOMOVEL,PARTICULAR,3,8,2026
6581,ITUPEVA,7633-2,Dirigir veiculo manuseando telefone celular,SP,AUTOMOVEL,PARTICULAR,2,8,2026
6875,PIRACICABA,6653-2,CONDUZIR O VEICULO COM SILENCIADOR DE MOTOR DEFEITUOSO/DEFICIENTE/INOPERANTE,SP,MOTOCICLO,PARTICULAR,1,8,2026
6711,MOCOCA,5010-0,DIRIGIR VEICULO SEM POSSUIR CNH/PPD/ACC,SP,MOTOCICLO,PARTICULAR,2,8,2026
7107,SAO PAULO,6432-2,TRANSITAR COM O FACHO DE LUZ ALTA PERTURBANDO VISAO OUTRO CONDUTOR,SP,AUTOMOVEL,PARTICULAR,11,8,2026
7107,SAO PAULO,5126-1,PERMITIR POSSE/CONDUCAO DO VEICULO A PESSOA COM CNH/PPD/ACC CASSADA,SP,MOTOCICLO,PARTICULAR,1,8,2026
6213,BARUERI,5070-2,ENTREGAR VEICULO A PESSOA COM CNH/PPD/ACC COM SUSP. DO DIREITO DE DIRIGIR,SP,MOTONETA,PARTICULAR,1,8,2026
7145,SOROCABA,5096-0,ENTREGAR VEICULO A PESSOA COM CNH/PPD VENCIDA HA MAIS DE 30 DIAS,SP,AUTOMOVEL,PARTICULAR,2,8,2026
6377,DIADEMA,7749-2,DIRIGIR VEICULO SEM POSSUIR CURSOS ESPECIFICOS OBRIGATORIOS,SP,MOTOCICLO,PARTICULAR,2,8,2026
7107,SAO PAULO,7293-0,"UTILIZAR O PISCA-ALERTA, EXCETO EM IMOBILIZACOES OU SITUACOES DE EMERGENCIA",SP,AUTOMOVEL,PARTICULAR,17,8,2026
2993,POTIM,5207-0,Dirigir sem atencao ou sem os cuidados indispensaveis a seguranca,SP,MOTOCICLO,PARTICULAR,1,8,2026
7107,SAO PAULO,7285-0,"EM MOVIMENTO, DEIXAR DE MANTER A PLACA TRASEIRA ILUMINADA A NOITE",SP,AUTOMOVEL,PARTICULAR,8,8,2026
6247,BORBOREMA,5045-0,DIRIGIR VEICULO COM VALIDADE DE CNH/PPD VENCIDA HA MAIS DE 30 DIAS,SP,AUTOMOVEL,PARTICULAR,1,8,2026
7145,SOROCABA,6599-2,CONDUZIR O VEICULO REGISTRADO QUE NAO ESTEJA DEVIDAMENTE LICENCIADO,SP,AUTOMOVEL,PARTICULAR,22,8,2026
6615,JOSE BONIFACIO,5045-0,DIRIGIR VEICULO COM VALIDADE DE CNH/PPD VENCIDA HA MAIS DE 30 DIAS,SP,MOTOCICLO,PARTICULAR,1,8,2026
6717,MOGI-MIRIM,6530-0,USAR NO VEICULO EQUIP C/ SOM EM VOLUME/FREQUENCIA NAO AUTORIZADOS PELO CONTRAN,SP,AUTOMOVEL,PARTICULAR,1,8,2026
6469,GUARATINGUETA,5207-0,Dirigir sem atencao ou sem os cuidados indispensaveis a seguranca,SP,MOTOCICLO,PARTICULAR,1,8,2026
7107,SAO PAULO,5029-2,DIRIGIR VEICULO COM CNH/PPD/ACC COM SUSPENSAO DO DIREITO DE DIRIGIR,SP,UTILITARIO,PARTICULAR,3,8,2026
7107,SAO PAULO,6920-1,"Deixar de efetuar registro do veiculo em 30 dias, qdo for transf a propriedade",SP,ONIBUS,ALUGUEL,54,8,2026
7107,SAO PAULO,6050-2,AVANCAR O SINAL DE PARADA OBRIGATORIA,SP,AUTOMOVEL,PARTICULAR,11,8,2026
6163,ARARAQUARA,7579-0,"REC SUB TEST, EX CLIN, PERIC OU PROC Q PERM CERT INFL ALC/SUB PSIC FOR ART. 277",SP,UTILITARIO,PARTICULAR,1,8,2026
6795,OURINHOS,6645-0,CONDUZIR O VEICULO COM EQUIP OBRIGATORIO EM DESACORDO COM O ESTAB PELO CONTRAN,SP,MOTOCICLO,PARTICULAR,5,8,2026
7075,SAO BERNARDO DO CAMPO,5738-0,TRANSITAR PELA CONTRAMAO DE DIRECAO EM VIA C/ SINALIZACAO DE REGUL SENTIDO UNICO,SP,AUTOMOVEL,PARTICULAR,7,8,2026
7075,SAO BERNARDO DO CAMPO,5045-0,DIRIGIR VEICULO COM VALIDADE DE CNH/PPD VENCIDA HA MAIS DE 30 DIAS,SP,UTILITARIO,PARTICULAR,1,8,2026
7107,SAO PAULO,5843-3,"Deixar de indicar c/ antec, med gesto de braco/luz indicadora, mudanca direcao",SP,MOTONETA,PARTICULAR,1,8,2026
6345,CONCHAL,5118-0,PERMITIR POSSE/CONDUCAO DO VEICULO A PESSOA SEM CNH/PPD/ACC,SP,MOTOCICLO,PARTICULAR,2,8,2026
2951,HORTOLANDIA,6602-0,CONDUZIR O VEICULO COM QUALQUER UMA DAS PLACAS SEM LEGIBILIDADE E VISIBILIDADE,SP,MOTOCICLO,PARTICULAR,2,8,2026
7107,SAO PAULO,6726-1,"CONDUZIR O VEICULO EM MAU ESTADO DE CONSERVACAO, COMPROMETENDO A SEGURANCA",SP,CAMINHONET,ALUGUEL,6,8,2026
2987,PONTALINDA,6599-2,CONDUZIR O VEICULO REGISTRADO QUE NAO ESTEJA DEVIDAMENTE LICENCIADO,SP,MOTOCICLO,PARTICULAR,1,8,2026
6285,CAJAMAR,6130-0,DEIXAR DE DAR PREFERENCIA A PEDESTRE/VEIC N MOT QUE N HAJA CONCLUIDO A TRAVESSIA,Outras UFs,MOTOCICLO,,1,8,2026
6891,PITANGUEIRAS,6602-0,CONDUZIR O VEICULO COM QUALQUER UMA DAS PLACAS SEM LEGIBILIDADE E VISIBILIDADE,SP,MOTOCICLO,PARTICULAR,1,8,2026
6249,BOTUCATU,7633-1,Dirigir veiculo segurando telefone celular,SP,AUTOMOVEL,PARTICULAR,1,8,2026
7107,SAO PAULO,6769-0,"CONDUZIR VEIC C/ DEFEITO NO SIST DE ILUMINACAO, SINALIZ OU LAMPADAS QUEIMADAS",SP,MOTOCICLO,PARTICULAR,14,8,2026
6619,JUNDIAI,5274-1,UTILIZ VEIC DEMONST/EXIBIR MANOBRA PERIGOSA MEDIANTE ARRANCADA BRUSCA,Outras UFs,AUTOMOVEL,PARTICULAR,1,8,2026
6259,BROTAS,5118-0,PERMITIR POSSE/CONDUCAO DO VEICULO A PESSOA SEM CNH/PPD/ACC,SP,MOTOCICLO,PARTICULAR,1,8,2026
6875,PIRACICABA,7579-0,"REC SUB TEST, EX CLIN, PERIC OU PROC Q PERM CERT INFL ALC/SUB PSIC FOR ART. 277",SP,AUTOMOVEL,PARTICULAR,3,8,2026
6205,BARRA BONITA,6645-0,CONDUZIR O VEICULO COM EQUIP OBRIGATORIO EM DESACORDO COM O ESTAB PELO CONTRAN,SP,MOTOCICLO,PARTICULAR,10,8,2026
6219,BAURU,5045-0,DIRIGIR VEICULO COM VALIDADE DE CNH/PPD VENCIDA HA MAIS DE 30 DIAS,SP,AUTOMOVEL,PARTICULAR,3,8,2026
7083,SAO JOAO DA BOA VISTA,5738-0,TRANSITAR PELA CONTRAMAO DE DIRECAO EM VIA C/ SINALIZACAO DE REGUL SENTIDO UNICO,SP,MOTOCICLO,PARTICULAR,1,8,2026
7107,SAO PAULO,7633-2,Dirigir veiculo manuseando telefone celular,SP,AUTOMOVEL,,1,8,2026
7037,SANTA ISABEL,5274-1,UTILIZ VEIC DEMONST/EXIBIR MANOBRA PERIGOSA MEDIANTE ARRANCADA BRUSCA,SP,MOTOCICLO,PARTICULAR,3,8,2026
6169,AREIAS,6726-1,"CONDUZIR O VEICULO EM MAU ESTADO DE CONSERVACAO, COMPROMETENDO A SEGURANCA",SP,AUTOMOVEL,PARTICULAR,1,8,2026
7107,SAO PAULO,5878-0,"ULTRAPASSAR PELA DIREITA, SALVO QDO VEIC DA FRENTE DER SINAL P/ ENTRAR ESQUERDA",SP,MOTONETA,PARTICULAR,1,8,2026
6401,EMBU DAS ARTES,5185-1,Deixar o condutor de usar o cinto seguranca,SP,CAMINHONET,PARTICULAR,1,8,2026
7107,SAO PAULO,5797-0,FORCAR PASSAGEM ENTRE VEICS TRANS SENT OPOSTOS NA IMINENCIA REALIZ ULTRAPASSAGEM,SP,MOTOCICLO,PARTICULAR,12,8,2026
6579,ITU,5185-1,Deixar o condutor de usar o cinto seguranca,SP,CAMINHAO,PARTICULAR,1,8,2026
6835,PEDERNEIRAS,6637-2,CONDUZIR O VEICULO COM EQUIPAMENTO OBRIGATORIO INEFICIENTE/INOPERANTE,SP,MOTOCICLO,PARTICULAR,1,8,2026
7145,SOROCABA,6726-1,"CONDUZIR O VEICULO EM MAU ESTADO DE CONSERVACAO, COMPROMETENDO A SEGURANCA",SP,AUTOMOVEL,PARTICULAR,3,8,2026
6795,OURINHOS,6050-1,AVAN O SIN VERM DO SEMAF EXC SE HOUVER SINALIZ PERM LIVRE CONV A DIR,Outras UFs,AUTOMOVEL,PARTICULAR,1,8,2026
7107,SAO PAULO,5002-0,"Multa, por nao identificacao do condutor infrator, imposta a pessoa juridica",SP,AUTOMOVEL,PARTICULAR,50,8,2026
7107,SAO PAULO,7579-0,"REC SUB TEST, EX CLIN, PERIC OU PROC Q PERM CERT INFL ALC/SUB PSIC FOR ART. 277",SP,AUTOMOVEL,PARTICULAR,128,8,2026
6619,JUNDIAI,5185-1,Deixar o condutor de usar o cinto seguranca,SP,AUTOMOVEL,PARTICULAR,25,8,2026
6861,PINDAMONHANGABA,7579-0,"REC SUB TEST, EX CLIN, PERIC OU PROC Q PERM CERT INFL ALC/SUB PSIC FOR ART. 277",SP,AUTOMOVEL,PARTICULAR,8,8,2026
7047,SANTANA DE PARNAIBA,6637-1,CONDUZIR O VEICULO SEM EQUIPAMENTO OBRIGATORIO,SP,MOTOCICLO,PARTICULAR,3,8,2026
6929,PRESIDENTE PRUDENTE,7056-1,CONDUZIR MOTOC/MOTON/CICLOMOTOR FAZENDO MALABARISMO/EQUILIBRANDO-SE EM UMA RODA,SP,MOTOCICLO,PARTICULAR,1,8,2026
6713,MOGI DAS CRUZES,6726-1,"CONDUZIR O VEICULO EM MAU ESTADO DE CONSERVACAO, COMPROMETENDO A SEGURANCA",SP,MOTOCICLO,PARTICULAR,1,8,2026
7107,SAO PAULO,7633-2,Dirigir veiculo manuseando telefone celular,SP,AUTOMOVEL,ALUGUEL,2,8,2026
7107,SAO PAULO,5185-1,Deixar o condutor de usar o cinto seguranca,SP,AUTOMOVEL,PARTICULAR,330,8,2026
7107,SAO PAULO,7684-1,Cond motoc/moton/ciclom c/ util cap de seg s/ vis/ocul prot,SP,MOTOCICLO,PARTICULAR,20,8,2026
7107,SAO PAULO,6580-0,CONDUZIR O VEICULO SEM QUALQUER UMA DAS PLACAS DE IDENTIFICACAO,SP,CAMIONETA,PARTICULAR,1,8,2026
7145,SOROCABA,7340-0,DIRIGIR O VEIC USANDO CALCADO QUE N SE FIRME NOS PES/COMPROMETA UTILIZ PEDAIS,SP,MOTOCICLO,PARTICULAR,4,8,2026
7107,SAO PAULO,5070-2,ENTREGAR VEICULO A PESSOA COM CNH/PPD/ACC COM SUSP. DO DIREITO DE DIRIGIR,SP,C. TRATOR,ALUGUEL,1,8,2026
6427,FRANCISCO MORATO,5185-1,Deixar o condutor de usar o cinto seguranca,Outras UFs,AUTOMOVEL,PARTICULAR,1,8,2026
6261,BURI,5738-0,TRANSITAR PELA CONTRAMAO DE DIRECAO EM VIA C/ SINALIZACAO DE REGUL SENTIDO UNICO,SP,MOTOCICLO,PARTICULAR,1,8,2026
6209,BARRETOS,7340-0,DIRIGIR O VEIC USANDO CALCADO QUE N SE FIRME NOS PES/COMPROMETA UTILIZ PEDAIS,SP,MOTOCICLO,PARTICULAR,3,8,2026
6957,RIBEIRA,5274-2,UTILIZ VEIC DEM/EXIBIR MANOB PERIG MED DERRAP/FRENAG C/DESLIZ/ARRAST PNEUS,SP,AUTOMOVEL,PARTICULAR,1,8,2026
7099,SAO JOSE DOS CAMPOS,5185-1,Deixar o condutor de usar o cinto seguranca,SP,AUTOMOVEL,PARTICULAR,11,8,2026
7223,VALENTIM GENTIL,5010-0,DIRIGIR VEICULO SEM POSSUIR CNH/PPD/ACC,SP,MOTONETA,PARTICULAR,1,8,2026
7183,TAUBATE,5010-0,DIRIGIR VEICULO SEM POSSUIR CNH/PPD/ACC,SP,MOTOCICLO,PARTICULAR,1,8,2026
7107,SAO PAULO,5070-1,ENTREGAR VEICULO A PESSOA COM CNH/PPD/ACC CASSADA,SP,CAMIONETA,ALUGUEL,1,8,2026
7107,SAO PAULO,6920-3,"Deixar de efetuar reg de veic em 30 dias, qdo for alterada qquer caract do veic",SP,S. REBOQUE,PARTICULAR,4,8,2026
6427,FRANCISCO MORATO,7579-0,"REC SUB TEST, EX CLIN, PERIC OU PROC Q PERM CERT INFL ALC/SUB PSIC FOR ART. 277",SP,CAMIONETA,PARTICULAR,3,8,2026
7107,SAO PAULO,6726-1,"CONDUZIR O VEICULO EM MAU ESTADO DE CONSERVACAO, COMPROMETENDO A SEGURANCA",SP,MOTONETA,PARTICULAR,7,8,2026
6477,GUARULHOS,5010-0,DIRIGIR VEICULO SEM POSSUIR CNH/PPD/ACC,SP,AUTOMOVEL,PARTICULAR,4,8,2026
6311,CARAGUATATUBA,6599-2,CONDUZIR O VEICULO REGISTRADO QUE NAO ESTEJA DEVIDAMENTE LICENCIADO,SP,MOTONETA,PARTICULAR,2,8,2026
7255,EUCLIDES DA CUNHA PAULISTA,5720-0,TRANSITAR PELA CONTRAMAO DE DIRECAO EM VIA COM DUPLO SENTIDO DE CIRCULACAO,SP,AUTOMOVEL,PARTICULAR,1,8,2026
6445,GUAICARA,6530-0,USAR NO VEICULO EQUIP C/ SOM EM VOLUME/FREQUENCIA NAO AUTORIZADOS PELO CONTRAN,SP,AUTOMOVEL,PARTICULAR,1,8,2026
6689,MAUA,6050-1,AVAN O SIN VERM DO SEMAF EXC SE HOUVER SINALIZ PERM LIVRE CONV A DIR,SP,AUTOMOVEL,PARTICULAR,2,8,2026
6209,BARRETOS,6599-2,CONDUZIR O VEICULO REGISTRADO QUE NAO ESTEJA DEVIDAMENTE LICENCIADO,SP,MOTONETA,PARTICULAR,4,8,2026
6715,MOGI-GUACU,6530-0,USAR NO VEICULO EQUIP C/ SOM EM VOLUME/FREQUENCIA NAO AUTORIZADOS PELO CONTRAN,SP,AUTOMOVEL,PARTICULAR,4,8,2026
7107,SAO PAULO,7544-1,Falta de escrituracao livro registro entrada/saida e de uso placa de experiencia,SP,AUTOMOVEL,PARTICULAR,3,8,2026
7145,SOROCABA,6050-1,AVAN O SIN VERM DO SEMAF EXC SE HOUVER SINALIZ PERM LIVRE CONV A DIR,SP,AUTOMOVEL,PARTICULAR,3,8,2026
7107,SAO PAULO,7684-2,Cond motoc/moton/ciclom c/ util cap de seg c/ vis/ocul prot des c/ regul Contran,Outras UFs,MOTOCICLO,PARTICULAR,2,8,2026
7107,SAO PAULO,5207-0,Dirigir sem atencao ou sem os cuidados indispensaveis a seguranca,SP,MOTONETA,PARTICULAR,5,8,2026
6247,BORBOREMA,6637-2,CONDUZIR O VEICULO COM EQUIPAMENTO OBRIGATORIO INEFICIENTE/INOPERANTE,SP,MOTOCICLO,PARTICULAR,1,8,2026
7099,SAO JOSE DOS CAMPOS,6602-0,CONDUZIR O VEICULO COM QUALQUER UMA DAS PLACAS SEM LEGIBILIDADE E VISIBILIDADE,SP,AUTOMOVEL,PARTICULAR,2,8,2026
7107,SAO PAULO,7765-0,FUGIR O CONDUTOR A ACAO POLICIAL,SP,MOTOCICLO,PARTICULAR,5,8,2026
6457,GUARACAI,7684-2,Cond motoc/moton/ciclom c/ util cap de seg c/ vis/ocul prot des c/ regul Contran,SP,MOTOCICLO,PARTICULAR,1,8,2026
7151,SUZANO,5835-0,Desobedecer as ordens emanadas da autorid compet de transito ou de seus agentes,SP,AUTOMOVEL,PARTICULAR,1,8,2026
7177,TAQUARITUBA,7684-1,Cond motoc/moton/ciclom c/ util cap de seg s/ vis/ocul prot,SP,MOTOCICLO,PARTICULAR,1,8,2026
6323,CATANDUVA,7056-1,CONDUZIR MOTOC/MOTON/CICLOMOTOR FAZENDO MALABARISMO/EQUILIBRANDO-SE EM UMA RODA,SP,MOTOCICLO,PARTICULAR,2,8,2026
6343,COLOMBIA,5738-0,TRANSITAR PELA CONTRAMAO DE DIRECAO EM VIA C/ SINALIZACAO DE REGUL SENTIDO UNICO,SP,AUTOMOVEL,PARTICULAR,1,8,2026
6897,POA,6599-2,CONDUZIR O VEICULO REGISTRADO QUE NAO ESTEJA DEVIDAMENTE LICENCIADO,SP,AUTOMOVEL,PARTICULAR,6,8,2026
6199,BARBOSA,6408-0,PORTAR NO VEICULO PLACAS DE IDENTIFICACAO EM DESACORDO C/ ESPECIF/MODELO CONTRAN,SP,MOTOCICLO,PARTICULAR,1,8,2026
6579,ITU,5738-0,TRANSITAR PELA CONTRAMAO DE DIRECAO EM VIA C/ SINALIZACAO DE REGUL SENTIDO UNICO,SP,AUTOMOVEL,PARTICULAR,1,8,2026
7107,SAO PAULO,5231-1,ATIRAR DO VEICULO OBJETOS OU SUBSTANCIAS,SP,AUTOMOVEL,PARTICULAR,2,8,2026
6125,ALVARES MACHADO,6645-0,CONDUZIR O VEICULO COM EQUIP OBRIGATORIO EM DESACORDO COM O ESTAB PELO CONTRAN,SP,MOTONETA,PARTICULAR,1,8,2026
6847,PENAPOLIS,6599-2,CONDUZIR O VEICULO REGISTRADO QUE NAO ESTEJA DEVIDAMENTE LICENCIADO,SP,CAMINHONET,PARTICULAR,1,8,2026
7107,SAO PAULO,5045-0,DIRIGIR VEICULO COM VALIDADE DE CNH/PPD VENCIDA HA MAIS DE 30 DIAS,SP,MOTOCICLO,PARTICULAR,29,8,2026
7071,SANTOS,6181-0,DEIXAR DE DAR PREFERENCIA NAS INTERSECOES COM SINALIZACAO DE DE A PREFERENCIA,SP,MOTOCICLO,PARTICULAR,1,8,2026
7107,SAO PAULO,6726-1,"CONDUZIR O VEICULO EM MAU ESTADO DE CONSERVACAO, COMPROMETENDO A SEGURANCA",SP,CAMINHONET,PARTICULAR,13,8,2026
6165,ARARAS,6599-2,CONDUZIR O VEICULO REGISTRADO QUE NAO ESTEJA DEVIDAMENTE LICENCIADO,SP,AUTOMOVEL,PARTICULAR,2,8,2026
7075,SAO BERNARDO DO CAMPO,5185-2,Deixar o passageiro de usar o cinto seguranca,SP,AUTOMOVEL,PARTICULAR,1,8,2026
6323,CATANDUVA,7579-0,"REC SUB TEST, EX CLIN, PERIC OU PROC Q PERM CERT INFL ALC/SUB PSIC FOR ART. 277",SP,AUTOMOVEL,PARTICULAR,2,8,2026
7107,SAO PAULO,6599-2,CONDUZIR O VEICULO REGISTRADO QUE NAO ESTEJA DEVIDAMENTE LICENCIADO,SP,MOTOCICLO,ALUGUEL,2,8,2026
6345,CONCHAL,6599-2,CONDUZIR O VEICULO REGISTRADO QUE NAO ESTEJA DEVIDAMENTE LICENCIADO,SP,AUTOMOVEL,PARTICULAR,1,8,2026
7135,SERTAOZINHO,6599-2,CONDUZIR O VEICULO REGISTRADO QUE NAO ESTEJA DEVIDAMENTE LICENCIADO,SP,CAMIONETA,PARTICULAR,1,8,2026
6477,GUARULHOS,7030-3,Conduzir motoc/moton/ciclom s/ vestuario de acordo c/ normas apr pelo Contran,SP,MOTOCICLO,PARTICULAR,1,8,2026
7107,SAO PAULO,6807-0,TRANSITAR C/VEIC DERRAMAN/LANCANDO/ARRASTANDO OBJETO POSSA ACARRETAR RISCO ACID,Outras UFs,CAMINHAO,ALUGUEL,1,8,2026
6429,FRANCO DA ROCHA,7633-1,Dirigir veiculo segurando telefone celular,SP,AUTOMOVEL,PARTICULAR,1,8,2026
6569,ITATIBA,6653-1,CONDUZIR O VEICULO COM DESCARGA LIVRE,SP,MOTOCICLO,PARTICULAR,5,8,2026
6221,BEBEDOURO,6653-2,CONDUZIR O VEICULO COM SILENCIADOR DE MOTOR DEFEITUOSO/DEFICIENTE/INOPERANTE,SP,MOTOCICLO,PARTICULAR,14,8,2026
6477,GUARULHOS,6769-0,"CONDUZIR VEIC C/ DEFEITO NO SIST DE ILUMINACAO, SINALIZ OU LAMPADAS QUEIMADAS",SP,AUTOMOVEL,PARTICULAR,2,8,2026
6445,GUAICARA,5525-0,ESTACIONAR NA CONTRAMAO DE DIRECAO,SP,AUTOMOVEL,PARTICULAR,6,8,2026
6639,LIMEIRA,6270-0,DEIXAR DE REDUZIR A VELOC ONDE O TRANSITO ESTEJA SENDO CONTROLADO PELO AGENTE,SP,MOTOCICLO,PARTICULAR,1,8,2026
6545,ITAPECERICA DA SERRA,6599-2,CONDUZIR O VEICULO REGISTRADO QUE NAO ESTEJA DEVIDAMENTE LICENCIADO,SP,MOTOCICLO,PARTICULAR,3,8,2026
6699,MIRACATU,5738-0,TRANSITAR PELA CONTRAMAO DE DIRECAO EM VIA C/ SINALIZACAO DE REGUL SENTIDO UNICO,SP,MOTOCICLO,PARTICULAR,1,8,2026
7055,SANTO ANASTACIO,6726-1,"CONDUZIR O VEICULO EM MAU ESTADO DE CONSERVACAO, COMPROMETENDO A SEGURANCA",SP,CAMINHONET,PARTICULAR,1,8,2026
7107,SAO PAULO,5967-0,"ULTRAPASSAR PELA CONTRAMAO LINHA DE DIVISAO DE FLUXOS OPOSTOS, CONTINUA AMARELA",SP,MOTONETA,PARTICULAR,4,8,2026
7107,SAO PAULO,7749-2,DIRIGIR VEICULO SEM POSSUIR CURSOS ESPECIFICOS OBRIGATORIOS,SP,MOTOCICLO,PARTICULAR,7,8,2026
6681,MARILIA,6602-0,CONDUZIR O VEICULO COM QUALQUER UMA DAS PLACAS SEM LEGIBILIDADE E VISIBILIDADE,Outras UFs,MOTOCICLO,,1,8,2026
6563,ITAQUAQUECETUBA,7633-2,Dirigir veiculo manuseando telefone celular,SP,AUTOMOVEL,PARTICULAR,2,8,2026
6217,BATATAIS,5274-1,UTILIZ VEIC DEMONST/EXIBIR MANOBRA PERIGOSA MEDIANTE ARRANCADA BRUSCA,SP,AUTOMOVEL,PARTICULAR,1,8,2026
6681,MARILIA,7030-1,Conduzir motoc/moton/ciclom s/ capacete de seguranca,SP,MOTONETA,PARTICULAR,1,8,2026
7107,SAO PAULO,5959-1,ULTRAPASSAR PELA CONTRAMAO VEICULO PARADO EM FILA JUNTO SINAL LUMINOSO,SP,MOTOCICLO,PARTICULAR,1,8,2026
2943,ILHA SOLTEIRA,5827-0,"TRANSITAR EM MARCHA RE, SALVO NA DISTANCIA NECESSARIA A PEQUENAS MANOBRAS",SP,AUTOMOVEL,PARTICULAR,1,8,2026
6705,MIRANTE DO PARANAPANEMA,6599-2,CONDUZIR O VEICULO REGISTRADO QUE NAO ESTEJA DEVIDAMENTE LICENCIADO,SP,AUTOMOVEL,PARTICULAR,1,8,2026
7107,SAO PAULO,6920-1,"Deixar de efetuar registro do veiculo em 30 dias, qdo for transf a propriedade",SP,REBOQUE,PARTICULAR,398,8,2026
6489,IBIRA,6050-1,AVAN O SIN VERM DO SEMAF EXC SE HOUVER SINALIZ PERM LIVRE CONV A DIR,SP,CAMIONETA,PARTICULAR,1,8,2026
6261,BURI,6599-2,CONDUZIR O VEICULO REGISTRADO QUE NAO ESTEJA DEVIDAMENTE LICENCIADO,SP,AUTOMOVEL,PARTICULAR,2,8,2026
7077,SAO CAETANO DO SUL,6041-2,EXECUTAR OPERACAO DE CONVERSAO A ESQUERDA EM LOCAL PROIBIDO PELA SINALIZACAO,SP,AUTOMOVEL,PARTICULAR,1,8,2026
6797,OURO VERDE,5835-0,Desobedecer as ordens emanadas da autorid compet de transito ou de seus agentes,SP,MOTOCICLO,PARTICULAR,1,8,2026
7107,SAO PAULO,7633-2,Dirigir veiculo manuseando telefone celular,SP,MOTONETA,PARTICULAR,2,8,2026
7107,SAO PAULO,5029-1,Dirigir veiculo com CNH/PPD/ACC cassada,SP,MOTOCICLO,PARTICULAR,11,8,2026
6189,AVARE,5207-0,Dirigir sem atencao ou sem os cuidados indispensaveis a seguranca,Outras UFs,UTILITARIO,PARTICULAR,1,8,2026
6219,BAURU,5193-0,Transportar crianca sem observancia das normas de seguranca estabelecidas p/ CTB,SP,AUTOMOVEL,PARTICULAR,1,8,2026
7107,SAO PAULO,6050-1,AVAN O SIN VERM DO SEMAF EXC SE HOUVER SINALIZ PERM LIVRE CONV A DIR,SP,ONIBUS,ALUGUEL,1,8,2026
6451,GUAPIACU,7269-0,EM MOV DE DIA DEIXAR DE MANTER ACESA LUZ BAIXA MOTOC/MOTON/CICLOM,SP,MOTOCICLO,PARTICULAR,1,8,2026
6377,DIADEMA,6599-2,CONDUZIR O VEICULO REGISTRADO QUE NAO ESTEJA DEVIDAMENTE LICENCIADO,SP,AUTOMOVEL,PARTICULAR,2,8,2026
6857,PIEDADE,7684-2,Cond motoc/moton/ciclom c/ util cap de seg c/ vis/ocul prot des c/ regul Contran,SP,MOTOCICLO,PARTICULAR,1,8,2026
6177,ARUJA,5037-1,DIRIGIR VEICULO COM CNH DE CATEGORIA DIFERENTE DA DO VEICULO,SP,MOTOCICLO,PARTICULAR,2,8,2026
6285,CAJAMAR,5185-2,Deixar o passageiro de usar o cinto seguranca,SP,CAMINHONET,PARTICULAR,2,8,2026
7017,SANTA BARBARA DO OESTE,6432-1,TRANSITAR COM FAROL DESREGULADO PERTURBANDO VISAO OUTRO CONDUTOR,SP,AUTOMOVEL,PARTICULAR,1,8,2026
2965,BERTIOGA,5185-1,Deixar o condutor de usar o cinto seguranca,SP,CAMIONETA,PARTICULAR,1,8,2026
6543,ITANHAEM,6726-1,"CONDUZIR O VEICULO EM MAU ESTADO DE CONSERVACAO, COMPROMETENDO A SEGURANCA",SP,AUTOMOVEL,PARTICULAR,1,8,2026
6449,GUAIRA,5045-0,DIRIGIR VEICULO COM VALIDADE DE CNH/PPD VENCIDA HA MAIS DE 30 DIAS,SP,MOTOCICLO,PARTICULAR,1,8,2026
6687,MATAO,5010-0,DIRIGIR VEICULO SEM POSSUIR CNH/PPD/ACC,SP,MOTOCICLO,PARTICULAR,4,8,2026
7097,SAO JOSE DO RIO PRETO,5274-1,UTILIZ VEIC DEMONST/EXIBIR MANOBRA PERIGOSA MEDIANTE ARRANCADA BRUSCA,SP,MOTOCICLO,PARTICULAR,1,8,2026
7225,VALINHOS,7056-1,CONDUZIR MOTOC/MOTON/CICLOMOTOR FAZENDO MALABARISMO/EQUILIBRANDO-SE EM UMA RODA,SP,MOTOCICLO,PARTICULAR,2,8,2026
6587,JABOTICABAL,5010-0,DIRIGIR VEICULO SEM POSSUIR CNH/PPD/ACC,SP,AUTOMOVEL,PARTICULAR,2,8,2026
6727,MONTE ALTO,7579-0,"REC SUB TEST, EX CLIN, PERIC OU PROC Q PERM CERT INFL ALC/SUB PSIC FOR ART. 277",SP,CAMIONETA,PARTICULAR,1,8,2026
6601,JANDIRA,5070-2,ENTREGAR VEICULO A PESSOA COM CNH/PPD/ACC COM SUSP. DO DIREITO DE DIRIGIR,SP,MOTOCICLO,PARTICULAR,1,8,2026
7075,SAO BERNARDO DO CAMPO,6637-1,CONDUZIR O VEICULO SEM EQUIPAMENTO OBRIGATORIO,SP,MOTOCICLO,PARTICULAR,3,8,2026
6281,CAIEIRAS,5738-0,TRANSITAR PELA CONTRAMAO DE DIRECAO EM VIA C/ SINALIZACAO DE REGUL SENTIDO UNICO,SP,AUTOMOVEL,PARTICULAR,1,8,2026
7107,SAO PAULO,5762-0,"TRANSITAR AO LADO DE OUTRO VEICULO, INTERROMPENDO OU PERTURBANDO O TRANSITO",SP,MOTOCICLO,PARTICULAR,1,8,2026
6313,CARAPICUIBA,7340-0,DIRIGIR O VEIC USANDO CALCADO QUE N SE FIRME NOS PES/COMPROMETA UTILIZ PEDAIS,SP,MOTOCICLO,PARTICULAR,4,8,2026
7107,SAO PAULO,5967-0,"ULTRAPASSAR PELA CONTRAMAO LINHA DE DIVISAO DE FLUXOS OPOSTOS, CONTINUA AMARELA",SP,MOTOCICLO,PARTICULAR,6,8,2026
6313,CARAPICUIBA,6726-1,"CONDUZIR O VEICULO EM MAU ESTADO DE CONSERVACAO, COMPROMETENDO A SEGURANCA",SP,CAMINHONET,PARTICULAR,1,8,2026
7107,SAO PAULO,7234-0,"EM MOVIMENTO, DEIXAR DE MANTER ACESA A LUZ BAIXA DURANTE A NOITE",Outras UFs,UTILITARIO,PARTICULAR,1,8,2026
7077,SAO CAETANO DO SUL,6432-2,TRANSITAR COM O FACHO DE LUZ ALTA PERTURBANDO VISAO OUTRO CONDUTOR,SP,AUTOMOVEL,PARTICULAR,1,8,2026
7245,VOTUPORANGA,5274-1,UTILIZ VEIC DEMONST/EXIBIR MANOBRA PERIGOSA MEDIANTE ARRANCADA BRUSCA,SP,MOTOCICLO,PARTICULAR,1,8,2026
7075,SAO BERNARDO DO CAMPO,7773-2,ENTREGAR VEICULO A PESSOA SEM POSSUIR CURSOS ESPECIFICOS OBRIGATORIOS,SP,MOTONETA,PARTICULAR,1,8,2026
7071,SANTOS,5070-2,ENTREGAR VEICULO A PESSOA COM CNH/PPD/ACC COM SUSP. DO DIREITO DE DIRIGIR,SP,MOTOCICLO,PARTICULAR,1,8,2026
6509,ILHABELA,7030-1,Conduzir motoc/moton/ciclom s/ capacete de seguranca,Outras UFs,MOTOCICLO,PARTICULAR,1,8,2026
6467,GUARAREMA,5118-0,PERMITIR POSSE/CONDUCAO DO VEICULO A PESSOA SEM CNH/PPD/ACC,SP,MOTOCICLO,PARTICULAR,1,8,2026
7145,SOROCABA,6599-2,CONDUZIR O VEICULO REGISTRADO QUE NAO ESTEJA DEVIDAMENTE LICENCIADO,Outras UFs,AUTOMOVEL,PARTICULAR,1,8,2026
7079,SAO CARLOS,7056-1,CONDUZIR MOTOC/MOTON/CICLOMOTOR FAZENDO MALABARISMO/EQUILIBRANDO-SE EM UMA RODA,SP,MOTOCICLO,PARTICULAR,1,8,2026
7107,SAO PAULO,5070-2,ENTREGAR VEICULO A PESSOA COM CNH/PPD/ACC COM SUSP. DO DIREITO DE DIRIGIR,SP,MOTONETA,PARTICULAR,4,8,2026
6619,JUNDIAI,5029-2,DIRIGIR VEICULO COM CNH/PPD/ACC COM SUSPENSAO DO DIREITO DE DIRIGIR,SP,AUTOMOVEL,PARTICULAR,2,8,2026
7099,SAO JOSE DOS CAMPOS,6653-2,CONDUZIR O VEICULO COM SILENCIADOR DE MOTOR DEFEITUOSO/DEFICIENTE/INOPERANTE,SP,MOTOCICLO,PARTICULAR,8,8,2026
6861,PINDAMONHANGABA,5118-0,PERMITIR POSSE/CONDUCAO DO VEICULO A PESSOA SEM CNH/PPD/ACC,SP,MOTOCICLO,PARTICULAR,1,8,2026
7107,SAO PAULO,6050-1,AVAN O SIN VERM DO SEMAF EXC SE HOUVER SINALIZ PERM LIVRE CONV A DIR,Outras UFs,UTILITARIO,PARTICULAR,3,8,2026
6543,ITANHAEM,5835-0,Desobedecer as ordens emanadas da autorid compet de transito ou de seus agentes,SP,MOTOCICLO,PARTICULAR,1,8,2026
2967,CAJATI,6530-0,USAR NO VEICULO EQUIP C/ SOM EM VOLUME/FREQUENCIA NAO AUTORIZADOS PELO CONTRAN,Outras UFs,CAMINHONET,PARTICULAR,1,8,2026
7107,SAO PAULO,6408-0,PORTAR NO VEICULO PLACAS DE IDENTIFICACAO EM DESACORDO C/ ESPECIF/MODELO CONTRAN,SP,CAMINHAO,PARTICULAR,1,8,2026
6131,AMERICANA,6408-0,PORTAR NO VEICULO PLACAS DE IDENTIFICACAO EM DESACORDO C/ ESPECIF/MODELO CONTRAN,SP,MOTOCICLO,PARTICULAR,2,8,2026
6589,JACAREI,7633-2,Dirigir veiculo manuseando telefone celular,SP,AUTOMOVEL,PARTICULAR,1,8,2026
6291,CAMPINAS,5037-1,DIRIGIR VEICULO COM CNH DE CATEGORIA DIFERENTE DA DO VEICULO,SP,CAMIONETA,PARTICULAR,1,8,2026
3061,NOVA CAMPINA,5185-1,Deixar o condutor de usar o cinto seguranca,SP,AUTOMOVEL,PARTICULAR,1,8,2026
7057,SANTO ANDRE,7633-2,Dirigir veiculo manuseando telefone celular,SP,CAMIONETA,PARTICULAR,2,8,2026
6671,MAIRIPORA,5045-0,DIRIGIR VEICULO COM VALIDADE DE CNH/PPD VENCIDA HA MAIS DE 30 DIAS,SP,AUTOMOVEL,PARTICULAR,1,8,2026
2955,TUIUTI,5010-0,DIRIGIR VEICULO SEM POSSUIR CNH/PPD/ACC,SP,AUTOMOVEL,PARTICULAR,1,8,2026
7145,SOROCABA,5185-2,Deixar o passageiro de usar o cinto seguranca,Outras UFs,AUTOMOVEL,PARTICULAR,1,8,2026
6595,JAGUARIUNA,6726-1,"CONDUZIR O VEICULO EM MAU ESTADO DE CONSERVACAO, COMPROMETENDO A SEGURANCA",SP,MOTOCICLO,PARTICULAR,1,8,2026
7251,EMBAUBA,6530-0,USAR NO VEICULO EQUIP C/ SOM EM VOLUME/FREQUENCIA NAO AUTORIZADOS PELO CONTRAN,SP,CAMINHONET,PARTICULAR,1,8,2026
6131,AMERICANA,6599-2,CONDUZIR O VEICULO REGISTRADO QUE NAO ESTEJA DEVIDAMENTE LICENCIADO,SP,AUTOMOVEL,PARTICULAR,1,8,2026
7209,UBATUBA,6599-2,CONDUZIR O VEICULO REGISTRADO QUE NAO ESTEJA DEVIDAMENTE LICENCIADO,SP,MOTOCICLO,PARTICULAR,2,8,2026
6137,AMPARO,5843-3,"Deixar de indicar c/ antec, med gesto de braco/luz indicadora, mudanca direcao",SP,MOTOCICLO,PARTICULAR,1,8,2026
7057,SANTO ANDRE,5274-1,UTILIZ VEIC DEMONST/EXIBIR MANOBRA PERIGOSA MEDIANTE ARRANCADA BRUSCA,SP,MOTOCICLO,PARTICULAR,1,8,2026
6711,MOCOCA,7544-1,Falta de escrituracao livro registro entrada/saida e de uso placa de experiencia,Outras UFs,AUTOMOVEL,PARTICULAR,2,8,2026
6301,CANDIDO MOTA,6580-0,CONDUZIR O VEICULO SEM QUALQUER UMA DAS PLACAS DE IDENTIFICACAO,SP,MOTOCICLO,PARTICULAR,1,8,2026
6713,MOGI DAS CRUZES,5070-2,ENTREGAR VEICULO A PESSOA COM CNH/PPD/ACC COM SUSP. DO DIREITO DE DIRIGIR,SP,MOTOCICLO,PARTICULAR,1,8,2026
7037,SANTA ISABEL,5720-0,TRANSITAR PELA CONTRAMAO DE DIRECAO EM VIA COM DUPLO SENTIDO DE CIRCULACAO,SP,MOTOCICLO,PARTICULAR,1,8,2026
6511,INDAIATUBA,6700-0,"CONDUZIR VEIC COM VIDRO TOTAL/PARCIALMENTE COBERTO POR PELICULA, PAINEIS/PINTURA",Outras UFs,AUTOMOVEL,PARTICULAR,1,8,2026
6219,BAURU,7633-1,Dirigir veiculo segurando telefone celular,SP,CAMINHONET,PARTICULAR,2,8,2026
6707,MIRASSOL,6599-2,CONDUZIR O VEICULO REGISTRADO QUE NAO ESTEJA DEVIDAMENTE LICENCIADO,SP,MOTONETA,PARTICULAR,2,8,2026
6473,GUARIBA,5010-0,DIRIGIR VEICULO SEM POSSUIR CNH/PPD/ACC,SP,MOTOCICLO,PARTICULAR,1,8,2026
6309,CAPIVARI,7633-2,Dirigir veiculo manuseando telefone celular,SP,MOTOCICLO,PARTICULAR,1,8,2026
6291,CAMPINAS,6637-1,CONDUZIR O VEICULO SEM EQUIPAMENTO OBRIGATORIO,SP,MOTOCICLO,PARTICULAR,1,8,2026
6769,NOVA ODESSA,5215-2,Dirigir ameacando os demais veiculos,SP,MOTOCICLO,PARTICULAR,1,8,2026
7107,SAO PAULO,5681-0,TRANSITAR NA FAIXA/PISTA DA DIREITA REGUL CIRCULACAO EXCLUSIVA DETERM VEICULO,Outras UFs,AUTOMOVEL,PARTICULAR,1,8,2026
6931,PRESIDENTE VENCESLAU,7579-0,"REC SUB TEST, EX CLIN, PERIC OU PROC Q PERM CERT INFL ALC/SUB PSIC FOR ART. 277",SP,CAMINHONET,PARTICULAR,1,8,2026
6205,BARRA BONITA,7340-0,DIRIGIR O VEIC USANDO CALCADO QUE N SE FIRME NOS PES/COMPROMETA UTILIZ PEDAIS,SP,MOTOCICLO,PARTICULAR,2,8,2026
6813,PARAIBUNA,7579-0,"REC SUB TEST, EX CLIN, PERIC OU PROC Q PERM CERT INFL ALC/SUB PSIC FOR ART. 277",SP,AUTOMOVEL,PARTICULAR,1,8,2026
6795,OURINHOS,5738-0,TRANSITAR PELA CONTRAMAO DE DIRECAO EM VIA C/ SINALIZACAO DE REGUL SENTIDO UNICO,SP,AUTOMOVEL,PARTICULAR,2,8,2026
7207,TURMALINA,6726-1,"CONDUZIR O VEICULO EM MAU ESTADO DE CONSERVACAO, COMPROMETENDO A SEGURANCA",SP,AUTOMOVEL,PARTICULAR,1,8,2026
6477,GUARULHOS,5843-3,"Deixar de indicar c/ antec, med gesto de braco/luz indicadora, mudanca direcao",SP,MOTOCICLO,PARTICULAR,2,8,2026
7151,SUZANO,5010-0,DIRIGIR VEICULO SEM POSSUIR CNH/PPD/ACC,SP,MOTOCICLO,PARTICULAR,3,8,2026
6825,PARIQUERA-ACU,5193-0,Transportar crianca sem observancia das normas de seguranca estabelecidas p/ CTB,SP,AUTOMOVEL,PARTICULAR,2,8,2026
6583,ITUVERAVA,6530-0,USAR NO VEICULO EQUIP C/ SOM EM VOLUME/FREQUENCIA NAO AUTORIZADOS PELO CONTRAN,SP,AUTOMOVEL,PARTICULAR,1,8,2026
7005,SALTO,6637-2,CONDUZIR O VEICULO COM EQUIPAMENTO OBRIGATORIO INEFICIENTE/INOPERANTE,SP,AUTOMOVEL,PARTICULAR,1,8,2026
7107,SAO PAULO,5029-2,DIRIGIR VEICULO COM CNH/PPD/ACC COM SUSPENSAO DO DIREITO DE DIRIGIR,Outras UFs,AUTOMOVEL,PARTICULAR,1,8,2026
6543,ITANHAEM,7030-1,Conduzir motoc/moton/ciclom s/ capacete de seguranca,SP,MOTOCICLO,PARTICULAR,2,8,2026
7057,SANTO ANDRE,6050-1,AVAN O SIN VERM DO SEMAF EXC SE HOUVER SINALIZ PERM LIVRE CONV A DIR,SP,MOTONETA,PARTICULAR,1,8,2026
6467,GUARAREMA,5010-0,DIRIGIR VEICULO SEM POSSUIR CNH/PPD/ACC,SP,AUTOMOVEL,PARTICULAR,1,8,2026
7107,SAO PAULO,7560-0,CONDUZIR VEIC DE TRANSP PASSAG OU CARGA EM DESACORDO C/ AS COND DO ART 67-C CTB,SP,CAMINHONET,PARTICULAR,1,8,2026
2955,TUIUTI,5452-1,ESTACIONAR NO PASSEIO,SP,AUTOMOVEL,PARTICULAR,1,8,2026
6169,AREIAS,5010-0,DIRIGIR VEICULO SEM POSSUIR CNH/PPD/ACC,SP,AUTOMOVEL,PARTICULAR,1,8,2026
6791,OSCAR BRESSANE,5207-0,Dirigir sem atencao ou sem os cuidados indispensaveis a seguranca,SP,MOTOCICLO,PARTICULAR,1,8,2026
6163,ARARAQUARA,7340-0,DIRIGIR O VEIC USANDO CALCADO QUE N SE FIRME NOS PES/COMPROMETA UTILIZ PEDAIS,SP,MOTONETA,PARTICULAR,1,8,2026
6635,LEME,7340-0,DIRIGIR O VEIC USANDO CALCADO QUE N SE FIRME NOS PES/COMPROMETA UTILIZ PEDAIS,SP,MOTOCICLO,PARTICULAR,4,8,2026
6549,ITAPEVA,7684-2,Cond motoc/moton/ciclom c/ util cap de seg c/ vis/ocul prot des c/ regul Contran,SP,MOTOCICLO,PARTICULAR,1,8,2026
6487,IBATE,5118-0,PERMITIR POSSE/CONDUCAO DO VEICULO A PESSOA SEM CNH/PPD/ACC,SP,AUTOMOVEL,PARTICULAR,1,8,2026
7245,VOTUPORANGA,7340-0,DIRIGIR O VEIC USANDO CALCADO QUE N SE FIRME NOS PES/COMPROMETA UTILIZ PEDAIS,SP,MOTOCICLO,PARTICULAR,1,8,2026
6429,FRANCO DA ROCHA,5029-1,Dirigir veiculo com CNH/PPD/ACC cassada,SP,MOTOCICLO,PARTICULAR,1,8,2026
2965,BERTIOGA,7293-0,"UTILIZAR O PISCA-ALERTA, EXCETO EM IMOBILIZACOES OU SITUACOES DE EMERGENCIA",SP,AUTOMOVEL,PARTICULAR,1,8,2026
6241,BOM JESUS DOS PERDOES,5010-0,DIRIGIR VEICULO SEM POSSUIR CNH/PPD/ACC,SP,AUTOMOVEL,PARTICULAR,1,8,2026
6715,MOGI-GUACU,5185-1,Deixar o condutor de usar o cinto seguranca,SP,CAMINHONET,PARTICULAR,4,8,2026
6553,ITAPIRA,6599-2,CONDUZIR O VEICULO REGISTRADO QUE NAO ESTEJA DEVIDAMENTE LICENCIADO,SP,CAMIONETA,PARTICULAR,1,8,2026
7273,VARGEM GRANDE PAULISTA,5010-0,DIRIGIR VEICULO SEM POSSUIR CNH/PPD/ACC,SP,AUTOMOVEL,PARTICULAR,1,8,2026
6455,GUARA,6769-0,"CONDUZIR VEIC C/ DEFEITO NO SIST DE ILUMINACAO, SINALIZ OU LAMPADAS QUEIMADAS",SP,AUTOMOVEL,PARTICULAR,1,8,2026
6455,GUARA,5266-2,PARTICIPAR NA VIA COMO CONDUTOR EM EVENTOS ORGANIZADOS SEM PERMISSAO,SP,CAMINHONET,PARTICULAR,1,8,2026
6955,RESTINGA,5525-0,ESTACIONAR NA CONTRAMAO DE DIRECAO,SP,AUTOMOVEL,PARTICULAR,4,8,2026
6313,CARAPICUIBA,5797-0,FORCAR PASSAGEM ENTRE VEICS TRANS SENT OPOSTOS NA IMINENCIA REALIZ ULTRAPASSAGEM,SP,AUTOMOVEL,PARTICULAR,1,8,2026
6511,INDAIATUBA,6050-3,AVAN O SIN VERM DO SEMAF EXC SE HOUVER SINALIZ PERM LIVRE CONV A DIR -FISC ELETR,SP,MOTOCICLO,PARTICULAR,1,8,2026
6761,NOVA GRANADA,7633-2,Dirigir veiculo manuseando telefone celular,SP,AUTOMOVEL,PARTICULAR,1,8,2026
6551,ITAPEVI,7714-1,Cond motoc/moton/ciclom transp pass c/ cap de seg s/ vis/ocul de protecao,SP,MOTONETA,PARTICULAR,1,8,2026
6427,FRANCISCO MORATO,5029-2,DIRIGIR VEICULO COM CNH/PPD/ACC COM SUSPENSAO DO DIREITO DE DIRIGIR,SP,MOTOCICLO,PARTICULAR,2,8,2026
7079,SAO CARLOS,6726-1,"CONDUZIR O VEICULO EM MAU ESTADO DE CONSERVACAO, COMPROMETENDO A SEGURANCA",SP,MOTOCICLO,PARTICULAR,1,8,2026
6425,FRANCA,6726-1,"CONDUZIR O VEICULO EM MAU ESTADO DE CONSERVACAO, COMPROMETENDO A SEGURANCA",SP,AUTOMOVEL,PARTICULAR,2,8,2026
6901,POMPEIA,7340-0,DIRIGIR O VEIC USANDO CALCADO QUE N SE FIRME NOS PES/COMPROMETA UTILIZ PEDAIS,SP,MOTOCICLO,PARTICULAR,1,8,2026
6559,ITAPUI,5045-0,DIRIGIR VEICULO COM VALIDADE DE CNH/PPD VENCIDA HA MAIS DE 30 DIAS,SP,MOTOCICLO,PARTICULAR,1,8,2026
6179,ASSIS,6637-1,CONDUZIR O VEICULO SEM EQUIPAMENTO OBRIGATORIO,SP,MOTOCICLO,PARTICULAR,1,8,2026
6477,GUARULHOS,5185-1,Deixar o condutor de usar o cinto seguranca,SP,MICROONIB,ALUGUEL,1,8,2026
6281,CAIEIRAS,7366-2,DIRIGIR VEICULO UTILIZANDO-SE DE TELEFONE CELULAR,SP,AUTOMOVEL,PARTICULAR,1,8,2026
7145,SOROCABA,6726-1,"CONDUZIR O VEICULO EM MAU ESTADO DE CONSERVACAO, COMPROMETENDO A SEGURANCA",SP,MOTOCICLO,PARTICULAR,6,8,2026
6377,DIADEMA,6726-1,"CONDUZIR O VEICULO EM MAU ESTADO DE CONSERVACAO, COMPROMETENDO A SEGURANCA",SP,MOTOCICLO,PARTICULAR,1,8,2026
7149,SUMARE,6602-0,CONDUZIR O VEICULO COM QUALQUER UMA DAS PLACAS SEM LEGIBILIDADE E VISIBILIDADE,SP,MOTOCICLO,PARTICULAR,2,8,2026
7107,SAO PAULO,6432-2,TRANSITAR COM O FACHO DE LUZ ALTA PERTURBANDO VISAO OUTRO CONDUTOR,Outras UFs,ONIBUS,ALUGUEL,1,8,2026
2957,VARGEM,5010-0,DIRIGIR VEICULO SEM POSSUIR CNH/PPD/ACC,Outras UFs,MOTOCICLO,PARTICULAR,1,8,2026
6409,FARTURA,6076-0,TRANSPOR BLOQUEIO VIARIO POLICIAL,Outras UFs,AUTOMOVEL,PARTICULAR,1,8,2026
7107,SAO PAULO,7285-0,"EM MOVIMENTO, DEIXAR DE MANTER A PLACA TRASEIRA ILUMINADA A NOITE",SP,MOTOCICLO,PARTICULAR,3,8,2026
6455,GUARA,5185-1,Deixar o condutor de usar o cinto seguranca,SP,CAMINHONET,PARTICULAR,1,8,2026
6619,JUNDIAI,5843-3,"Deixar de indicar c/ antec, med gesto de braco/luz indicadora, mudanca direcao",SP,AUTOMOVEL,PARTICULAR,1,8,2026
6329,CERQUEIRA CESAR,5010-0,DIRIGIR VEICULO SEM POSSUIR CNH/PPD/ACC,SP,AUTOMOVEL,PARTICULAR,1,8,2026
7267,TARUMA,5045-0,DIRIGIR VEICULO COM VALIDADE DE CNH/PPD VENCIDA HA MAIS DE 30 DIAS,SP,MOTOCICLO,PARTICULAR,1,8,2026
7107,SAO PAULO,6637-2,CONDUZIR O VEICULO COM EQUIPAMENTO OBRIGATORIO INEFICIENTE/INOPERANTE,SP,MOTONETA,PARTICULAR,2,8,2026
7099,SAO JOSE DOS CAMPOS,6610-1,CONDUZIR O VEICULO COM A COR ALTERADA,SP,MOTOCICLO,PARTICULAR,1,8,2026
2943,ILHA SOLTEIRA,7579-0,"REC SUB TEST, EX CLIN, PERIC OU PROC Q PERM CERT INFL ALC/SUB PSIC FOR ART. 277",SP,MOTOCICLO,PARTICULAR,1,8,2026
7107,SAO PAULO,6637-1,CONDUZIR O VEICULO SEM EQUIPAMENTO OBRIGATORIO,SP,CAMIONETA,PARTICULAR,1,8,2026
6435,GARCA,5029-1,Dirigir veiculo com CNH/PPD/ACC cassada,SP,AUTOMOVEL,PARTICULAR,1,8,2026
6477,GUARULHOS,6599-2,CONDUZIR O VEICULO REGISTRADO QUE NAO ESTEJA DEVIDAMENTE LICENCIADO,SP,MOTONETA,PARTICULAR,1,8,2026
7107,SAO PAULO,6700-0,"CONDUZIR VEIC COM VIDRO TOTAL/PARCIALMENTE COBERTO POR PELICULA, PAINEIS/PINTURA",Outras UFs,AUTOMOVEL,PARTICULAR,1,8,2026
6481,HERCULANDIA,5487-0,ESTACIONAR AO LADO DE OUTRO VEICULO EM FILA DUPLA,SP,AUTOMOVEL,PARTICULAR,1,8,2026
7099,SAO JOSE DOS CAMPOS,7684-1,Cond motoc/moton/ciclom c/ util cap de seg s/ vis/ocul prot,SP,MOTOCICLO,PARTICULAR,2,8,2026
6619,JUNDIAI,5185-1,Deixar o condutor de usar o cinto seguranca,Outras UFs,CAMINHONET,PARTICULAR,1,8,2026
6929,PRESIDENTE PRUDENTE,6599-2,CONDUZIR O VEICULO REGISTRADO QUE NAO ESTEJA DEVIDAMENTE LICENCIADO,SP,AUTOMOVEL,PARTICULAR,2,8,2026
6875,PIRACICABA,6670-0,CONDUZIR O VEICULO C/ EQUIP DO SISTEMA DE ILUMINACAO E DE SINALIZACAO ALTERADOS,SP,MOTOCICLO,PARTICULAR,1,8,2026
6619,JUNDIAI,5029-2,DIRIGIR VEICULO COM CNH/PPD/ACC COM SUSPENSAO DO DIREITO DE DIRIGIR,SP,MOTOCICLO,PARTICULAR,1,8,2026
6569,ITATIBA,6726-1,"CONDUZIR O VEICULO EM MAU ESTADO DE CONSERVACAO, COMPROMETENDO A SEGURANCA",SP,AUTOMOVEL,PARTICULAR,1,8,2026
6179,ASSIS,5185-1,Deixar o condutor de usar o cinto seguranca,SP,AUTOMOVEL,PARTICULAR,2,8,2026
6251,BRAGANCA PAULISTA,5185-1,Deixar o condutor de usar o cinto seguranca,SP,AUTOMOVEL,PARTICULAR,1,8,2026
7071,SANTOS,7340-0,DIRIGIR O VEIC USANDO CALCADO QUE N SE FIRME NOS PES/COMPROMETA UTILIZ PEDAIS,SP,MOTONETA,PARTICULAR,1,8,2026
6681,MARILIA,6599-2,CONDUZIR O VEICULO REGISTRADO QUE NAO ESTEJA DEVIDAMENTE LICENCIADO,SP,AUTOMOVEL,PARTICULAR,2,8,2026
7005,SALTO,6599-2,CONDUZIR O VEICULO REGISTRADO QUE NAO ESTEJA DEVIDAMENTE LICENCIADO,SP,MOTOCICLO,PARTICULAR,2,8,2026
6569,ITATIBA,6408-0,PORTAR NO VEICULO PLACAS DE IDENTIFICACAO EM DESACORDO C/ ESPECIF/MODELO CONTRAN,SP,MOTOCICLO,PARTICULAR,1,8,2026
7075,SAO BERNARDO DO CAMPO,6599-2,CONDUZIR O VEICULO REGISTRADO QUE NAO ESTEJA DEVIDAMENTE LICENCIADO,SP,AUTOMOVEL,PARTICULAR,2,8,2026
6873,PIRACAIA,6530-0,USAR NO VEICULO EQUIP C/ SOM EM VOLUME/FREQUENCIA NAO AUTORIZADOS PELO CONTRAN,SP,CAMINHONET,PARTICULAR,1,8,2026
6313,CARAPICUIBA,5720-0,TRANSITAR PELA CONTRAMAO DE DIRECAO EM VIA COM DUPLO SENTIDO DE CIRCULACAO,SP,AUTOMOVEL,PARTICULAR,1,8,2026
6551,ITAPEVI,6599-2,CONDUZIR O VEICULO REGISTRADO QUE NAO ESTEJA DEVIDAMENTE LICENCIADO,SP,MOTOCICLO,PARTICULAR,1,8,2026
7107,SAO PAULO,7579-0,"REC SUB TEST, EX CLIN, PERIC OU PROC Q PERM CERT INFL ALC/SUB PSIC FOR ART. 277",SP,MOTOCICLO,PARTICULAR,6,8,2026
6293,CAMPO LIMPO PAULISTA,5215-2,Dirigir ameacando os demais veiculos,SP,MOTOCICLO,PARTICULAR,1,8,2026
7107,SAO PAULO,6491-0,USAR BUZINA PROLONGADA E SUCESSIVAMENTE A QUALQUER PRETEXTO,SP,MOTOCICLO,PARTICULAR,1,8,2026
7071,SANTOS,5274-1,UTILIZ VEIC DEMONST/EXIBIR MANOBRA PERIGOSA MEDIANTE ARRANCADA BRUSCA,SP,AUTOMOVEL,PARTICULAR,1,8,2026
6847,PENAPOLIS,6050-1,AVAN O SIN VERM DO SEMAF EXC SE HOUVER SINALIZ PERM LIVRE CONV A DIR,SP,MOTOCICLO,PARTICULAR,1,8,2026
6555,ITAPOLIS,7340-0,DIRIGIR O VEIC USANDO CALCADO QUE N SE FIRME NOS PES/COMPROMETA UTILIZ PEDAIS,SP,MOTOCICLO,PARTICULAR,2,8,2026
6453,GUAPIARA,5835-0,Desobedecer as ordens emanadas da autorid compet de transito ou de seus agentes,SP,MOTOCICLO,PARTICULAR,1,8,2026
6681,MARILIA,6726-1,"CONDUZIR O VEICULO EM MAU ESTADO DE CONSERVACAO, COMPROMETENDO A SEGURANCA",SP,MOTOCICLO,PARTICULAR,3,8,2026
7267,TARUMA,6726-1,"CONDUZIR O VEICULO EM MAU ESTADO DE CONSERVACAO, COMPROMETENDO A SEGURANCA",SP,MOTOCICLO,PARTICULAR,1,8,2026
7099,SAO JOSE DOS CAMPOS,6637-2,CONDUZIR O VEICULO COM EQUIPAMENTO OBRIGATORIO INEFICIENTE/INOPERANTE,SP,MOTOCICLO,PARTICULAR,6,8,2026
6607,JAU,6645-0,CONDUZIR O VEICULO COM EQUIP OBRIGATORIO EM DESACORDO COM O ESTAB PELO CONTRAN,SP,MOTOCICLO,PARTICULAR,2,8,2026
7121,SAO VICENTE,7544-1,Falta de escrituracao livro registro entrada/saida e de uso placa de experiencia,SP,CAMIONETA,PARTICULAR,1,8,2026
6637,LENCOIS PAULISTA,6726-1,"CONDUZIR O VEICULO EM MAU ESTADO DE CONSERVACAO, COMPROMETENDO A SEGURANCA",SP,AUTOMOVEL,PARTICULAR,2,8,2026
7075,SAO BERNARDO DO CAMPO,6050-1,AVAN O SIN VERM DO SEMAF EXC SE HOUVER SINALIZ PERM LIVRE CONV A DIR,SP,CAMINHONET,PARTICULAR,1,8,2026
7107,SAO PAULO,5118-0,PERMITIR POSSE/CONDUCAO DO VEICULO A PESSOA SEM CNH/PPD/ACC,SP,AUTOMOVEL,PARTICULAR,7,8,2026
6375,DESCALVADO,5410-0,ESTACIONAR EM DESACORDO COM AS POSICOES ESTABELECIDAS NO CTB,SP,MOTOCICLO,PARTICULAR,1,8,2026
6759,NOVA EUROPA,6530-0,USAR NO VEICULO EQUIP C/ SOM EM VOLUME/FREQUENCIA NAO AUTORIZADOS PELO CONTRAN,SP,AUTOMOVEL,PARTICULAR,2,8,2026
6291,CAMPINAS,7633-2,Dirigir veiculo manuseando telefone celular,SP,AUTOMOVEL,PARTICULAR,10,8,2026
6619,JUNDIAI,6602-0,CONDUZIR O VEICULO COM QUALQUER UMA DAS PLACAS SEM LEGIBILIDADE E VISIBILIDADE,SP,MOTOCICLO,PARTICULAR,1,8,2026
6293,CAMPO LIMPO PAULISTA,6637-1,CONDUZIR O VEICULO SEM EQUIPAMENTO OBRIGATORIO,SP,MOTOCICLO,PARTICULAR,2,8,2026
6481,HERCULANDIA,5452-1,ESTACIONAR NO PASSEIO,SP,MOTOCICLO,PARTICULAR,1,8,2026
7047,SANTANA DE PARNAIBA,6556-1,CONDUZIR O VEICULO COM O LACRE DE IDENTIFICACAO VIOLADO/FALSIFICADO,SP,MOTOCICLO,PARTICULAR,1,8,2026
6875,PIRACICABA,7056-1,CONDUZIR MOTOC/MOTON/CICLOMOTOR FAZENDO MALABARISMO/EQUILIBRANDO-SE EM UMA RODA,SP,MOTOCICLO,PARTICULAR,3,8,2026
6543,ITANHAEM,6610-2,CONDUZIR O VEICULO COM CARACTERISTICA ALTERADA,SP,MOTOCICLO,PARTICULAR,1,8,2026
7107,SAO PAULO,6920-3,"Deixar de efetuar reg de veic em 30 dias, qdo for alterada qquer caract do veic",SP,ONIBUS,ALUGUEL,3,8,2026
6929,PRESIDENTE PRUDENTE,5185-1,Deixar o condutor de usar o cinto seguranca,SP,AUTOMOVEL,PARTICULAR,1,8,2026
7157,TABOAO DA SERRA,6050-3,AVAN O SIN VERM DO SEMAF EXC SE HOUVER SINALIZ PERM LIVRE CONV A DIR -FISC ELETR,SP,AUTOMOVEL,PARTICULAR,1,8,2026
7157,TABOAO DA SERRA,7684-2,Cond motoc/moton/ciclom c/ util cap de seg c/ vis/ocul prot des c/ regul Contran,SP,MOTOCICLO,PARTICULAR,1,8,2026
7145,SOROCABA,5029-1,Dirigir veiculo com CNH/PPD/ACC cassada,SP,AUTOMOVEL,PARTICULAR,1,8,2026
6165,ARARAS,5045-0,DIRIGIR VEICULO COM VALIDADE DE CNH/PPD VENCIDA HA MAIS DE 30 DIAS,SP,MOTOCICLO,PARTICULAR,1,8,2026
6991,RUBINEIA,6637-2,CONDUZIR O VEICULO COM EQUIPAMENTO OBRIGATORIO INEFICIENTE/INOPERANTE,SP,ONIBUS,OFICIAL,3,8,2026
6189,AVARE,7633-2,Dirigir veiculo manuseando telefone celular,Outras UFs,UTILITARIO,PARTICULAR,1,8,2026
7079,SAO CARLOS,5045-0,DIRIGIR VEICULO COM VALIDADE DE CNH/PPD VENCIDA HA MAIS DE 30 DIAS,SP,MOTOCICLO,PARTICULAR,1,8,2026
6853,PERUIBE,5185-1,Deixar o condutor de usar o cinto seguranca,SP,AUTOMOVEL,PARTICULAR,3,8,2026
6477,GUARULHOS,5720-0,TRANSITAR PELA CONTRAMAO DE DIRECAO EM VIA COM DUPLO SENTIDO DE CIRCULACAO,SP,CAMINHONET,ALUGUEL,1,8,2026
7167,TAMBAU,6530-0,USAR NO VEICULO EQUIP C/ SOM EM VOLUME/FREQUENCIA NAO AUTORIZADOS PELO CONTRAN,SP,AUTOMOVEL,PARTICULAR,1,8,2026
6931,PRESIDENTE VENCESLAU,5266-3,PARTICIPAR COMO CONDUTOR EXIB/DEMONST PERICIA EM MANOBRA DE VEIC S/ PERMISSAO,SP,MOTOCICLO,PARTICULAR,1,8,2026
6213,BARUERI,7340-0,DIRIGIR O VEIC USANDO CALCADO QUE N SE FIRME NOS PES/COMPROMETA UTILIZ PEDAIS,SP,MOTOCICLO,PARTICULAR,4,8,2026
7145,SOROCABA,7366-2,DIRIGIR VEICULO UTILIZANDO-SE DE TELEFONE CELULAR,SP,CAMINHONET,PARTICULAR,1,8,2026
6425,FRANCA,7544-1,Falta de escrituracao livro registro entrada/saida e de uso placa de experiencia,SP,AUTOMOVEL,PARTICULAR,7,8,2026
6377,DIADEMA,7048-1,"CONDUZIR MOTOCICLETA, MOTONETA E CICLOMOTOR TRANSPORTANDO PASSAGEIRO S/ CAPACETE",SP,MOTOCICLO,PARTICULAR,3,8,2026
6795,OURINHOS,6637-1,CONDUZIR O VEICULO SEM EQUIPAMENTO OBRIGATORIO,SP,MOTOCICLO,PARTICULAR,2,8,2026
7107,SAO PAULO,7773-2,ENTREGAR VEICULO A PESSOA SEM POSSUIR CURSOS ESPECIFICOS OBRIGATORIOS,SP,AUTOMOVEL,PARTICULAR,9,8,2026
7099,SAO JOSE DOS CAMPOS,6637-1,CONDUZIR O VEICULO SEM EQUIPAMENTO OBRIGATORIO,SP,MOTOCICLO,PARTICULAR,9,8,2026
6563,ITAQUAQUECETUBA,5118-0,PERMITIR POSSE/CONDUCAO DO VEICULO A PESSOA SEM CNH/PPD/ACC,SP,MOTOCICLO,PARTICULAR,1,8,2026
7145,SOROCABA,5843-3,"Deixar de indicar c/ antec, med gesto de braco/luz indicadora, mudanca direcao",SP,CAMINHONET,PARTICULAR,1,8,2026
7121,SAO VICENTE,6599-2,CONDUZIR O VEICULO REGISTRADO QUE NAO ESTEJA DEVIDAMENTE LICENCIADO,SP,MOTONETA,PARTICULAR,1,8,2026
7145,SOROCABA,5215-2,Dirigir ameacando os demais veiculos,SP,CAMINHONET,PARTICULAR,1,8,2026
6225,BERNARDINO DE CAMPOS,6670-0,CONDUZIR O VEICULO C/ EQUIP DO SISTEMA DE ILUMINACAO E DE SINALIZACAO ALTERADOS,SP,MOTOCICLO,PARTICULAR,1,8,2026
7151,SUZANO,6599-2,CONDUZIR O VEICULO REGISTRADO QUE NAO ESTEJA DEVIDAMENTE LICENCIADO,SP,CAMIONETA,PARTICULAR,1,8,2026
7145,SOROCABA,5061-0,ENTREGAR VEICULO A PESSOA SEM CNH/PPD/ACC,SP,AUTOMOVEL,PARTICULAR,3,8,2026
7107,SAO PAULO,5061-0,ENTREGAR VEICULO A PESSOA SEM CNH/PPD/ACC,SP,CAMINHONET,ALUGUEL,1,8,2026
6861,PINDAMONHANGABA,6637-2,CONDUZIR O VEICULO COM EQUIPAMENTO OBRIGATORIO INEFICIENTE/INOPERANTE,SP,AUTOMOVEL,PARTICULAR,2,8,2026
6179,ASSIS,6050-1,AVAN O SIN VERM DO SEMAF EXC SE HOUVER SINALIZ PERM LIVRE CONV A DIR,SP,MOTOCICLO,PARTICULAR,2,8,2026
6543,ITANHAEM,7340-0,DIRIGIR O VEIC USANDO CALCADO QUE N SE FIRME NOS PES/COMPROMETA UTILIZ PEDAIS,SP,MOTOCICLO,PARTICULAR,1,8,2026
6801,PALESTINA,6530-0,USAR NO VEICULO EQUIP C/ SOM EM VOLUME/FREQUENCIA NAO AUTORIZADOS PELO CONTRAN,SP,AUTOMOVEL,PARTICULAR,1,8,2026
7145,SOROCABA,5819-1,"TRANSITAR COM O VEICULO EM CALCADAS, PASSEIOS",SP,MOTONETA,PARTICULAR,1,8,2026
7107,SAO PAULO,5053-1,DIRIGIR VEICULO SEM USAR LENTES CORRETORAS DE VISAO,SP,MOTOCICLO,PARTICULAR,1,8,2026
7107,SAO PAULO,5045-0,DIRIGIR VEICULO COM VALIDADE DE CNH/PPD VENCIDA HA MAIS DE 30 DIAS,Outras UFs,AUTOMOVEL,,1,8,2026
6493,IBITINGA,5835-0,Desobedecer as ordens emanadas da autorid compet de transito ou de seus agentes,SP,MOTOCICLO,PARTICULAR,3,8,2026
6175,ARTUR NOGUEIRA,5118-0,PERMITIR POSSE/CONDUCAO DO VEICULO A PESSOA SEM CNH/PPD/ACC,SP,MOTOCICLO,PARTICULAR,3,8,2026
6259,BROTAS,5185-1,Deixar o condutor de usar o cinto seguranca,SP,AUTOMOVEL,PARTICULAR,1,8,2026
6311,CARAGUATATUBA,7048-1,"CONDUZIR MOTOCICLETA, MOTONETA E CICLOMOTOR TRANSPORTANDO PASSAGEIRO S/ CAPACETE",SP,MOTOCICLO,PARTICULAR,1,8,2026
6915,PORTO FERREIRA,5118-0,PERMITIR POSSE/CONDUCAO DO VEICULO A PESSOA SEM CNH/PPD/ACC,SP,MOTOCICLO,PARTICULAR,1,8,2026
7107,SAO PAULO,7633-1,Dirigir veiculo segurando telefone celular,SP,MOTONETA,PARTICULAR,1,8,2026
6259,BROTAS,6726-1,"CONDUZIR O VEICULO EM MAU ESTADO DE CONSERVACAO, COMPROMETENDO A SEGURANCA",SP,AUTOMOVEL,PARTICULAR,2,8,2026
6219,BAURU,7366-2,DIRIGIR VEICULO UTILIZANDO-SE DE TELEFONE CELULAR,SP,MOTOCICLO,PARTICULAR,1,8,2026
6225,BERNARDINO DE CAMPOS,7684-1,Cond motoc/moton/ciclom c/ util cap de seg s/ vis/ocul prot,SP,MOTOCICLO,PARTICULAR,1,8,2026
7107,SAO PAULO,7633-2,Dirigir veiculo manuseando telefone celular,Outras UFs,UTILITARIO,PARTICULAR,3,8,2026
7047,SANTANA DE PARNAIBA,6653-1,CONDUZIR O VEICULO COM DESCARGA LIVRE,SP,MOTOCICLO,ALUGUEL,1,8,2026
6979,RIO CLARO,5070-2,ENTREGAR VEICULO A PESSOA COM CNH/PPD/ACC COM SUSP. DO DIREITO DE DIRIGIR,SP,AUTOMOVEL,PARTICULAR,1,8,2026
6921,PRAIA GRANDE,5037-1,DIRIGIR VEICULO COM CNH DE CATEGORIA DIFERENTE DA DO VEICULO,SP,AUTOMOVEL,PARTICULAR,1,8,2026
6681,MARILIA,7340-0,DIRIGIR O VEIC USANDO CALCADO QUE N SE FIRME NOS PES/COMPROMETA UTILIZ PEDAIS,SP,MOTOCICLO,PARTICULAR,5,8,2026
7109,SAO PEDRO,6769-0,"CONDUZIR VEIC C/ DEFEITO NO SIST DE ILUMINACAO, SINALIZ OU LAMPADAS QUEIMADAS",SP,MOTOCICLO,PARTICULAR,1,8,2026
7107,SAO PAULO,6769-0,"CONDUZIR VEIC C/ DEFEITO NO SIST DE ILUMINACAO, SINALIZ OU LAMPADAS QUEIMADAS",SP,UTILITARIO,PARTICULAR,6,8,2026
7091,SAO JOSE DA BELA VISTA,6599-2,CONDUZIR O VEICULO REGISTRADO QUE NAO ESTEJA DEVIDAMENTE LICENCIADO,SP,AUTOMOVEL,PARTICULAR,1,8,2026
7145,SOROCABA,5010-0,DIRIGIR VEICULO SEM POSSUIR CNH/PPD/ACC,SP,MOTOCICLO,PARTICULAR,5,8,2026
7105,SAO MIGUEL ARCANJO,5738-0,TRANSITAR PELA CONTRAMAO DE DIRECAO EM VIA C/ SINALIZACAO DE REGUL SENTIDO UNICO,SP,MOTOCICLO,PARTICULAR,1,8,2026
6711,MOCOCA,7544-1,Falta de escrituracao livro registro entrada/saida e de uso placa de experiencia,SP,CAMIONETA,PARTICULAR,2,8,2026
6969,RIBEIRAO PRETO,5843-3,"Deixar de indicar c/ antec, med gesto de braco/luz indicadora, mudanca direcao",SP,MOTONETA,PARTICULAR,1,8,2026
2993,POTIM,6637-1,CONDUZIR O VEICULO SEM EQUIPAMENTO OBRIGATORIO,SP,MOTOCICLO,PARTICULAR,3,8,2026
6221,BEBEDOURO,6602-0,CONDUZIR O VEICULO COM QUALQUER UMA DAS PLACAS SEM LEGIBILIDADE E VISIBILIDADE,SP,MOTOCICLO,PARTICULAR,1,8,2026
6795,OURINHOS,6599-2,CONDUZIR O VEICULO REGISTRADO QUE NAO ESTEJA DEVIDAMENTE LICENCIADO,SP,AUTOMOVEL,PARTICULAR,2,8,2026
6457,GUARACAI,5835-0,Desobedecer as ordens emanadas da autorid compet de transito ou de seus agentes,SP,MOTOCICLO,PARTICULAR,1,8,2026
6791,OSCAR BRESSANE,7056-1,CONDUZIR MOTOC/MOTON/CICLOMOTOR FAZENDO MALABARISMO/EQUILIBRANDO-SE EM UMA RODA,SP,MOTOCICLO,PARTICULAR,2,8,2026
7099,SAO JOSE DOS CAMPOS,5010-0,DIRIGIR VEICULO SEM POSSUIR CNH/PPD/ACC,SP,MOTONETA,PARTICULAR,3,8,2026
6229,BIRIGUI,6050-1,AVAN O SIN VERM DO SEMAF EXC SE HOUVER SINALIZ PERM LIVRE CONV A DIR,SP,CAMINHONET,PARTICULAR,1,8,2026
7099,SAO JOSE DOS CAMPOS,5185-2,Deixar o passageiro de usar o cinto seguranca,SP,AUTOMOVEL,PARTICULAR,3,8,2026
6409,FARTURA,5274-1,UTILIZ VEIC DEMONST/EXIBIR MANOBRA PERIGOSA MEDIANTE ARRANCADA BRUSCA,Outras UFs,AUTOMOVEL,PARTICULAR,1,8,2026
6639,LIMEIRA,6599-2,CONDUZIR O VEICULO REGISTRADO QUE NAO ESTEJA DEVIDAMENTE LICENCIADO,SP,AUTOMOVEL,PARTICULAR,7,8,2026
6789,OSASCO,6599-2,CONDUZIR O VEICULO REGISTRADO QUE NAO ESTEJA DEVIDAMENTE LICENCIADO,SP,CAMINHONET,PARTICULAR,1,8,2026
7009,SALTO GRANDE,6068-1,TRANSPOR BLOQUEIO VIARIO COM OU SEM SINALIZACAO OU DISPOSITIVOS AUXILIARES,SP,MOTOCICLO,PARTICULAR,1,8,2026
6969,RIBEIRAO PRETO,5274-2,UTILIZ VEIC DEM/EXIBIR MANOB PERIG MED DERRAP/FRENAG C/DESLIZ/ARRAST PNEUS,SP,AUTOMOVEL,PARTICULAR,1,8,2026
6323,CATANDUVA,6645-0,CONDUZIR O VEICULO COM EQUIP OBRIGATORIO EM DESACORDO COM O ESTAB PELO CONTRAN,SP,MOTOCICLO,PARTICULAR,2,8,2026
6163,ARARAQUARA,5070-1,ENTREGAR VEICULO A PESSOA COM CNH/PPD/ACC CASSADA,SP,CAMIONETA,PARTICULAR,1,8,2026
7225,VALINHOS,6726-1,"CONDUZIR O VEICULO EM MAU ESTADO DE CONSERVACAO, COMPROMETENDO A SEGURANCA",SP,MOTOCICLO,PARTICULAR,1,8,2026
6389,DRACENA,5010-0,DIRIGIR VEICULO SEM POSSUIR CNH/PPD/ACC,SP,AUTOMOVEL,PARTICULAR,1,8,2026
7191,TIETE,5193-0,Transportar crianca sem observancia das normas de seguranca estabelecidas p/ CTB,SP,AUTOMOVEL,PARTICULAR,1,8,2026
7071,SANTOS,5185-2,Deixar o passageiro de usar o cinto seguranca,SP,AUTOMOVEL,PARTICULAR,1,8,2026
7071,SANTOS,5096-0,ENTREGAR VEICULO A PESSOA COM CNH/PPD VENCIDA HA MAIS DE 30 DIAS,SP,MOTOCICLO,PARTICULAR,1,8,2026
7107,SAO PAULO,6637-2,CONDUZIR O VEICULO COM EQUIPAMENTO OBRIGATORIO INEFICIENTE/INOPERANTE,SP,CAMIONETA,PARTICULAR,3,8,2026
6409,FARTURA,7579-0,"REC SUB TEST, EX CLIN, PERIC OU PROC Q PERM CERT INFL ALC/SUB PSIC FOR ART. 277",SP,AUTOMOVEL,PARTICULAR,5,8,2026
6713,MOGI DAS CRUZES,5010-0,DIRIGIR VEICULO SEM POSSUIR CNH/PPD/ACC,SP,CAMIONETA,PARTICULAR,3,8,2026
7029,SANTA CRUZ DO RIO PARDO,5193-0,Transportar crianca sem observancia das normas de seguranca estabelecidas p/ CTB,SP,AUTOMOVEL,PARTICULAR,1,8,2026
7107,SAO PAULO,5010-0,DIRIGIR VEICULO SEM POSSUIR CNH/PPD/ACC,SP,UTILITARIO,PARTICULAR,2,8,2026
6313,CARAPICUIBA,5797-0,FORCAR PASSAGEM ENTRE VEICS TRANS SENT OPOSTOS NA IMINENCIA REALIZ ULTRAPASSAGEM,SP,MOTOCICLO,PARTICULAR,1,8,2026
7107,SAO PAULO,5274-2,UTILIZ VEIC DEM/EXIBIR MANOB PERIG MED DERRAP/FRENAG C/DESLIZ/ARRAST PNEUS,SP,MOTOCICLO,PARTICULAR,8,8,2026
7079,SAO CARLOS,7366-2,DIRIGIR VEICULO UTILIZANDO-SE DE TELEFONE CELULAR,SP,AUTOMOVEL,PARTICULAR,2,8,2026
7107,SAO PAULO,5800-0,DEIXAR GUARDAR DIST SEGURANCA LAT/FRONT ENTRE SEU VEIC E DEMAIS E AO BORDO PISTA,SP,MOTOCICLO,PARTICULAR,4,8,2026
6209,BARRETOS,6530-0,USAR NO VEICULO EQUIP C/ SOM EM VOLUME/FREQUENCIA NAO AUTORIZADOS PELO CONTRAN,SP,AUTOMOVEL,PARTICULAR,1,8,2026
6999,SALES OLIVEIRA,7340-0,DIRIGIR O VEIC USANDO CALCADO QUE N SE FIRME NOS PES/COMPROMETA UTILIZ PEDAIS,SP,MOTOCICLO,PARTICULAR,1,8,2026
6383,DOIS CORREGOS,6530-0,USAR NO VEICULO EQUIP C/ SOM EM VOLUME/FREQUENCIA NAO AUTORIZADOS PELO CONTRAN,SP,AUTOMOVEL,PARTICULAR,1,8,2026
6239,BOITUVA,5029-1,Dirigir veiculo com CNH/PPD/ACC cassada,SP,MOTOCICLO,PARTICULAR,1,8,2026
7267,TARUMA,7579-0,"REC SUB TEST, EX CLIN, PERIC OU PROC Q PERM CERT INFL ALC/SUB PSIC FOR ART. 277",SP,MOTOCICLO,PARTICULAR,1,8,2026
7151,SUZANO,6726-1,"CONDUZIR O VEICULO EM MAU ESTADO DE CONSERVACAO, COMPROMETENDO A SEGURANCA",Outras UFs,AUTOMOVEL,ALUGUEL,1,8,2026
7075,SAO BERNARDO DO CAMPO,5843-3,"Deixar de indicar c/ antec, med gesto de braco/luz indicadora, mudanca direcao",SP,CAMIONETA,PARTICULAR,1,8,2026
6619,JUNDIAI,7633-2,Dirigir veiculo manuseando telefone celular,Outras UFs,AUTOMOVEL,PARTICULAR,1,8,2026
6213,BARUERI,5835-0,Desobedecer as ordens emanadas da autorid compet de transito ou de seus agentes,SP,MOTOCICLO,PARTICULAR,2,8,2026
6205,BARRA BONITA,6769-0,"CONDUZIR VEIC C/ DEFEITO NO SIST DE ILUMINACAO, SINALIZ OU LAMPADAS QUEIMADAS",SP,MOTOCICLO,PARTICULAR,2,8,2026
6105,AGUAI,7684-1,Cond motoc/moton/ciclom c/ util cap de seg s/ vis/ocul prot,SP,MOTOCICLO,PARTICULAR,2,8,2026
7213,UCHOA,5720-0,TRANSITAR PELA CONTRAMAO DE DIRECAO EM VIA COM DUPLO SENTIDO DE CIRCULACAO,SP,MOTOCICLO,PARTICULAR,1,8,2026
7203,TUPI PAULISTA,7633-1,Dirigir veiculo segurando telefone celular,SP,AUTOMOVEL,PARTICULAR,1,8,2026
6483,IACANGA,6610-2,CONDUZIR O VEICULO COM CARACTERISTICA ALTERADA,SP,MOTOCICLO,PARTICULAR,3,8,2026
6259,BROTAS,5142-0,PERMITIR POSSE/CONDUCAO DO VEIC A PESSOA COM CNH/PPD VENCIDA HA MAIS DE 30 DIAS,SP,AUTOMOVEL,PARTICULAR,1,8,2026
7107,SAO PAULO,5029-1,Dirigir veiculo com CNH/PPD/ACC cassada,SP,AUTOMOVEL,PARTICULAR,6,8,2026
7071,SANTOS,6050-1,AVAN O SIN VERM DO SEMAF EXC SE HOUVER SINALIZ PERM LIVRE CONV A DIR,SP,CAMINHONET,PARTICULAR,2,8,2026
6487,IBATE,7579-0,"REC SUB TEST, EX CLIN, PERIC OU PROC Q PERM CERT INFL ALC/SUB PSIC FOR ART. 277",Outras UFs,MOTOCICLO,PARTICULAR,1,8,2026
7071,SANTOS,7684-2,Cond motoc/moton/ciclom c/ util cap de seg c/ vis/ocul prot des c/ regul Contran,SP,MOTONETA,PARTICULAR,3,8,2026
7097,SAO JOSE DO RIO PRETO,6041-2,EXECUTAR OPERACAO DE CONVERSAO A ESQUERDA EM LOCAL PROIBIDO PELA SINALIZACAO,SP,AUTOMOVEL,PARTICULAR,1,8,2026
6295,CAMPOS DO JORDAO,7048-1,"CONDUZIR MOTOCICLETA, MOTONETA E CICLOMOTOR TRANSPORTANDO PASSAGEIRO S/ CAPACETE",SP,MOTOCICLO,PARTICULAR,1,8,2026
6275,CACONDE,5452-1,ESTACIONAR NO PASSEIO,SP,MOTONETA,PARTICULAR,1,8,2026
6503,IGARAPAVA,5738-0,TRANSITAR PELA CONTRAMAO DE DIRECAO EM VIA C/ SINALIZACAO DE REGUL SENTIDO UNICO,Outras UFs,MOTOCICLO,PARTICULAR,1,8,2026
6729,MONTE APRAZIVEL,6637-1,CONDUZIR O VEICULO SEM EQUIPAMENTO OBRIGATORIO,SP,MOTOCICLO,PARTICULAR,1,8,2026
7107,SAO PAULO,7633-2,Dirigir veiculo manuseando telefone celular,Outras UFs,C. TRATOR,ALUGUEL,1,8,2026
6619,JUNDIAI,5096-0,ENTREGAR VEICULO A PESSOA COM CNH/PPD VENCIDA HA MAIS DE 30 DIAS,SP,AUTOMOVEL,PARTICULAR,1,8,2026
6115,ALFREDO MARCONDES,6599-2,CONDUZIR O VEICULO REGISTRADO QUE NAO ESTEJA DEVIDAMENTE LICENCIADO,SP,MOTOCICLO,PARTICULAR,1,8,2026
6477,GUARULHOS,5738-0,TRANSITAR PELA CONTRAMAO DE DIRECAO EM VIA C/ SINALIZACAO DE REGUL SENTIDO UNICO,SP,MOTOCICLO,PARTICULAR,1,8,2026
6579,ITU,5843-1,"Deixar de indicar c/ antec, med gesto de braco/luz indicadora, inicio da marcha",SP,AUTOMOVEL,PARTICULAR,1,8,2026
6493,IBITINGA,5118-0,PERMITIR POSSE/CONDUCAO DO VEICULO A PESSOA SEM CNH/PPD/ACC,SP,MOTOCICLO,PARTICULAR,2,8,2026
6825,PARIQUERA-ACU,5487-0,ESTACIONAR AO LADO DE OUTRO VEICULO EM FILA DUPLA,SP,AUTOMOVEL,PARTICULAR,1,8,2026
6589,JACAREI,6637-1,CONDUZIR O VEICULO SEM EQUIPAMENTO OBRIGATORIO,SP,AUTOMOVEL,PARTICULAR,1,8,2026
6509,ILHABELA,7684-2,Cond motoc/moton/ciclom c/ util cap de seg c/ vis/ocul prot des c/ regul Contran,SP,MOTOCICLO,PARTICULAR,2,8,2026
6619,JUNDIAI,7234-0,"EM MOVIMENTO, DEIXAR DE MANTER ACESA A LUZ BAIXA DURANTE A NOITE",SP,CAMIONETA,PARTICULAR,1,8,2026
6473,GUARIBA,6602-0,CONDUZIR O VEICULO COM QUALQUER UMA DAS PLACAS SEM LEGIBILIDADE E VISIBILIDADE,SP,MOTOCICLO,PARTICULAR,1,8,2026
7005,SALTO,6653-1,CONDUZIR O VEICULO COM DESCARGA LIVRE,SP,MOTOCICLO,PARTICULAR,3,8,2026
7223,VALENTIM GENTIL,6653-2,CONDUZIR O VEICULO COM SILENCIADOR DE MOTOR DEFEITUOSO/DEFICIENTE/INOPERANTE,SP,MOTOCICLO,PARTICULAR,1,8,2026
6313,CARAPICUIBA,6530-0,USAR NO VEICULO EQUIP C/ SOM EM VOLUME/FREQUENCIA NAO AUTORIZADOS PELO CONTRAN,SP,CAMINHONET,PARTICULAR,2,8,2026
6393,DUMONT,5185-1,Deixar o condutor de usar o cinto seguranca,SP,CAMINHONET,PARTICULAR,3,8,2026
6363,CRAVINHOS,6599-2,CONDUZIR O VEICULO REGISTRADO QUE NAO ESTEJA DEVIDAMENTE LICENCIADO,SP,AUTOMOVEL,PARTICULAR,1,8,2026
6125,ALVARES MACHADO,6726-1,"CONDUZIR O VEICULO EM MAU ESTADO DE CONSERVACAO, COMPROMETENDO A SEGURANCA",SP,MOTOCICLO,PARTICULAR,1,8,2026
7047,SANTANA DE PARNAIBA,5010-0,DIRIGIR VEICULO SEM POSSUIR CNH/PPD/ACC,SP,MOTOCICLO,ALUGUEL,1,8,2026
7099,SAO JOSE DOS CAMPOS,5029-1,Dirigir veiculo com CNH/PPD/ACC cassada,SP,MOTOCICLO,PARTICULAR,1,8,2026
7267,TARUMA,7633-2,Dirigir veiculo manuseando telefone celular,SP,AUTOMOVEL,PARTICULAR,1,8,2026
7107,SAO PAULO,5843-4,"Deixar de indicar c/ antec, med gesto de braco/luz indicadora, mudanca de faixa",SP,UTILITARIO,PARTICULAR,5,8,2026
6635,LEME,6653-2,CONDUZIR O VEICULO COM SILENCIADOR DE MOTOR DEFEITUOSO/DEFICIENTE/INOPERANTE,SP,MOTOCICLO,PARTICULAR,1,8,2026
6977,RINOPOLIS,6530-0,USAR NO VEICULO EQUIP C/ SOM EM VOLUME/FREQUENCIA NAO AUTORIZADOS PELO CONTRAN,SP,CAMINHONET,PARTICULAR,1,8,2026
6163,ARARAQUARA,7099-1,CONDUZIR MOTOCICLETA/MOTONETA/CICLOMOTOR SEM SEGURAR O GUIDOM COM AMBAS AS MAOS,SP,MOTOCICLO,PARTICULAR,1,8,2026
7135,SERTAOZINHO,5738-0,TRANSITAR PELA CONTRAMAO DE DIRECAO EM VIA C/ SINALIZACAO DE REGUL SENTIDO UNICO,SP,MOTONETA,PARTICULAR,1,8,2026
6815,PARAISO,6408-0,PORTAR NO VEICULO PLACAS DE IDENTIFICACAO EM DESACORDO C/ ESPECIF/MODELO CONTRAN,SP,MOTOCICLO,PARTICULAR,1,8,2026
6455,GUARA,5185-1,Deixar o condutor de usar o cinto seguranca,SP,AUTOMOVEL,PARTICULAR,3,8,2026
6581,ITUPEVA,7340-0,DIRIGIR O VEIC USANDO CALCADO QUE N SE FIRME NOS PES/COMPROMETA UTILIZ PEDAIS,Outras UFs,MOTOCICLO,PARTICULAR,1,8,2026
6435,GARCA,5045-0,DIRIGIR VEICULO COM VALIDADE DE CNH/PPD VENCIDA HA MAIS DE 30 DIAS,SP,AUTOMOVEL,PARTICULAR,2,8,2026
6357,COSMOPOLIS,7340-0,DIRIGIR O VEIC USANDO CALCADO QUE N SE FIRME NOS PES/COMPROMETA UTILIZ PEDAIS,SP,MOTOCICLO,PARTICULAR,1,8,2026
6401,EMBU DAS ARTES,7030-1,Conduzir motoc/moton/ciclom s/ capacete de seguranca,SP,MOTOCICLO,PARTICULAR,1,8,2026
6619,JUNDIAI,7633-2,Dirigir veiculo manuseando telefone celular,SP,CAMINHONET,PARTICULAR,1,8,2026
7225,VALINHOS,5045-0,DIRIGIR VEICULO COM VALIDADE DE CNH/PPD VENCIDA HA MAIS DE 30 DIAS,SP,MOTOCICLO,PARTICULAR,1,8,2026
6969,RIBEIRAO PRETO,5037-1,DIRIGIR VEICULO COM CNH DE CATEGORIA DIFERENTE DA DO VEICULO,SP,MOTOCICLO,PARTICULAR,1,8,2026
6251,BRAGANCA PAULISTA,7285-0,"EM MOVIMENTO, DEIXAR DE MANTER A PLACA TRASEIRA ILUMINADA A NOITE",SP,MOTOCICLO,PARTICULAR,1,8,2026
6209,BARRETOS,6726-1,"CONDUZIR O VEICULO EM MAU ESTADO DE CONSERVACAO, COMPROMETENDO A SEGURANCA",SP,MOTOCICLO,PARTICULAR,1,8,2026
6987,ROSEIRA,6599-2,CONDUZIR O VEICULO REGISTRADO QUE NAO ESTEJA DEVIDAMENTE LICENCIADO,SP,MOTOCICLO,PARTICULAR,1,8,2026
6707,MIRASSOL,7579-0,"REC SUB TEST, EX CLIN, PERIC OU PROC Q PERM CERT INFL ALC/SUB PSIC FOR ART. 277",SP,MOTOCICLO,PARTICULAR,3,8,2026
7107,SAO PAULO,6580-0,CONDUZIR O VEICULO SEM QUALQUER UMA DAS PLACAS DE IDENTIFICACAO,SP,MOTOCICLO,PARTICULAR,8,8,2026
6179,ASSIS,7030-1,Conduzir motoc/moton/ciclom s/ capacete de seguranca,SP,MOTOCICLO,PARTICULAR,1,8,2026
7107,SAO PAULO,6050-1,AVAN O SIN VERM DO SEMAF EXC SE HOUVER SINALIZ PERM LIVRE CONV A DIR,Outras UFs,CAMINHONET,PARTICULAR,1,8,2026
7121,SAO VICENTE,7684-2,Cond motoc/moton/ciclom c/ util cap de seg c/ vis/ocul prot des c/ regul Contran,SP,MOTONETA,PARTICULAR,1,8,2026
6875,PIRACICABA,7048-1,"CONDUZIR MOTOCICLETA, MOTONETA E CICLOMOTOR TRANSPORTANDO PASSAGEIRO S/ CAPACETE",SP,MOTOCICLO,PARTICULAR,1,8,2026
6845,PEDRO DE TOLEDO,5185-1,Deixar o condutor de usar o cinto seguranca,SP,CAMIONETA,PARTICULAR,1,8,2026
7151,SUZANO,6599-2,CONDUZIR O VEICULO REGISTRADO QUE NAO ESTEJA DEVIDAMENTE LICENCIADO,SP,AUTOMOVEL,PARTICULAR,6,8,2026
6455,GUARA,6653-1,CONDUZIR O VEICULO COM DESCARGA LIVRE,SP,MOTOCICLO,PARTICULAR,1,8,2026
7225,VALINHOS,6670-0,CONDUZIR O VEICULO C/ EQUIP DO SISTEMA DE ILUMINACAO E DE SINALIZACAO ALTERADOS,SP,MOTOCICLO,PARTICULAR,3,8,2026
6689,MAUA,6041-1,EXECUTAR OPERACAO DE CONVERSAO A DIREITA EM LOCAL PROIBIDO PELA SINALIZACAO,SP,AUTOMOVEL,PARTICULAR,1,8,2026
7107,SAO PAULO,6050-1,AVAN O SIN VERM DO SEMAF EXC SE HOUVER SINALIZ PERM LIVRE CONV A DIR,Outras UFs,CAMIONETA,PARTICULAR,3,8,2026
7245,VOTUPORANGA,5835-0,Desobedecer as ordens emanadas da autorid compet de transito ou de seus agentes,SP,MOTOCICLO,PARTICULAR,2,8,2026
7107,SAO PAULO,7714-2,Cond motoc/moton/ciclom transp pass c/ cap seg c/ vis/oc prot des c/ reg Contran,SP,MOTOCICLO,PARTICULAR,6,8,2026
7107,SAO PAULO,5819-6,TRANSITAR COM O VEICULO EM MARCAS DE CANALIZACAO,SP,CAMINHONET,PARTICULAR,3,8,2026
7057,SANTO ANDRE,5037-1,DIRIGIR VEICULO COM CNH DE CATEGORIA DIFERENTE DA DO VEICULO,SP,MOTOCICLO,PARTICULAR,4,8,2026
6863,PINDORAMA,7579-0,"REC SUB TEST, EX CLIN, PERIC OU PROC Q PERM CERT INFL ALC/SUB PSIC FOR ART. 277",SP,AUTOMOVEL,PARTICULAR,1,8,2026
6165,ARARAS,5010-0,DIRIGIR VEICULO SEM POSSUIR CNH/PPD/ACC,SP,MOTOCICLO,PARTICULAR,1,8,2026
7037,SANTA ISABEL,6599-2,CONDUZIR O VEICULO REGISTRADO QUE NAO ESTEJA DEVIDAMENTE LICENCIADO,SP,MOTOCICLO,PARTICULAR,1,8,2026
7071,SANTOS,6050-1,AVAN O SIN VERM DO SEMAF EXC SE HOUVER SINALIZ PERM LIVRE CONV A DIR,SP,MOTOCICLO,PARTICULAR,4,8,2026
6137,AMPARO,7633-2,Dirigir veiculo manuseando telefone celular,SP,MOTOCICLO,PARTICULAR,1,8,2026
6843,PEDREIRA,5010-0,DIRIGIR VEICULO SEM POSSUIR CNH/PPD/ACC,SP,MOTOCICLO,PARTICULAR,2,8,2026
7107,SAO PAULO,6050-2,AVANCAR O SINAL DE PARADA OBRIGATORIA,Outras UFs,MOTOCICLO,PARTICULAR,1,8,2026
6991,RUBINEIA,6769-0,"CONDUZIR VEIC C/ DEFEITO NO SIST DE ILUMINACAO, SINALIZ OU LAMPADAS QUEIMADAS",SP,ONIBUS,OFICIAL,3,8,2026
6209,BARRETOS,5010-0,DIRIGIR VEICULO SEM POSSUIR CNH/PPD/ACC,SP,AUTOMOVEL,PARTICULAR,1,8,2026
7273,VARGEM GRANDE PAULISTA,6599-2,CONDUZIR O VEICULO REGISTRADO QUE NAO ESTEJA DEVIDAMENTE LICENCIADO,SP,AUTOMOVEL,PARTICULAR,1,8,2026
6429,FRANCO DA ROCHA,7633-1,Dirigir veiculo segurando telefone celular,SP,CAMIONETA,PARTICULAR,1,8,2026
6137,AMPARO,5819-6,TRANSITAR COM O VEICULO EM MARCAS DE CANALIZACAO,SP,MOTOCICLO,PARTICULAR,1,8,2026
6359,COSMORAMA,6050-2,AVANCAR O SINAL DE PARADA OBRIGATORIA,SP,AUTOMOVEL,PARTICULAR,2,8,2026
7099,SAO JOSE DOS CAMPOS,5118-0,PERMITIR POSSE/CONDUCAO DO VEICULO A PESSOA SEM CNH/PPD/ACC,SP,AUTOMOVEL,PARTICULAR,1,8,2026
7107,SAO PAULO,5843-3,"Deixar de indicar c/ antec, med gesto de braco/luz indicadora, mudanca direcao",SP,CAMINHONET,PARTICULAR,2,8,2026
6137,AMPARO,5061-0,ENTREGAR VEICULO A PESSOA SEM CNH/PPD/ACC,SP,MOTOCICLO,PARTICULAR,1,8,2026
6639,LIMEIRA,6599-2,CONDUZIR O VEICULO REGISTRADO QUE NAO ESTEJA DEVIDAMENTE LICENCIADO,SP,CAMINHONET,PARTICULAR,1,8,2026
6177,ARUJA,7340-0,DIRIGIR O VEIC USANDO CALCADO QUE N SE FIRME NOS PES/COMPROMETA UTILIZ PEDAIS,SP,MOTOCICLO,PARTICULAR,1,8,2026
6547,ITAPETININGA,6599-2,CONDUZIR O VEICULO REGISTRADO QUE NAO ESTEJA DEVIDAMENTE LICENCIADO,SP,MOTONETA,PARTICULAR,3,8,2026
6787,ORLANDIA,5010-0,DIRIGIR VEICULO SEM POSSUIR CNH/PPD/ACC,SP,MOTOCICLO,PARTICULAR,1,8,2026
6579,ITU,7544-1,Falta de escrituracao livro registro entrada/saida e de uso placa de experiencia,SP,CAMIONETA,PARTICULAR,3,8,2026
7107,SAO PAULO,5819-2,"TRANSITAR COM O VEICULO EM CICLOVIAS, CICLOFAIXAS",SP,AUTOMOVEL,PARTICULAR,4,8,2026
7047,SANTANA DE PARNAIBA,6530-0,USAR NO VEICULO EQUIP C/ SOM EM VOLUME/FREQUENCIA NAO AUTORIZADOS PELO CONTRAN,SP,CAMINHONET,PARTICULAR,1,8,2026
7201,TUPA,6645-0,CONDUZIR O VEICULO COM EQUIP OBRIGATORIO EM DESACORDO COM O ESTAB PELO CONTRAN,SP,MOTOCICLO,PARTICULAR,1,8,2026
6711,MOCOCA,6637-2,CONDUZIR O VEICULO COM EQUIPAMENTO OBRIGATORIO INEFICIENTE/INOPERANTE,SP,MOTOCICLO,PARTICULAR,3,8,2026
6429,FRANCO DA ROCHA,5070-1,ENTREGAR VEICULO A PESSOA COM CNH/PPD/ACC CASSADA,SP,MOTOCICLO,PARTICULAR,1,8,2026
7107,SAO PAULO,6408-0,PORTAR NO VEICULO PLACAS DE IDENTIFICACAO EM DESACORDO C/ ESPECIF/MODELO CONTRAN,SP,CAMIONETA,PARTICULAR,2,8,2026
6643,LINS,6050-1,AVAN O SIN VERM DO SEMAF EXC SE HOUVER SINALIZ PERM LIVRE CONV A DIR,SP,AUTOMOVEL,PARTICULAR,1,8,2026
6549,ITAPEVA,6637-1,CONDUZIR O VEICULO SEM EQUIPAMENTO OBRIGATORIO,SP,MOTOCICLO,PARTICULAR,1,8,2026
6229,BIRIGUI,6599-2,CONDUZIR O VEICULO REGISTRADO QUE NAO ESTEJA DEVIDAMENTE LICENCIADO,SP,MOTOCICLO,PARTICULAR,1,8,2026
7149,SUMARE,6599-2,CONDUZIR O VEICULO REGISTRADO QUE NAO ESTEJA DEVIDAMENTE LICENCIADO,SP,AUTOMOVEL,PARTICULAR,4,8,2026
6477,GUARULHOS,5118-0,PERMITIR POSSE/CONDUCAO DO VEICULO A PESSOA SEM CNH/PPD/ACC,SP,MOTOCICLO,PARTICULAR,2,8,2026
6409,FARTURA,7579-0,"REC SUB TEST, EX CLIN, PERIC OU PROC Q PERM CERT INFL ALC/SUB PSIC FOR ART. 277",SP,CAMINHONET,PARTICULAR,1,8,2026
6553,ITAPIRA,5274-2,UTILIZ VEIC DEM/EXIBIR MANOB PERIG MED DERRAP/FRENAG C/DESLIZ/ARRAST PNEUS,SP,MOTONETA,PARTICULAR,1,8,2026
6707,MIRASSOL,5010-0,DIRIGIR VEICULO SEM POSSUIR CNH/PPD/ACC,SP,MOTOCICLO,PARTICULAR,3,8,2026
6697,MINEIROS DO TIETE,6530-0,USAR NO VEICULO EQUIP C/ SOM EM VOLUME/FREQUENCIA NAO AUTORIZADOS PELO CONTRAN,SP,AUTOMOVEL,PARTICULAR,2,8,2026
6681,MARILIA,6041-2,EXECUTAR OPERACAO DE CONVERSAO A ESQUERDA EM LOCAL PROIBIDO PELA SINALIZACAO,SP,CAMINHONET,PARTICULAR,1,8,2026
7047,SANTANA DE PARNAIBA,6408-0,PORTAR NO VEICULO PLACAS DE IDENTIFICACAO EM DESACORDO C/ ESPECIF/MODELO CONTRAN,SP,MOTOCICLO,PARTICULAR,3,8,2026
7071,SANTOS,5037-1,DIRIGIR VEICULO COM CNH DE CATEGORIA DIFERENTE DA DO VEICULO,SP,MOTOCICLO,PARTICULAR,1,8,2026
6409,FARTURA,5185-1,Deixar o condutor de usar o cinto seguranca,Outras UFs,AUTOMOVEL,PARTICULAR,1,8,2026
7107,SAO PAULO,7684-2,Cond motoc/moton/ciclom c/ util cap de seg c/ vis/ocul prot des c/ regul Contran,SP,AUTOMOVEL,PARTICULAR,1,8,2026
6537,ITAI,6599-2,CONDUZIR O VEICULO REGISTRADO QUE NAO ESTEJA DEVIDAMENTE LICENCIADO,SP,AUTOMOVEL,PARTICULAR,1,8,2026
6323,CATANDUVA,6050-1,AVAN O SIN VERM DO SEMAF EXC SE HOUVER SINALIZ PERM LIVRE CONV A DIR,SP,MOTOCICLO,PARTICULAR,2,8,2026
7107,SAO PAULO,6050-2,AVANCAR O SINAL DE PARADA OBRIGATORIA,SP,UTILITARIO,PARTICULAR,1,8,2026
7107,SAO PAULO,5819-4,TRANSITAR COM O VEICULO EM CANTEIROS CENTRAIS/DIVISORES DE PISTA DE ROLAMENTO,SP,MOTOCICLO,PARTICULAR,1,8,2026
7075,SAO BERNARDO DO CAMPO,6599-2,CONDUZIR O VEICULO REGISTRADO QUE NAO ESTEJA DEVIDAMENTE LICENCIADO,SP,CAMINHONET,ALUGUEL,1,8,2026
6477,GUARULHOS,7374-0,BLOQUEAR A VIA COM VEICULO,SP,AUTOMOVEL,PARTICULAR,1,8,2026
6105,AGUAI,5843-3,"Deixar de indicar c/ antec, med gesto de braco/luz indicadora, mudanca direcao",SP,MOTOCICLO,PARTICULAR,1,8,2026
6711,MOCOCA,7285-0,"EM MOVIMENTO, DEIXAR DE MANTER A PLACA TRASEIRA ILUMINADA A NOITE",SP,MOTOCICLO,PARTICULAR,1,8,2026
2957,VARGEM,5185-1,Deixar o condutor de usar o cinto seguranca,SP,AUTOMOVEL,PARTICULAR,1,8,2026
7107,SAO PAULO,5053-1,DIRIGIR VEICULO SEM USAR LENTES CORRETORAS DE VISAO,SP,AUTOMOVEL,PARTICULAR,1,8,2026
6181,ATIBAIA,5185-1,Deixar o condutor de usar o cinto seguranca,SP,AUTOMOVEL,PARTICULAR,1,8,2026
6587,JABOTICABAL,6408-0,PORTAR NO VEICULO PLACAS DE IDENTIFICACAO EM DESACORDO C/ ESPECIF/MODELO CONTRAN,SP,MOTOCICLO,PARTICULAR,1,8,2026
6477,GUARULHOS,5819-1,"TRANSITAR COM O VEICULO EM CALCADAS, PASSEIOS",SP,MOTOCICLO,PARTICULAR,1,8,2026
7071,SANTOS,5959-3,ULTRAPASSAR PELA CONTRAMAO VEICULO PARADO EM FILA JUNTO A CRUZAMENTO,SP,AUTOMOVEL,PARTICULAR,1,8,2026
6317,CASA BRANCA,5010-0,DIRIGIR VEICULO SEM POSSUIR CNH/PPD/ACC,SP,MOTOCICLO,PARTICULAR,1,8,2026
7223,VALENTIM GENTIL,5118-0,PERMITIR POSSE/CONDUCAO DO VEICULO A PESSOA SEM CNH/PPD/ACC,SP,MOTONETA,PARTICULAR,1,8,2026
6715,MOGI-GUACU,7234-0,"EM MOVIMENTO, DEIXAR DE MANTER ACESA A LUZ BAIXA DURANTE A NOITE",SP,AUTOMOVEL,PARTICULAR,1,8,2026
7215,UNIAO PAULISTA,5185-1,Deixar o condutor de usar o cinto seguranca,SP,CAMINHAO,ALUGUEL,1,8,2026
2999,CAMPINA DO MONTE ALEGRE,5193-0,Transportar crianca sem observancia das normas de seguranca estabelecidas p/ CTB,SP,AUTOMOVEL,PARTICULAR,1,8,2026
6153,APIAI,6858-0,Transitar com o veiculo com lotacao excedente,SP,CAMINHONET,PARTICULAR,1,8,2026
7033,SANTA FE DO SUL,6599-2,CONDUZIR O VEICULO REGISTRADO QUE NAO ESTEJA DEVIDAMENTE LICENCIADO,SP,CICLOMOTO,PARTICULAR,1,8,2026
6165,ARARAS,5010-0,DIRIGIR VEICULO SEM POSSUIR CNH/PPD/ACC,SP,AUTOMOVEL,PARTICULAR,1,8,2026
7099,SAO JOSE DOS CAMPOS,6572-0,CONDUZIR O VEICULO COM DISPOSITIVO ANTIRRADAR,SP,MOTOCICLO,PARTICULAR,1,8,2026
2951,HORTOLANDIA,5169-2,DIRIGIR SOB A INFLUENCIA DE QQUER SUBSTANCIA PSICOATIVA QUE DETER. DEPENDENCIA,SP,AUTOMOVEL,PARTICULAR,1,8,2026
7107,SAO PAULO,5002-0,"Multa, por nao identificacao do condutor infrator, imposta a pessoa juridica",Outras UFs,AUTOMOVEL,PARTICULAR,4,8,2026
6175,ARTUR NOGUEIRA,6670-0,CONDUZIR O VEICULO C/ EQUIP DO SISTEMA DE ILUMINACAO E DE SINALIZACAO ALTERADOS,SP,MOTOCICLO,PARTICULAR,2,8,2026
6505,IGARATA,5185-1,Deixar o condutor de usar o cinto seguranca,SP,AUTOMOVEL,PARTICULAR,2,8,2026
6175,ARTUR NOGUEIRA,6050-2,AVANCAR O SINAL DE PARADA OBRIGATORIA,SP,UTILITARIO,PARTICULAR,1,8,2026
2957,VARGEM,5010-0,DIRIGIR VEICULO SEM POSSUIR CNH/PPD/ACC,SP,AUTOMOVEL,PARTICULAR,1,8,2026
7175,TAQUARITINGA,5010-0,DIRIGIR VEICULO SEM POSSUIR CNH/PPD/ACC,SP,MOTOCICLO,PARTICULAR,1,8,2026
6477,GUARULHOS,5185-1,Deixar o condutor de usar o cinto seguranca,SP,ONIBUS,ALUGUEL,1,8,2026
6847,PENAPOLIS,6653-2,CONDUZIR O VEICULO COM SILENCIADOR DE MOTOR DEFEITUOSO/DEFICIENTE/INOPERANTE,SP,MOTOCICLO,PARTICULAR,3,8,2026
6481,HERCULANDIA,5550-0,ESTACIONAR EM LOCAL/HORARIO PROIBIDO ESPECIFICAMENTE PELA SINALIZACAO,SP,AUTOMOVEL,PARTICULAR,2,8,2026
6795,OURINHOS,5010-0,DIRIGIR VEICULO SEM POSSUIR CNH/PPD/ACC,Outras UFs,AUTOMOVEL,PARTICULAR,1,8,2026
7157,TABOAO DA SERRA,5010-0,DIRIGIR VEICULO SEM POSSUIR CNH/PPD/ACC,SP,AUTOMOVEL,PARTICULAR,2,8,2026
6163,ARARAQUARA,6599-2,CONDUZIR O VEICULO REGISTRADO QUE NAO ESTEJA DEVIDAMENTE LICENCIADO,SP,AUTOMOVEL,PARTICULAR,2,8,2026
2965,BERTIOGA,5185-1,Deixar o condutor de usar o cinto seguranca,SP,UTILITARIO,PARTICULAR,1,8,2026
7151,SUZANO,5045-0,DIRIGIR VEICULO COM VALIDADE DE CNH/PPD VENCIDA HA MAIS DE 30 DIAS,SP,CAMIONETA,PARTICULAR,1,8,2026
6373,CUNHA,5045-0,DIRIGIR VEICULO COM VALIDADE DE CNH/PPD VENCIDA HA MAIS DE 30 DIAS,SP,AUTOMOVEL,PARTICULAR,2,8,2026
6179,ASSIS,7056-1,CONDUZIR MOTOC/MOTON/CICLOMOTOR FAZENDO MALABARISMO/EQUILIBRANDO-SE EM UMA RODA,SP,MOTOCICLO,PARTICULAR,1,8,2026
7061,SANTO ANTONIO DE POSSE,5010-0,DIRIGIR VEICULO SEM POSSUIR CNH/PPD/ACC,SP,MOTOCICLO,PARTICULAR,1,8,2026
6553,ITAPIRA,6637-1,CONDUZIR O VEICULO SEM EQUIPAMENTO OBRIGATORIO,SP,MOTOCICLO,PARTICULAR,1,8,2026
2977,MARAPOAMA,5118-0,PERMITIR POSSE/CONDUCAO DO VEICULO A PESSOA SEM CNH/PPD/ACC,SP,MOTOCICLO,PARTICULAR,1,8,2026
6787,ORLANDIA,7579-0,"REC SUB TEST, EX CLIN, PERIC OU PROC Q PERM CERT INFL ALC/SUB PSIC FOR ART. 277",SP,AUTOMOVEL,PARTICULAR,1,8,2026
7083,SAO JOAO DA BOA VISTA,7684-1,Cond motoc/moton/ciclom c/ util cap de seg s/ vis/ocul prot,SP,MOTOCICLO,PARTICULAR,1,8,2026
7151,SUZANO,5010-0,DIRIGIR VEICULO SEM POSSUIR CNH/PPD/ACC,Outras UFs,AUTOMOVEL,ALUGUEL,1,8,2026
7107,SAO PAULO,5070-1,ENTREGAR VEICULO A PESSOA COM CNH/PPD/ACC CASSADA,SP,MOTOCICLO,PARTICULAR,8,8,2026
6163,ARARAQUARA,5185-1,Deixar o condutor de usar o cinto seguranca,SP,AUTOMOVEL,PARTICULAR,2,8,2026
7235,VERA CRUZ,6530-0,USAR NO VEICULO EQUIP C/ SOM EM VOLUME/FREQUENCIA NAO AUTORIZADOS PELO CONTRAN,SP,AUTOMOVEL,PARTICULAR,1,8,2026
6587,JABOTICABAL,6050-2,AVANCAR O SINAL DE PARADA OBRIGATORIA,SP,MOTOCICLO,PARTICULAR,1,8,2026
6847,PENAPOLIS,7579-0,"REC SUB TEST, EX CLIN, PERIC OU PROC Q PERM CERT INFL ALC/SUB PSIC FOR ART. 277",SP,AUTOMOVEL,PARTICULAR,1,8,2026
7107,SAO PAULO,7633-2,Dirigir veiculo manuseando telefone celular,Outras UFs,CAMINHONET,PARTICULAR,3,8,2026
6619,JUNDIAI,6610-2,CONDUZIR O VEICULO COM CARACTERISTICA ALTERADA,SP,MOTOCICLO,PARTICULAR,1,8,2026
6857,PIEDADE,5835-0,Desobedecer as ordens emanadas da autorid compet de transito ou de seus agentes,SP,MOTOCICLO,PARTICULAR,2,8,2026
6125,ALVARES MACHADO,6050-2,AVANCAR O SINAL DE PARADA OBRIGATORIA,Outras UFs,AUTOMOVEL,,1,8,2026
7103,SAO MANUEL,6599-2,CONDUZIR O VEICULO REGISTRADO QUE NAO ESTEJA DEVIDAMENTE LICENCIADO,SP,CAMINHONET,PARTICULAR,1,8,2026
6637,LENCOIS PAULISTA,6599-2,CONDUZIR O VEICULO REGISTRADO QUE NAO ESTEJA DEVIDAMENTE LICENCIADO,SP,MOTOCICLO,PARTICULAR,1,8,2026
6543,ITANHAEM,5185-1,Deixar o condutor de usar o cinto seguranca,SP,AUTOMOVEL,PARTICULAR,7,8,2026
6915,PORTO FERREIRA,6530-0,USAR NO VEICULO EQUIP C/ SOM EM VOLUME/FREQUENCIA NAO AUTORIZADOS PELO CONTRAN,SP,AUTOMOVEL,PARTICULAR,1,8,2026
6137,AMPARO,7579-0,"REC SUB TEST, EX CLIN, PERIC OU PROC Q PERM CERT INFL ALC/SUB PSIC FOR ART. 277",SP,MOTOCICLO,PARTICULAR,2,8,2026
7037,SANTA ISABEL,5029-2,DIRIGIR VEICULO COM CNH/PPD/ACC COM SUSPENSAO DO DIREITO DE DIRIGIR,SP,AUTOMOVEL,PARTICULAR,1,8,2026
7183,TAUBATE,6653-1,CONDUZIR O VEICULO COM DESCARGA LIVRE,Outras UFs,MOTOCICLO,PARTICULAR,1,8,2026
6317,CASA BRANCA,5878-0,"ULTRAPASSAR PELA DIREITA, SALVO QDO VEIC DA FRENTE DER SINAL P/ ENTRAR ESQUERDA",SP,UTILITARIO,PARTICULAR,1,8,2026
7109,SAO PEDRO,5738-0,TRANSITAR PELA CONTRAMAO DE DIRECAO EM VIA C/ SINALIZACAO DE REGUL SENTIDO UNICO,SP,CAMINHONET,PARTICULAR,1,8,2026
7107,SAO PAULO,7714-1,Cond motoc/moton/ciclom transp pass c/ cap de seg s/ vis/ocul de protecao,SP,MOTOCICLO,PARTICULAR,3,8,2026
6425,FRANCA,6670-0,CONDUZIR O VEICULO C/ EQUIP DO SISTEMA DE ILUMINACAO E DE SINALIZACAO ALTERADOS,SP,MOTOCICLO,PARTICULAR,1,8,2026
6857,PIEDADE,5010-0,DIRIGIR VEICULO SEM POSSUIR CNH/PPD/ACC,SP,MOTOCICLO,PARTICULAR,1,8,2026
6313,CARAPICUIBA,5037-1,DIRIGIR VEICULO COM CNH DE CATEGORIA DIFERENTE DA DO VEICULO,SP,MICROONIB,ALUGUEL,1,8,2026
6635,LEME,6530-0,USAR NO VEICULO EQUIP C/ SOM EM VOLUME/FREQUENCIA NAO AUTORIZADOS PELO CONTRAN,SP,CAMINHONET,PARTICULAR,3,8,2026
7107,SAO PAULO,5185-1,Deixar o condutor de usar o cinto seguranca,Outras UFs,AUTOMOVEL,PARTICULAR,4,8,2026
6813,PARAIBUNA,5185-1,Deixar o condutor de usar o cinto seguranca,SP,AUTOMOVEL,PARTICULAR,1,8,2026
6301,CANDIDO MOTA,5118-0,PERMITIR POSSE/CONDUCAO DO VEICULO A PESSOA SEM CNH/PPD/ACC,SP,MOTOCICLO,PARTICULAR,1,8,2026
7245,VOTUPORANGA,7684-1,Cond motoc/moton/ciclom c/ util cap de seg s/ vis/ocul prot,SP,MOTOCICLO,PARTICULAR,1,8,2026
6705,MIRANTE DO PARANAPANEMA,5118-0,PERMITIR POSSE/CONDUCAO DO VEICULO A PESSOA SEM CNH/PPD/ACC,SP,AUTOMOVEL,PARTICULAR,1,8,2026
6221,BEBEDOURO,5118-0,PERMITIR POSSE/CONDUCAO DO VEICULO A PESSOA SEM CNH/PPD/ACC,SP,MOTOCICLO,PARTICULAR,1,8,2026
6449,GUAIRA,6599-2,CONDUZIR O VEICULO REGISTRADO QUE NAO ESTEJA DEVIDAMENTE LICENCIADO,SP,MOTOCICLO,PARTICULAR,1,8,2026
6445,GUAICARA,6599-2,CONDUZIR O VEICULO REGISTRADO QUE NAO ESTEJA DEVIDAMENTE LICENCIADO,SP,MOTOCICLO,PARTICULAR,1,8,2026
6969,RIBEIRAO PRETO,5819-1,"TRANSITAR COM O VEICULO EM CALCADAS, PASSEIOS",SP,MOTOCICLO,PARTICULAR,1,8,2026
7107,SAO PAULO,7242-1,"EM MOVIMENTO DE DIA, DEIXAR DE MANTER ACESA LUZ BAIXA EM TUNEIS",SP,AUTOMOVEL,PARTICULAR,2,8,2026
7197,TREMEMBE,5037-1,DIRIGIR VEICULO COM CNH DE CATEGORIA DIFERENTE DA DO VEICULO,SP,MOTOCICLO,PARTICULAR,1,8,2026
7107,SAO PAULO,5002-0,"Multa, por nao identificacao do condutor infrator, imposta a pessoa juridica",Outras UFs,CAMINHONET,PARTICULAR,4,8,2026
6285,CAJAMAR,7684-1,Cond motoc/moton/ciclom c/ util cap de seg s/ vis/ocul prot,SP,MOTOCICLO,PARTICULAR,1,8,2026
7151,SUZANO,7633-1,Dirigir veiculo segurando telefone celular,SP,AUTOMOVEL,PARTICULAR,1,8,2026
6247,BORBOREMA,5010-0,DIRIGIR VEICULO SEM POSSUIR CNH/PPD/ACC,SP,AUTOMOVEL,PARTICULAR,1,8,2026
7173,TAPIRATIBA,5541-1,ESTACIONAR EM DESACORDO COM A REGULAMENTACAO ESPECIFICADA PELA SINALIZACAO,SP,AUTOMOVEL,PARTICULAR,1,8,2026
6213,BARUERI,6637-1,CONDUZIR O VEICULO SEM EQUIPAMENTO OBRIGATORIO,SP,MOTOCICLO,PARTICULAR,1,8,2026
6639,LIMEIRA,7579-0,"REC SUB TEST, EX CLIN, PERIC OU PROC Q PERM CERT INFL ALC/SUB PSIC FOR ART. 277",SP,MOTOCICLO,PARTICULAR,1,8,2026
7047,SANTANA DE PARNAIBA,6670-0,CONDUZIR O VEICULO C/ EQUIP DO SISTEMA DE ILUMINACAO E DE SINALIZACAO ALTERADOS,SP,MOTOCICLO,PARTICULAR,4,8,2026
6705,MIRANTE DO PARANAPANEMA,6726-1,"CONDUZIR O VEICULO EM MAU ESTADO DE CONSERVACAO, COMPROMETENDO A SEGURANCA",SP,ONIBUS,ALUGUEL,1,8,2026
6209,BARRETOS,7633-2,Dirigir veiculo manuseando telefone celular,SP,CAMIONETA,PARTICULAR,5,8,2026
6547,ITAPETININGA,5274-1,UTILIZ VEIC DEMONST/EXIBIR MANOBRA PERIGOSA MEDIANTE ARRANCADA BRUSCA,SP,MOTOCICLO,PARTICULAR,2,8,2026
6947,REDENCAO DA SERRA,7340-0,DIRIGIR O VEIC USANDO CALCADO QUE N SE FIRME NOS PES/COMPROMETA UTILIZ PEDAIS,SP,MOTOCICLO,PARTICULAR,1,8,2026
6633,LAVRINHAS,5452-1,ESTACIONAR NO PASSEIO,SP,MOTOCICLO,PARTICULAR,2,8,2026
7133,SERRA NEGRA,5088-1,ENTREGAR VEICULO A PESSOA COM CNH DE CATEGORIA DIFERENTE DA DO VEICULO,SP,MOTOCICLO,PARTICULAR,1,8,2026
6415,FERRAZ DE VASCONCELOS,5045-0,DIRIGIR VEICULO COM VALIDADE DE CNH/PPD VENCIDA HA MAIS DE 30 DIAS,SP,MOTOCICLO,PARTICULAR,1,8,2026
6137,AMPARO,5185-1,Deixar o condutor de usar o cinto seguranca,SP,AUTOMOVEL,PARTICULAR,5,8,2026
6707,MIRASSOL,6050-3,AVAN O SIN VERM DO SEMAF EXC SE HOUVER SINALIZ PERM LIVRE CONV A DIR -FISC ELETR,SP,MOTONETA,PARTICULAR,1,8,2026
6219,BAURU,6050-1,AVAN O SIN VERM DO SEMAF EXC SE HOUVER SINALIZ PERM LIVRE CONV A DIR,SP,CAMINHONET,PARTICULAR,1,8,2026
7053,SANTA ROSA DE VITERBO,6599-2,CONDUZIR O VEICULO REGISTRADO QUE NAO ESTEJA DEVIDAMENTE LICENCIADO,SP,MOTOCICLO,PARTICULAR,1,8,2026
2949,ENGENHEIRO COELHO,5010-0,DIRIGIR VEICULO SEM POSSUIR CNH/PPD/ACC,SP,MOTOCICLO,PARTICULAR,1,8,2026
6979,RIO CLARO,6726-1,"CONDUZIR O VEICULO EM MAU ESTADO DE CONSERVACAO, COMPROMETENDO A SEGURANCA",SP,MOTOCICLO,PARTICULAR,1,8,2026
6409,FARTURA,5797-0,FORCAR PASSAGEM ENTRE VEICS TRANS SENT OPOSTOS NA IMINENCIA REALIZ ULTRAPASSAGEM,Outras UFs,AUTOMOVEL,PARTICULAR,1,8,2026
6377,DIADEMA,6653-1,CONDUZIR O VEICULO COM DESCARGA LIVRE,SP,MOTOCICLO,PARTICULAR,2,8,2026
6969,RIBEIRAO PRETO,7684-2,Cond motoc/moton/ciclom c/ util cap de seg c/ vis/ocul prot des c/ regul Contran,SP,MOTOCICLO,PARTICULAR,5,8,2026
7099,SAO JOSE DOS CAMPOS,5738-0,TRANSITAR PELA CONTRAMAO DE DIRECAO EM VIA C/ SINALIZACAO DE REGUL SENTIDO UNICO,SP,MOTOCICLO,PARTICULAR,5,8,2026
6139,ANALANDIA,5010-0,DIRIGIR VEICULO SEM POSSUIR CNH/PPD/ACC,SP,MOTOCICLO,PARTICULAR,1,8,2026
6477,GUARULHOS,6912-0,CONDUZIR VEICULO SEM OS DOCUMENTOS DE PORTE OBRIGATORIO REFERIDOS NO CTB,SP,MOTOCICLO,PARTICULAR,1,8,2026
6125,ALVARES MACHADO,7358-0,"DIRIGIR O VEICULO COM APENAS UMA DAS MAOS, EXCETO QUANDO PERMITIDO PELO CTB",SP,AUTOMOVEL,PARTICULAR,1,8,2026
7107,SAO PAULO,7633-2,Dirigir veiculo manuseando telefone celular,Outras UFs,CAMIONETA,PARTICULAR,7,8,2026
6919,PRADOPOLIS,6726-1,"CONDUZIR O VEICULO EM MAU ESTADO DE CONSERVACAO, COMPROMETENDO A SEGURANCA",SP,MOTONETA,PARTICULAR,2,8,2026
7145,SOROCABA,5835-0,Desobedecer as ordens emanadas da autorid compet de transito ou de seus agentes,SP,CAMINHONET,PARTICULAR,1,8,2026
7209,UBATUBA,7579-0,"REC SUB TEST, EX CLIN, PERIC OU PROC Q PERM CERT INFL ALC/SUB PSIC FOR ART. 277",SP,AUTOMOVEL,PARTICULAR,1,8,2026
6357,COSMOPOLIS,5738-0,TRANSITAR PELA CONTRAMAO DE DIRECAO EM VIA C/ SINALIZACAO DE REGUL SENTIDO UNICO,SP,AUTOMOVEL,PARTICULAR,1,8,2026
6563,ITAQUAQUECETUBA,5720-0,TRANSITAR PELA CONTRAMAO DE DIRECAO EM VIA COM DUPLO SENTIDO DE CIRCULACAO,SP,AUTOMOVEL,PARTICULAR,2,8,2026
6429,FRANCO DA ROCHA,6637-1,CONDUZIR O VEICULO SEM EQUIPAMENTO OBRIGATORIO,SP,MOTOCICLO,PARTICULAR,2,8,2026
6325,CATIGUA,5010-0,DIRIGIR VEICULO SEM POSSUIR CNH/PPD/ACC,SP,AUTOMOVEL,PARTICULAR,1,8,2026
7071,SANTOS,5045-0,DIRIGIR VEICULO COM VALIDADE DE CNH/PPD VENCIDA HA MAIS DE 30 DIAS,SP,MOTOCICLO,PARTICULAR,1,8,2026
6249,BOTUCATU,7579-0,"REC SUB TEST, EX CLIN, PERIC OU PROC Q PERM CERT INFL ALC/SUB PSIC FOR ART. 277",SP,AUTOMOVEL,PARTICULAR,1,8,2026
6569,ITATIBA,7633-2,Dirigir veiculo manuseando telefone celular,SP,AUTOMOVEL,PARTICULAR,1,8,2026
6369,CRUZEIRO,7340-0,DIRIGIR O VEIC USANDO CALCADO QUE N SE FIRME NOS PES/COMPROMETA UTILIZ PEDAIS,SP,MOTOCICLO,PARTICULAR,1,8,2026
6875,PIRACICABA,7633-2,Dirigir veiculo manuseando telefone celular,SP,CAMINHONET,PARTICULAR,1,8,2026
6563,ITAQUAQUECETUBA,6041-1,EXECUTAR OPERACAO DE CONVERSAO A DIREITA EM LOCAL PROIBIDO PELA SINALIZACAO,SP,AUTOMOVEL,PARTICULAR,3,8,2026
7183,TAUBATE,6769-0,"CONDUZIR VEIC C/ DEFEITO NO SIST DE ILUMINACAO, SINALIZ OU LAMPADAS QUEIMADAS",SP,MOTOCICLO,PARTICULAR,1,8,2026
6377,DIADEMA,6408-0,PORTAR NO VEICULO PLACAS DE IDENTIFICACAO EM DESACORDO C/ ESPECIF/MODELO CONTRAN,SP,MOTOCICLO,PARTICULAR,1,8,2026
6475,GUARUJA,6599-2,CONDUZIR O VEICULO REGISTRADO QUE NAO ESTEJA DEVIDAMENTE LICENCIADO,SP,MOTOCICLO,PARTICULAR,2,8,2026
6779,OLIMPIA,5010-0,DIRIGIR VEICULO SEM POSSUIR CNH/PPD/ACC,SP,MOTOCICLO,PARTICULAR,1,8,2026
6999,SALES OLIVEIRA,7617-1,"USAR QQ VEICULO PARA, DELIB, INTERROMPER CIRCULACAO NA VIA SEM AUT DO ORGAO",SP,CAMINHONET,PARTICULAR,1,8,2026
6291,CAMPINAS,5029-1,Dirigir veiculo com CNH/PPD/ACC cassada,SP,MOTOCICLO,PARTICULAR,1,8,2026
7151,SUZANO,7048-1,"CONDUZIR MOTOCICLETA, MOTONETA E CICLOMOTOR TRANSPORTANDO PASSAGEIRO S/ CAPACETE",SP,MOTOCICLO,PARTICULAR,1,8,2026
7107,SAO PAULO,5045-0,DIRIGIR VEICULO COM VALIDADE DE CNH/PPD VENCIDA HA MAIS DE 30 DIAS,SP,CAMIONETA,PARTICULAR,4,8,2026
7107,SAO PAULO,6769-0,"CONDUZIR VEIC C/ DEFEITO NO SIST DE ILUMINACAO, SINALIZ OU LAMPADAS QUEIMADAS",SP,CAMINHONET,ALUGUEL,2,8,2026
7183,TAUBATE,6637-2,CONDUZIR O VEICULO COM EQUIPAMENTO OBRIGATORIO INEFICIENTE/INOPERANTE,SP,MOTONETA,PARTICULAR,1,8,2026
6361,COTIA,5215-1,Dirigir ameacando os pedestres que estejam atravessando a via publica,SP,MOTOCICLO,PARTICULAR,1,8,2026
6635,LEME,5118-0,PERMITIR POSSE/CONDUCAO DO VEICULO A PESSOA SEM CNH/PPD/ACC,SP,MOTOCICLO,PARTICULAR,5,8,2026
6929,PRESIDENTE PRUDENTE,5169-1,DIRIGIR SOB A INFLUENCIA DE ALCOOL,SP,AUTOMOVEL,PARTICULAR,2,8,2026
6579,ITU,6599-2,CONDUZIR O VEICULO REGISTRADO QUE NAO ESTEJA DEVIDAMENTE LICENCIADO,SP,CAMINHONET,PARTICULAR,1,8,2026
6489,IBIRA,6610-2,CONDUZIR O VEICULO COM CARACTERISTICA ALTERADA,SP,AUTOMOVEL,PARTICULAR,1,8,2026
7245,VOTUPORANGA,6610-2,CONDUZIR O VEICULO COM CARACTERISTICA ALTERADA,SP,MOTOCICLO,PARTICULAR,1,8,2026
6639,LIMEIRA,5738-0,TRANSITAR PELA CONTRAMAO DE DIRECAO EM VIA C/ SINALIZACAO DE REGUL SENTIDO UNICO,Outras UFs,MOTOCICLO,PARTICULAR,1,8,2026
6565,ITARARE,7749-2,DIRIGIR VEICULO SEM POSSUIR CURSOS ESPECIFICOS OBRIGATORIOS,SP,MOTOCICLO,PARTICULAR,1,8,2026
6239,BOITUVA,7340-0,DIRIGIR O VEIC USANDO CALCADO QUE N SE FIRME NOS PES/COMPROMETA UTILIZ PEDAIS,SP,MOTOCICLO,PARTICULAR,1,8,2026
7107,SAO PAULO,6769-0,"CONDUZIR VEIC C/ DEFEITO NO SIST DE ILUMINACAO, SINALIZ OU LAMPADAS QUEIMADAS",SP,MICROONIB,ALUGUEL,1,8,2026
7079,SAO CARLOS,7633-2,Dirigir veiculo manuseando telefone celular,SP,CAMINHONET,PARTICULAR,1,8,2026
7215,UNIAO PAULISTA,7315-0,DIRIGIR O VEICULO COM O BRACO DO LADO DE FORA,SP,CAMINHAO,ALUGUEL,1,8,2026
6847,PENAPOLIS,5274-1,UTILIZ VEIC DEMONST/EXIBIR MANOBRA PERIGOSA MEDIANTE ARRANCADA BRUSCA,SP,MOTOCICLO,PARTICULAR,3,8,2026
6477,GUARULHOS,7633-2,Dirigir veiculo manuseando telefone celular,SP,AUTOMOVEL,PARTICULAR,6,8,2026
7107,SAO PAULO,6408-0,PORTAR NO VEICULO PLACAS DE IDENTIFICACAO EM DESACORDO C/ ESPECIF/MODELO CONTRAN,SP,MOTONETA,PARTICULAR,3,8,2026
7099,SAO JOSE DOS CAMPOS,7633-2,Dirigir veiculo manuseando telefone celular,Outras UFs,AUTOMOVEL,PARTICULAR,1,8,2026
7107,SAO PAULO,7773-2,ENTREGAR VEICULO A PESSOA SEM POSSUIR CURSOS ESPECIFICOS OBRIGATORIOS,SP,CAMINHONET,PARTICULAR,1,8,2026
7147,SUD MENNUCCI,5010-0,DIRIGIR VEICULO SEM POSSUIR CNH/PPD/ACC,SP,MOTOCICLO,PARTICULAR,1,8,2026
7145,SOROCABA,5207-0,Dirigir sem atencao ou sem os cuidados indispensaveis a seguranca,SP,AUTOMOVEL,PARTICULAR,2,8,2026
6401,EMBU DAS ARTES,6580-0,CONDUZIR O VEICULO SEM QUALQUER UMA DAS PLACAS DE IDENTIFICACAO,SP,MOTOCICLO,PARTICULAR,1,8,2026
6331,CERQUILHO,6050-2,AVANCAR O SINAL DE PARADA OBRIGATORIA,SP,MOTOCICLO,PARTICULAR,1,8,2026
6231,BIRITIBA-MIRIM,5037-1,DIRIGIR VEICULO COM CNH DE CATEGORIA DIFERENTE DA DO VEICULO,SP,MOTOCICLO,PARTICULAR,2,8,2026
6219,BAURU,6050-1,AVAN O SIN VERM DO SEMAF EXC SE HOUVER SINALIZ PERM LIVRE CONV A DIR,SP,S. REBOQUE,ALUGUEL,1,8,2026
6225,BERNARDINO DE CAMPOS,6769-0,"CONDUZIR VEIC C/ DEFEITO NO SIST DE ILUMINACAO, SINALIZ OU LAMPADAS QUEIMADAS",SP,AUTOMOVEL,PARTICULAR,1,8,2026
6861,PINDAMONHANGABA,6726-1,"CONDUZIR O VEICULO EM MAU ESTADO DE CONSERVACAO, COMPROMETENDO A SEGURANCA",SP,AUTOMOVEL,PARTICULAR,5,8,2026
6295,CAMPOS DO JORDAO,5819-1,"TRANSITAR COM O VEICULO EM CALCADAS, PASSEIOS",SP,AUTOMOVEL,PARTICULAR,1,8,2026
6291,CAMPINAS,5185-1,Deixar o condutor de usar o cinto seguranca,SP,CAMINHONET,PARTICULAR,2,8,2026
6861,PINDAMONHANGABA,5010-0,DIRIGIR VEICULO SEM POSSUIR CNH/PPD/ACC,SP,MOTOCICLO,PARTICULAR,1,8,2026
7143,SOCORRO,6599-2,CONDUZIR O VEICULO REGISTRADO QUE NAO ESTEJA DEVIDAMENTE LICENCIADO,SP,AUTOMOVEL,PARTICULAR,1,8,2026
6545,ITAPECERICA DA SERRA,7340-0,DIRIGIR O VEIC USANDO CALCADO QUE N SE FIRME NOS PES/COMPROMETA UTILIZ PEDAIS,SP,MOTOCICLO,PARTICULAR,1,8,2026
6979,RIO CLARO,7340-0,DIRIGIR O VEIC USANDO CALCADO QUE N SE FIRME NOS PES/COMPROMETA UTILIZ PEDAIS,SP,MOTOCICLO,PARTICULAR,4,8,2026
6209,BARRETOS,6726-1,"CONDUZIR O VEICULO EM MAU ESTADO DE CONSERVACAO, COMPROMETENDO A SEGURANCA",SP,AUTOMOVEL,PARTICULAR,1,8,2026
6357,COSMOPOLIS,5045-0,DIRIGIR VEICULO COM VALIDADE DE CNH/PPD VENCIDA HA MAIS DE 30 DIAS,SP,MOTOCICLO,PARTICULAR,1,8,2026
6687,MATAO,6653-1,CONDUZIR O VEICULO COM DESCARGA LIVRE,SP,MOTOCICLO,PARTICULAR,1,8,2026
6789,OSASCO,6602-0,CONDUZIR O VEICULO COM QUALQUER UMA DAS PLACAS SEM LEGIBILIDADE E VISIBILIDADE,SP,MOTOCICLO,PARTICULAR,3,8,2026
6703,MIRANDOPOLIS,5010-0,DIRIGIR VEICULO SEM POSSUIR CNH/PPD/ACC,SP,MOTOCICLO,PARTICULAR,1,8,2026
6689,MAUA,7633-2,Dirigir veiculo manuseando telefone celular,SP,AUTOMOVEL,PARTICULAR,1,8,2026
6451,GUAPIACU,5185-1,Deixar o condutor de usar o cinto seguranca,SP,AUTOMOVEL,PARTICULAR,1,8,2026
7107,SAO PAULO,6645-0,CONDUZIR O VEICULO COM EQUIP OBRIGATORIO EM DESACORDO COM O ESTAB PELO CONTRAN,SP,AUTOMOVEL,PARTICULAR,1,8,2026
6205,BARRA BONITA,6599-2,CONDUZIR O VEICULO REGISTRADO QUE NAO ESTEJA DEVIDAMENTE LICENCIADO,SP,MOTOCICLO,PARTICULAR,2,8,2026
6209,BARRETOS,6050-1,AVAN O SIN VERM DO SEMAF EXC SE HOUVER SINALIZ PERM LIVRE CONV A DIR,SP,AUTOMOVEL,PARTICULAR,1,8,2026
6477,GUARULHOS,7579-0,"REC SUB TEST, EX CLIN, PERIC OU PROC Q PERM CERT INFL ALC/SUB PSIC FOR ART. 277",SP,CAMINHONET,PARTICULAR,1,8,2026
7097,SAO JOSE DO RIO PRETO,5142-0,PERMITIR POSSE/CONDUCAO DO VEIC A PESSOA COM CNH/PPD VENCIDA HA MAIS DE 30 DIAS,SP,MOTONETA,PARTICULAR,1,8,2026
7107,SAO PAULO,5002-0,"Multa, por nao identificacao do condutor infrator, imposta a pessoa juridica",Outras UFs,CAMINHAO,PARTICULAR,1,8,2026
7107,SAO PAULO,7579-0,"REC SUB TEST, EX CLIN, PERIC OU PROC Q PERM CERT INFL ALC/SUB PSIC FOR ART. 277",Outras UFs,AUTOMOVEL,,2,8,2026
6477,GUARULHOS,5835-0,Desobedecer as ordens emanadas da autorid compet de transito ou de seus agentes,SP,MOTOCICLO,PARTICULAR,6,8,2026
6133,AMERICO BRASILIENSE,6599-2,CONDUZIR O VEICULO REGISTRADO QUE NAO ESTEJA DEVIDAMENTE LICENCIADO,SP,MOTOCICLO,PARTICULAR,1,8,2026
6179,ASSIS,7633-2,Dirigir veiculo manuseando telefone celular,SP,AUTOMOVEL,PARTICULAR,1,8,2026
6209,BARRETOS,6530-0,USAR NO VEICULO EQUIP C/ SOM EM VOLUME/FREQUENCIA NAO AUTORIZADOS PELO CONTRAN,SP,CAMINHONET,PARTICULAR,2,8,2026
6681,MARILIA,6912-0,CONDUZIR VEICULO SEM OS DOCUMENTOS DE PORTE OBRIGATORIO REFERIDOS NO CTB,SP,MOTOCICLO,PARTICULAR,1,8,2026
7047,SANTANA DE PARNAIBA,6653-1,CONDUZIR O VEICULO COM DESCARGA LIVRE,SP,MOTOCICLO,PARTICULAR,12,8,2026
6607,JAU,6726-1,"CONDUZIR O VEICULO EM MAU ESTADO DE CONSERVACAO, COMPROMETENDO A SEGURANCA",SP,MOTOCICLO,PARTICULAR,3,8,2026
7009,SALTO GRANDE,5835-0,Desobedecer as ordens emanadas da autorid compet de transito ou de seus agentes,SP,MOTOCICLO,PARTICULAR,1,8,2026
7089,SAO JOAQUIM DA BARRA,7340-0,DIRIGIR O VEIC USANDO CALCADO QUE N SE FIRME NOS PES/COMPROMETA UTILIZ PEDAIS,SP,MOTOCICLO,PARTICULAR,2,8,2026
6969,RIBEIRAO PRETO,7366-2,DIRIGIR VEICULO UTILIZANDO-SE DE TELEFONE CELULAR,SP,AUTOMOVEL,PARTICULAR,2,8,2026
6969,RIBEIRAO PRETO,6580-0,CONDUZIR O VEICULO SEM QUALQUER UMA DAS PLACAS DE IDENTIFICACAO,SP,MOTOCICLO,PARTICULAR,1,8,2026
6601,JANDIRA,5029-2,DIRIGIR VEICULO COM CNH/PPD/ACC COM SUSPENSAO DO DIREITO DE DIRIGIR,SP,MOTONETA,PARTICULAR,1,8,2026
7131,SERRANA,7374-0,BLOQUEAR A VIA COM VEICULO,Outras UFs,AUTOMOVEL,,1,8,2026
6291,CAMPINAS,5843-3,"Deixar de indicar c/ antec, med gesto de braco/luz indicadora, mudanca direcao",SP,MOTOCICLO,PARTICULAR,2,8,2026
7029,SANTA CRUZ DO RIO PARDO,7340-0,DIRIGIR O VEIC USANDO CALCADO QUE N SE FIRME NOS PES/COMPROMETA UTILIZ PEDAIS,SP,MOTOCICLO,PARTICULAR,1,8,2026
6705,MIRANTE DO PARANAPANEMA,5010-0,DIRIGIR VEICULO SEM POSSUIR CNH/PPD/ACC,SP,AUTOMOVEL,PARTICULAR,1,8,2026
7057,SANTO ANDRE,5169-1,DIRIGIR SOB A INFLUENCIA DE ALCOOL,SP,AUTOMOVEL,PARTICULAR,1,8,2026
6619,JUNDIAI,6530-0,USAR NO VEICULO EQUIP C/ SOM EM VOLUME/FREQUENCIA NAO AUTORIZADOS PELO CONTRAN,SP,AUTOMOVEL,PARTICULAR,2,8,2026
6393,DUMONT,6599-2,CONDUZIR O VEICULO REGISTRADO QUE NAO ESTEJA DEVIDAMENTE LICENCIADO,SP,AUTOMOVEL,PARTICULAR,1,8,2026
6569,ITATIBA,6580-0,CONDUZIR O VEICULO SEM QUALQUER UMA DAS PLACAS DE IDENTIFICACAO,SP,AUTOMOVEL,PARTICULAR,1,8,2026
6505,IGARATA,5029-2,DIRIGIR VEICULO COM CNH/PPD/ACC COM SUSPENSAO DO DIREITO DE DIRIGIR,SP,MOTOCICLO,PARTICULAR,1,8,2026
6715,MOGI-GUACU,6726-1,"CONDUZIR O VEICULO EM MAU ESTADO DE CONSERVACAO, COMPROMETENDO A SEGURANCA",SP,MOTOCICLO,PARTICULAR,3,8,2026
6505,IGARATA,5185-1,Deixar o condutor de usar o cinto seguranca,SP,CAMINHONET,PARTICULAR,1,8,2026
6377,DIADEMA,7684-2,Cond motoc/moton/ciclom c/ util cap de seg c/ vis/ocul prot des c/ regul Contran,SP,MOTOCICLO,PARTICULAR,3,8,2026
6357,COSMOPOLIS,6599-2,CONDUZIR O VEICULO REGISTRADO QUE NAO ESTEJA DEVIDAMENTE LICENCIADO,SP,MOTOCICLO,PARTICULAR,1,8,2026
6865,ESPIRITO SANTO DO PINHAL,5274-1,UTILIZ VEIC DEMONST/EXIBIR MANOBRA PERIGOSA MEDIANTE ARRANCADA BRUSCA,SP,AUTOMOVEL,PARTICULAR,1,8,2026
6715,MOGI-GUACU,6580-0,CONDUZIR O VEICULO SEM QUALQUER UMA DAS PLACAS DE IDENTIFICACAO,SP,MOTOCICLO,PARTICULAR,2,8,2026
6251,BRAGANCA PAULISTA,6653-2,CONDUZIR O VEICULO COM SILENCIADOR DE MOTOR DEFEITUOSO/DEFICIENTE/INOPERANTE,SP,MOTOCICLO,PARTICULAR,3,8,2026
6783,ORIENTE,5088-1,ENTREGAR VEICULO A PESSOA COM CNH DE CATEGORIA DIFERENTE DA DO VEICULO,SP,MOTOCICLO,PARTICULAR,1,8,2026
7071,SANTOS,5029-2,DIRIGIR VEICULO COM CNH/PPD/ACC COM SUSPENSAO DO DIREITO DE DIRIGIR,SP,MOTOCICLO,PARTICULAR,1,8,2026
6545,ITAPECERICA DA SERRA,5029-1,Dirigir veiculo com CNH/PPD/ACC cassada,SP,MOTOCICLO,PARTICULAR,1,8,2026
7097,SAO JOSE DO RIO PRETO,5118-0,PERMITIR POSSE/CONDUCAO DO VEICULO A PESSOA SEM CNH/PPD/ACC,SP,MOTOCICLO,PARTICULAR,3,8,2026
6969,RIBEIRAO PRETO,6050-3,AVAN O SIN VERM DO SEMAF EXC SE HOUVER SINALIZ PERM LIVRE CONV A DIR -FISC ELETR,Outras UFs,CAMINHONET,PARTICULAR,1,8,2026
6291,CAMPINAS,5118-0,PERMITIR POSSE/CONDUCAO DO VEICULO A PESSOA SEM CNH/PPD/ACC,SP,MOTONETA,PARTICULAR,2,8,2026
6789,OSASCO,5010-0,DIRIGIR VEICULO SEM POSSUIR CNH/PPD/ACC,SP,AUTOMOVEL,PARTICULAR,1,8,2026
7183,TAUBATE,5738-0,TRANSITAR PELA CONTRAMAO DE DIRECAO EM VIA C/ SINALIZACAO DE REGUL SENTIDO UNICO,SP,AUTOMOVEL,PARTICULAR,2,8,2026
6775,OCAUCU,7030-1,Conduzir motoc/moton/ciclom s/ capacete de seguranca,SP,MOTOCICLO,PARTICULAR,1,8,2026
6131,AMERICANA,5819-1,"TRANSITAR COM O VEICULO EM CALCADAS, PASSEIOS",SP,MOTOCICLO,PARTICULAR,1,8,2026
7075,SAO BERNARDO DO CAMPO,7048-1,"CONDUZIR MOTOCICLETA, MOTONETA E CICLOMOTOR TRANSPORTANDO PASSAGEIRO S/ CAPACETE",SP,MOTOCICLO,PARTICULAR,2,8,2026
6715,MOGI-GUACU,7099-1,CONDUZIR MOTOCICLETA/MOTONETA/CICLOMOTOR SEM SEGURAR O GUIDOM COM AMBAS AS MAOS,SP,MOTOCICLO,PARTICULAR,1,8,2026
6313,CARAPICUIBA,5738-0,TRANSITAR PELA CONTRAMAO DE DIRECAO EM VIA C/ SINALIZACAO DE REGUL SENTIDO UNICO,SP,MOTOCICLO,PARTICULAR,1,8,2026
6681,MARILIA,5991-0,EXECUTAR OPERACAO DE RETORNO EM LOCAIS PROIBIDOS PELA SINALIZACAO,SP,AUTOMOVEL,PARTICULAR,1,8,2026
6987,ROSEIRA,5142-0,PERMITIR POSSE/CONDUCAO DO VEIC A PESSOA COM CNH/PPD VENCIDA HA MAIS DE 30 DIAS,SP,MOTOCICLO,PARTICULAR,1,8,2026
6429,FRANCO DA ROCHA,7684-2,Cond motoc/moton/ciclom c/ util cap de seg c/ vis/ocul prot des c/ regul Contran,SP,MOTOCICLO,PARTICULAR,4,8,2026
6589,JACAREI,7366-2,DIRIGIR VEICULO UTILIZANDO-SE DE TELEFONE CELULAR,SP,AUTOMOVEL,PARTICULAR,1,8,2026
7107,SAO PAULO,6602-0,CONDUZIR O VEICULO COM QUALQUER UMA DAS PLACAS SEM LEGIBILIDADE E VISIBILIDADE,SP,CAMINHONET,ALUGUEL,5,8,2026
6387,DOURADO,7030-1,Conduzir motoc/moton/ciclom s/ capacete de seguranca,SP,MOTOCICLO,PARTICULAR,2,8,2026
6827,PATROCINIO PAULISTA,5207-0,Dirigir sem atencao ou sem os cuidados indispensaveis a seguranca,SP,MOTOCICLO,PARTICULAR,1,8,2026
6209,BARRETOS,5045-0,DIRIGIR VEICULO COM VALIDADE DE CNH/PPD VENCIDA HA MAIS DE 30 DIAS,SP,MOTOCICLO,PARTICULAR,2,8,2026
7149,SUMARE,5185-1,Deixar o condutor de usar o cinto seguranca,Outras UFs,CAMINHONET,PARTICULAR,1,8,2026
6577,ITOBI,7030-1,Conduzir motoc/moton/ciclom s/ capacete de seguranca,SP,MOTONETA,PARTICULAR,1,8,2026
6215,BASTOS,6726-1,"CONDUZIR O VEICULO EM MAU ESTADO DE CONSERVACAO, COMPROMETENDO A SEGURANCA",SP,AUTOMOVEL,PARTICULAR,1,8,2026
7107,SAO PAULO,7072-1,CONDUZIR MOTOC/MOTON/CICLOM TRANSP CRIANCA MENOR DE 10 ANOS DE IDADE,SP,MOTOCICLO,PARTICULAR,1,8,2026
6345,CONCHAL,6726-1,"CONDUZIR O VEICULO EM MAU ESTADO DE CONSERVACAO, COMPROMETENDO A SEGURANCA",Outras UFs,MOTOCICLO,,1,8,2026
6247,BORBOREMA,6564-0,CONDUZIR O VEICULO TRANSPORTANDO PASSAGEIROS EM COMPARTIMENTO DE CARGA,SP,CAMINHONET,PARTICULAR,1,8,2026
7037,SANTA ISABEL,6653-2,CONDUZIR O VEICULO COM SILENCIADOR DE MOTOR DEFEITUOSO/DEFICIENTE/INOPERANTE,SP,MOTOCICLO,PARTICULAR,1,8,2026
6469,GUARATINGUETA,5045-0,DIRIGIR VEICULO COM VALIDADE DE CNH/PPD VENCIDA HA MAIS DE 30 DIAS,SP,MOTOCICLO,PARTICULAR,1,8,2026
7107,SAO PAULO,7684-1,Cond motoc/moton/ciclom c/ util cap de seg s/ vis/ocul prot,SP,MOTONETA,PARTICULAR,6,8,2026
6563,ITAQUAQUECETUBA,5215-2,Dirigir ameacando os demais veiculos,SP,MOTOCICLO,PARTICULAR,1,8,2026
2943,ILHA SOLTEIRA,6408-0,PORTAR NO VEICULO PLACAS DE IDENTIFICACAO EM DESACORDO C/ ESPECIF/MODELO CONTRAN,SP,MOTOCICLO,PARTICULAR,1,8,2026
6221,BEBEDOURO,7056-1,CONDUZIR MOTOC/MOTON/CICLOMOTOR FAZENDO MALABARISMO/EQUILIBRANDO-SE EM UMA RODA,SP,MOTOCICLO,PARTICULAR,1,8,2026
7099,SAO JOSE DOS CAMPOS,7340-0,DIRIGIR O VEIC USANDO CALCADO QUE N SE FIRME NOS PES/COMPROMETA UTILIZ PEDAIS,SP,MOTOCICLO,PARTICULAR,4,8,2026
6619,JUNDIAI,6599-2,CONDUZIR O VEICULO REGISTRADO QUE NAO ESTEJA DEVIDAMENTE LICENCIADO,SP,MOTOCICLO,PARTICULAR,2,8,2026
6509,ILHABELA,5118-0,PERMITIR POSSE/CONDUCAO DO VEICULO A PESSOA SEM CNH/PPD/ACC,SP,MOTONETA,PARTICULAR,1,8,2026
6915,PORTO FERREIRA,5010-0,DIRIGIR VEICULO SEM POSSUIR CNH/PPD/ACC,SP,MOTOCICLO,PARTICULAR,2,8,2026
6181,ATIBAIA,7579-0,"REC SUB TEST, EX CLIN, PERIC OU PROC Q PERM CERT INFL ALC/SUB PSIC FOR ART. 277",SP,CAMIONETA,PARTICULAR,2,8,2026
6409,FARTURA,5061-0,ENTREGAR VEICULO A PESSOA SEM CNH/PPD/ACC,Outras UFs,AUTOMOVEL,PARTICULAR,1,8,2026
7107,SAO PAULO,5010-0,DIRIGIR VEICULO SEM POSSUIR CNH/PPD/ACC,Outras UFs,AUTOMOVEL,PARTICULAR,1,8,2026
6969,RIBEIRAO PRETO,7633-1,Dirigir veiculo segurando telefone celular,Outras UFs,AUTOMOVEL,PARTICULAR,1,8,2026
7037,SANTA ISABEL,5738-0,TRANSITAR PELA CONTRAMAO DE DIRECAO EM VIA C/ SINALIZACAO DE REGUL SENTIDO UNICO,SP,MOTOCICLO,PARTICULAR,1,8,2026
6219,BAURU,5185-1,Deixar o condutor de usar o cinto seguranca,SP,CAMINHONET,PARTICULAR,3,8,2026
6291,CAMPINAS,7579-0,"REC SUB TEST, EX CLIN, PERIC OU PROC Q PERM CERT INFL ALC/SUB PSIC FOR ART. 277",SP,AUTOMOVEL,PARTICULAR,5,8,2026
6549,ITAPEVA,6653-1,CONDUZIR O VEICULO COM DESCARGA LIVRE,SP,MOTOCICLO,PARTICULAR,1,8,2026
7045,SANTANA DA PONTE PENSA,5096-0,ENTREGAR VEICULO A PESSOA COM CNH/PPD VENCIDA HA MAIS DE 30 DIAS,SP,AUTOMOVEL,PARTICULAR,1,8,2026
6581,ITUPEVA,5010-0,DIRIGIR VEICULO SEM POSSUIR CNH/PPD/ACC,SP,MOTOCICLO,PARTICULAR,1,8,2026
7145,SOROCABA,5274-1,UTILIZ VEIC DEMONST/EXIBIR MANOBRA PERIGOSA MEDIANTE ARRANCADA BRUSCA,SP,AUTOMOVEL,PARTICULAR,4,8,2026
6177,ARUJA,6726-1,"CONDUZIR O VEICULO EM MAU ESTADO DE CONSERVACAO, COMPROMETENDO A SEGURANCA",SP,MOTOCICLO,PARTICULAR,2,8,2026
7075,SAO BERNARDO DO CAMPO,5070-2,ENTREGAR VEICULO A PESSOA COM CNH/PPD/ACC COM SUSP. DO DIREITO DE DIRIGIR,SP,AUTOMOVEL,PARTICULAR,1,8,2026
7097,SAO JOSE DO RIO PRETO,6599-2,CONDUZIR O VEICULO REGISTRADO QUE NAO ESTEJA DEVIDAMENTE LICENCIADO,Outras UFs,AUTOMOVEL,,1,8,2026
7103,SAO MANUEL,5010-0,DIRIGIR VEICULO SEM POSSUIR CNH/PPD/ACC,SP,CAMINHONET,PARTICULAR,1,8,2026
6807,PALMITAL,5525-0,ESTACIONAR NA CONTRAMAO DE DIRECAO,SP,AUTOMOVEL,PARTICULAR,1,8,2026
6469,GUARATINGUETA,7579-0,"REC SUB TEST, EX CLIN, PERIC OU PROC Q PERM CERT INFL ALC/SUB PSIC FOR ART. 277",SP,AUTOMOVEL,PARTICULAR,1,8,2026
6225,BERNARDINO DE CAMPOS,7030-1,Conduzir motoc/moton/ciclom s/ capacete de seguranca,SP,MOTOCICLO,PARTICULAR,1,8,2026
6555,ITAPOLIS,7633-1,Dirigir veiculo segurando telefone celular,SP,AUTOMOVEL,PARTICULAR,1,8,2026
7107,SAO PAULO,6769-0,"CONDUZIR VEIC C/ DEFEITO NO SIST DE ILUMINACAO, SINALIZ OU LAMPADAS QUEIMADAS",Outras UFs,MOTOCICLO,PARTICULAR,1,8,2026
6435,GARCA,7579-0,"REC SUB TEST, EX CLIN, PERIC OU PROC Q PERM CERT INFL ALC/SUB PSIC FOR ART. 277",SP,MOTOCICLO,PARTICULAR,4,8,2026
6131,AMERICANA,6653-1,CONDUZIR O VEICULO COM DESCARGA LIVRE,SP,MOTOCICLO,PARTICULAR,2,8,2026
6715,MOGI-GUACU,7633-1,Dirigir veiculo segurando telefone celular,SP,AUTOMOVEL,PARTICULAR,2,8,2026
6231,BIRITIBA-MIRIM,5088-1,ENTREGAR VEICULO A PESSOA COM CNH DE CATEGORIA DIFERENTE DA DO VEICULO,SP,MOTOCICLO,PARTICULAR,1,8,2026
7057,SANTO ANDRE,5185-1,Deixar o condutor de usar o cinto seguranca,SP,AUTOMOVEL,PARTICULAR,12,8,2026
7145,SOROCABA,6610-2,CONDUZIR O VEICULO COM CARACTERISTICA ALTERADA,SP,AUTOMOVEL,PARTICULAR,1,8,2026
6573,ITIRAPINA,6599-2,CONDUZIR O VEICULO REGISTRADO QUE NAO ESTEJA DEVIDAMENTE LICENCIADO,SP,MOTOCICLO,PARTICULAR,1,8,2026
2957,VARGEM,6599-2,CONDUZIR O VEICULO REGISTRADO QUE NAO ESTEJA DEVIDAMENTE LICENCIADO,SP,AUTOMOVEL,PARTICULAR,2,8,2026
7107,SAO PAULO,6599-2,CONDUZIR O VEICULO REGISTRADO QUE NAO ESTEJA DEVIDAMENTE LICENCIADO,SP,CAMINHAO,ALUGUEL,4,8,2026
6715,MOGI-GUACU,5185-1,Deixar o condutor de usar o cinto seguranca,SP,CAMIONETA,PARTICULAR,1,8,2026
7107,SAO PAULO,5266-2,PARTICIPAR NA VIA COMO CONDUTOR EM EVENTOS ORGANIZADOS SEM PERMISSAO,SP,CAMIONETA,PARTICULAR,2,8,2026
6477,GUARULHOS,5819-6,TRANSITAR COM O VEICULO EM MARCAS DE CANALIZACAO,SP,MOTOCICLO,PARTICULAR,1,8,2026
6215,BASTOS,6653-1,CONDUZIR O VEICULO COM DESCARGA LIVRE,SP,MOTOCICLO,PARTICULAR,1,8,2026
6715,MOGI-GUACU,7633-2,Dirigir veiculo manuseando telefone celular,SP,AUTOMOVEL,PARTICULAR,5,8,2026
6875,PIRACICABA,6599-2,CONDUZIR O VEICULO REGISTRADO QUE NAO ESTEJA DEVIDAMENTE LICENCIADO,SP,AUTOMOVEL,PARTICULAR,7,8,2026
6131,AMERICANA,5215-2,Dirigir ameacando os demais veiculos,SP,MOTOCICLO,PARTICULAR,2,8,2026
6607,JAU,7099-1,CONDUZIR MOTOCICLETA/MOTONETA/CICLOMOTOR SEM SEGURAR O GUIDOM COM AMBAS AS MAOS,SP,MOTOCICLO,PARTICULAR,1,8,2026
6329,CERQUEIRA CESAR,6408-0,PORTAR NO VEICULO PLACAS DE IDENTIFICACAO EM DESACORDO C/ ESPECIF/MODELO CONTRAN,SP,MOTOCICLO,PARTICULAR,1,8,2026
6861,PINDAMONHANGABA,7714-2,Cond motoc/moton/ciclom transp pass c/ cap seg c/ vis/oc prot des c/ reg Contran,SP,MOTOCICLO,PARTICULAR,1,8,2026
7157,TABOAO DA SERRA,7358-0,"DIRIGIR O VEICULO COM APENAS UMA DAS MAOS, EXCETO QUANDO PERMITIDO PELO CTB",SP,MOTOCICLO,PARTICULAR,1,8,2026
7245,VOTUPORANGA,6599-2,CONDUZIR O VEICULO REGISTRADO QUE NAO ESTEJA DEVIDAMENTE LICENCIADO,SP,CAMINHONET,PARTICULAR,1,8,2026
7259,IARAS,6599-2,CONDUZIR O VEICULO REGISTRADO QUE NAO ESTEJA DEVIDAMENTE LICENCIADO,SP,MOTOCICLO,PARTICULAR,1,8,2026
7109,SAO PEDRO,6661-0,CONDUZIR O VEICULO COM EQUIPAMENTO OU ACESSORIO PROIBIDO,SP,CAMIONETA,PARTICULAR,1,8,2026
6543,ITANHAEM,5010-0,DIRIGIR VEICULO SEM POSSUIR CNH/PPD/ACC,SP,AUTOMOVEL,PARTICULAR,1,8,2026
6887,PIRASSUNUNGA,6050-1,AVAN O SIN VERM DO SEMAF EXC SE HOUVER SINALIZ PERM LIVRE CONV A DIR,SP,AUTOMOVEL,PARTICULAR,1,8,2026
6795,OURINHOS,5010-0,DIRIGIR VEICULO SEM POSSUIR CNH/PPD/ACC,Outras UFs,MOTOCICLO,PARTICULAR,1,8,2026
7107,SAO PAULO,5002-0,"Multa, por nao identificacao do condutor infrator, imposta a pessoa juridica",Outras UFs,MOTOCICLO,PARTICULAR,3,8,2026
6857,PIEDADE,7056-1,CONDUZIR MOTOC/MOTON/CICLOMOTOR FAZENDO MALABARISMO/EQUILIBRANDO-SE EM UMA RODA,SP,MOTOCICLO,PARTICULAR,1,8,2026
7107,SAO PAULO,5959-3,ULTRAPASSAR PELA CONTRAMAO VEICULO PARADO EM FILA JUNTO A CRUZAMENTO,SP,AUTOMOVEL,PARTICULAR,2,8,2026
6777,OLEO,6599-2,CONDUZIR O VEICULO REGISTRADO QUE NAO ESTEJA DEVIDAMENTE LICENCIADO,SP,MOTOCICLO,PARTICULAR,1,8,2026
7141,SILVEIRAS,6637-2,CONDUZIR O VEICULO COM EQUIPAMENTO OBRIGATORIO INEFICIENTE/INOPERANTE,SP,MOTOCICLO,PARTICULAR,1,8,2026
7149,SUMARE,6769-0,"CONDUZIR VEIC C/ DEFEITO NO SIST DE ILUMINACAO, SINALIZ OU LAMPADAS QUEIMADAS",SP,AUTOMOVEL,PARTICULAR,1,8,2026
6921,PRAIA GRANDE,5045-0,DIRIGIR VEICULO COM VALIDADE DE CNH/PPD VENCIDA HA MAIS DE 30 DIAS,SP,AUTOMOVEL,PARTICULAR,1,8,2026
6639,LIMEIRA,7684-2,Cond motoc/moton/ciclom c/ util cap de seg c/ vis/ocul prot des c/ regul Contran,SP,MOTONETA,PARTICULAR,1,8,2026
6643,LINS,6726-1,"CONDUZIR O VEICULO EM MAU ESTADO DE CONSERVACAO, COMPROMETENDO A SEGURANCA",SP,MOTOCICLO,PARTICULAR,2,8,2026
2993,POTIM,7340-0,DIRIGIR O VEIC USANDO CALCADO QUE N SE FIRME NOS PES/COMPROMETA UTILIZ PEDAIS,SP,MOTOCICLO,PARTICULAR,1,8,2026
7075,SAO BERNARDO DO CAMPO,6602-0,CONDUZIR O VEICULO COM QUALQUER UMA DAS PLACAS SEM LEGIBILIDADE E VISIBILIDADE,SP,CAMINHONET,PARTICULAR,1,8,2026
6877,PIRAJU,7684-2,Cond motoc/moton/ciclom c/ util cap de seg c/ vis/ocul prot des c/ regul Contran,SP,MOTONETA,PARTICULAR,1,8,2026
6177,ARUJA,6726-1,"CONDUZIR O VEICULO EM MAU ESTADO DE CONSERVACAO, COMPROMETENDO A SEGURANCA",SP,AUTOMOVEL,PARTICULAR,1,8,2026
7107,SAO PAULO,5851-2,DEIXAR DE DESLOCAR C/ANTECEDENCIA VEIC P/ FAIXA MAIS A DIREITA QDO FOR MANOBRAR,SP,CAMINHONET,PARTICULAR,1,8,2026
6457,GUARACAI,7056-1,CONDUZIR MOTOC/MOTON/CICLOMOTOR FAZENDO MALABARISMO/EQUILIBRANDO-SE EM UMA RODA,SP,MOTOCICLO,PARTICULAR,1,8,2026
6757,NOVA ALIANCA,5010-0,DIRIGIR VEICULO SEM POSSUIR CNH/PPD/ACC,SP,AUTOMOVEL,PARTICULAR,1,8,2026
7107,SAO PAULO,5037-1,DIRIGIR VEICULO COM CNH DE CATEGORIA DIFERENTE DA DO VEICULO,SP,CAMIONETA,PARTICULAR,1,8,2026
6475,GUARUJA,6599-2,CONDUZIR O VEICULO REGISTRADO QUE NAO ESTEJA DEVIDAMENTE LICENCIADO,SP,AUTOMOVEL,PARTICULAR,1,8,2026
7099,SAO JOSE DOS CAMPOS,6653-2,CONDUZIR O VEICULO COM SILENCIADOR DE MOTOR DEFEITUOSO/DEFICIENTE/INOPERANTE,Outras UFs,MOTOCICLO,PARTICULAR,1,8,2026
7107,SAO PAULO,5185-1,Deixar o condutor de usar o cinto seguranca,SP,CAMINHAO,ALUGUEL,2,8,2026
6323,CATANDUVA,5819-6,TRANSITAR COM O VEICULO EM MARCAS DE CANALIZACAO,SP,CAMINHONET,PARTICULAR,1,8,2026
7107,SAO PAULO,5207-0,Dirigir sem atencao ou sem os cuidados indispensaveis a seguranca,SP,CAMINHONET,ALUGUEL,2,8,2026
6383,DOIS CORREGOS,7340-0,DIRIGIR O VEIC USANDO CALCADO QUE N SE FIRME NOS PES/COMPROMETA UTILIZ PEDAIS,SP,C. TRATOR,ALUGUEL,1,8,2026
7107,SAO PAULO,6602-0,CONDUZIR O VEICULO COM QUALQUER UMA DAS PLACAS SEM LEGIBILIDADE E VISIBILIDADE,SP,CAMIONETA,ALUGUEL,1,8,2026
6149,APARECIDA,6599-2,CONDUZIR O VEICULO REGISTRADO QUE NAO ESTEJA DEVIDAMENTE LICENCIADO,SP,CAMIONETA,PARTICULAR,1,8,2026
6487,IBATE,6726-1,"CONDUZIR O VEICULO EM MAU ESTADO DE CONSERVACAO, COMPROMETENDO A SEGURANCA",SP,AUTOMOVEL,PARTICULAR,2,8,2026
6313,CARAPICUIBA,5088-1,ENTREGAR VEICULO A PESSOA COM CNH DE CATEGORIA DIFERENTE DA DO VEICULO,SP,MOTOCICLO,PARTICULAR,2,8,2026
7099,SAO JOSE DOS CAMPOS,7633-1,Dirigir veiculo segurando telefone celular,SP,AUTOMOVEL,PARTICULAR,1,8,2026
6225,BERNARDINO DE CAMPOS,5118-0,PERMITIR POSSE/CONDUCAO DO VEICULO A PESSOA SEM CNH/PPD/ACC,SP,AUTOMOVEL,PARTICULAR,1,8,2026
6191,BADY BASSITT,7056-2,CONDUZIR CICLO FAZENDO MALABARISMO OU EQUILIBRANDO-SE EM UMA RODA,SP,MOTOCICLO,PARTICULAR,1,8,2026
6221,BEBEDOURO,5274-1,UTILIZ VEIC DEMONST/EXIBIR MANOBRA PERIGOSA MEDIANTE ARRANCADA BRUSCA,SP,MOTOCICLO,PARTICULAR,1,8,2026
6539,ITAJOBI,6530-0,USAR NO VEICULO EQUIP C/ SOM EM VOLUME/FREQUENCIA NAO AUTORIZADOS PELO CONTRAN,SP,AUTOMOVEL,PARTICULAR,3,8,2026
6635,LEME,5274-1,UTILIZ VEIC DEMONST/EXIBIR MANOBRA PERIGOSA MEDIANTE ARRANCADA BRUSCA,SP,MOTOCICLO,PARTICULAR,1,8,2026
6569,ITATIBA,5193-0,Transportar crianca sem observancia das normas de seguranca estabelecidas p/ CTB,SP,AUTOMOVEL,PARTICULAR,2,8,2026
7107,SAO PAULO,5819-2,"TRANSITAR COM O VEICULO EM CICLOVIAS, CICLOFAIXAS",SP,CAMINHONET,PARTICULAR,1,8,2026
6789,OSASCO,6599-2,CONDUZIR O VEICULO REGISTRADO QUE NAO ESTEJA DEVIDAMENTE LICENCIADO,SP,MOTOCICLO,PARTICULAR,4,8,2026
6219,BAURU,5185-1,Deixar o condutor de usar o cinto seguranca,SP,CAMIONETA,PARTICULAR,1,8,2026
6477,GUARULHOS,6726-1,"CONDUZIR O VEICULO EM MAU ESTADO DE CONSERVACAO, COMPROMETENDO A SEGURANCA",SP,AUTOMOVEL,PARTICULAR,2,8,2026
6873,PIRACAIA,7048-1,"CONDUZIR MOTOCICLETA, MOTONETA E CICLOMOTOR TRANSPORTANDO PASSAGEIRO S/ CAPACETE",SP,MOTOCICLO,PARTICULAR,1,8,2026
7097,SAO JOSE DO RIO PRETO,5010-0,DIRIGIR VEICULO SEM POSSUIR CNH/PPD/ACC,SP,MOTOCICLO,PARTICULAR,8,8,2026
6927,PRESIDENTE EPITACIO,6653-1,CONDUZIR O VEICULO COM DESCARGA LIVRE,SP,MOTOCICLO,PARTICULAR,2,8,2026
7175,TAQUARITINGA,5207-0,Dirigir sem atencao ou sem os cuidados indispensaveis a seguranca,SP,MOTOCICLO,PARTICULAR,1,8,2026
6209,BARRETOS,7366-2,DIRIGIR VEICULO UTILIZANDO-SE DE TELEFONE CELULAR,SP,MOTOCICLO,PARTICULAR,1,8,2026
6487,IBATE,6599-2,CONDUZIR O VEICULO REGISTRADO QUE NAO ESTEJA DEVIDAMENTE LICENCIADO,SP,AUTOMOVEL,PARTICULAR,4,8,2026
7047,SANTANA DE PARNAIBA,5207-0,Dirigir sem atencao ou sem os cuidados indispensaveis a seguranca,SP,MOTOCICLO,PARTICULAR,1,8,2026
6969,RIBEIRAO PRETO,5835-0,Desobedecer as ordens emanadas da autorid compet de transito ou de seus agentes,SP,AUTOMOVEL,PARTICULAR,1,8,2026
7099,SAO JOSE DOS CAMPOS,6408-0,PORTAR NO VEICULO PLACAS DE IDENTIFICACAO EM DESACORDO C/ ESPECIF/MODELO CONTRAN,Outras UFs,MOTOCICLO,PARTICULAR,1,8,2026
6213,BARUERI,5819-4,TRANSITAR COM O VEICULO EM CANTEIROS CENTRAIS/DIVISORES DE PISTA DE ROLAMENTO,SP,MOTOCICLO,PARTICULAR,1,8,2026
7107,SAO PAULO,5967-0,"ULTRAPASSAR PELA CONTRAMAO LINHA DE DIVISAO DE FLUXOS OPOSTOS, CONTINUA AMARELA",SP,AUTOMOVEL,PARTICULAR,8,8,2026
6579,ITU,6050-1,AVAN O SIN VERM DO SEMAF EXC SE HOUVER SINALIZ PERM LIVRE CONV A DIR,SP,AUTOMOVEL,PARTICULAR,3,8,2026
6179,ASSIS,5193-0,Transportar crianca sem observancia das normas de seguranca estabelecidas p/ CTB,SP,CAMIONETA,PARTICULAR,1,8,2026
7107,SAO PAULO,6068-1,TRANSPOR BLOQUEIO VIARIO COM OU SEM SINALIZACAO OU DISPOSITIVOS AUXILIARES,SP,MOTOCICLO,ALUGUEL,1,8,2026
7075,SAO BERNARDO DO CAMPO,5045-0,DIRIGIR VEICULO COM VALIDADE DE CNH/PPD VENCIDA HA MAIS DE 30 DIAS,SP,MOTOCICLO,PARTICULAR,1,8,2026
6619,JUNDIAI,7633-2,Dirigir veiculo manuseando telefone celular,SP,UTILITARIO,PARTICULAR,2,8,2026
6635,LEME,7056-1,CONDUZIR MOTOC/MOTON/CICLOMOTOR FAZENDO MALABARISMO/EQUILIBRANDO-SE EM UMA RODA,SP,MOTOCICLO,PARTICULAR,3,8,2026
6271,CACAPAVA,7579-0,"REC SUB TEST, EX CLIN, PERIC OU PROC Q PERM CERT INFL ALC/SUB PSIC FOR ART. 277",SP,AUTOMOVEL,PARTICULAR,3,8,2026
6271,CACAPAVA,5010-0,DIRIGIR VEICULO SEM POSSUIR CNH/PPD/ACC,SP,AUTOMOVEL,PARTICULAR,1,8,2026
6799,PACAEMBU,6530-0,USAR NO VEICULO EQUIP C/ SOM EM VOLUME/FREQUENCIA NAO AUTORIZADOS PELO CONTRAN,SP,AUTOMOVEL,PARTICULAR,1,8,2026
6749,NAZARE PAULISTA,5010-0,DIRIGIR VEICULO SEM POSSUIR CNH/PPD/ACC,SP,MOTOCICLO,PARTICULAR,1,8,2026
6205,BARRA BONITA,6599-2,CONDUZIR O VEICULO REGISTRADO QUE NAO ESTEJA DEVIDAMENTE LICENCIADO,SP,AUTOMOVEL,PARTICULAR,3,8,2026
6207,BARRA DO TURVO,5185-1,Deixar o condutor de usar o cinto seguranca,Outras UFs,AUTOMOVEL,PARTICULAR,1,8,2026
6639,LIMEIRA,7579-0,"REC SUB TEST, EX CLIN, PERIC OU PROC Q PERM CERT INFL ALC/SUB PSIC FOR ART. 277",SP,CAMINHONET,PARTICULAR,1,8,2026
7181,TATUI,6726-1,"CONDUZIR O VEICULO EM MAU ESTADO DE CONSERVACAO, COMPROMETENDO A SEGURANCA",SP,AUTOMOVEL,PARTICULAR,2,8,2026
7107,SAO PAULO,7560-0,CONDUZIR VEIC DE TRANSP PASSAG OU CARGA EM DESACORDO C/ AS COND DO ART 67-C CTB,Outras UFs,CAMINHAO,ALUGUEL,1,8,2026
6373,CUNHA,7340-0,DIRIGIR O VEIC USANDO CALCADO QUE N SE FIRME NOS PES/COMPROMETA UTILIZ PEDAIS,SP,MOTOCICLO,PARTICULAR,1,8,2026
7107,SAO PAULO,6130-0,DEIXAR DE DAR PREFERENCIA A PEDESTRE/VEIC N MOT QUE N HAJA CONCLUIDO A TRAVESSIA,SP,MOTOCICLO,PARTICULAR,1,8,2026
7145,SOROCABA,5037-1,DIRIGIR VEICULO COM CNH DE CATEGORIA DIFERENTE DA DO VEICULO,SP,MOTOCICLO,PARTICULAR,2,8,2026
6325,CATIGUA,6599-2,CONDUZIR O VEICULO REGISTRADO QUE NAO ESTEJA DEVIDAMENTE LICENCIADO,SP,AUTOMOVEL,PARTICULAR,1,8,2026
6477,GUARULHOS,6858-0,Transitar com o veiculo com lotacao excedente,SP,MOTOCICLO,PARTICULAR,1,8,2026
6879,PIRAJUI,6530-0,USAR NO VEICULO EQUIP C/ SOM EM VOLUME/FREQUENCIA NAO AUTORIZADOS PELO CONTRAN,SP,AUTOMOVEL,PARTICULAR,5,8,2026
6411,FERNANDOPOLIS,6726-1,"CONDUZIR O VEICULO EM MAU ESTADO DE CONSERVACAO, COMPROMETENDO A SEGURANCA",SP,AUTOMOVEL,PARTICULAR,1,8,2026
7107,SAO PAULO,5010-0,DIRIGIR VEICULO SEM POSSUIR CNH/PPD/ACC,SP,CAMINHAO,ALUGUEL,1,8,2026
6983,RIO GRANDE DA SERRA,7633-2,Dirigir veiculo manuseando telefone celular,SP,AUTOMOVEL,PARTICULAR,1,8,2026
6405,ESTRELA D OESTE,5118-0,PERMITIR POSSE/CONDUCAO DO VEICULO A PESSOA SEM CNH/PPD/ACC,SP,AUTOMOVEL,PARTICULAR,1,8,2026
2957,VARGEM,5118-0,PERMITIR POSSE/CONDUCAO DO VEICULO A PESSOA SEM CNH/PPD/ACC,SP,AUTOMOVEL,PARTICULAR,1,8,2026
6969,RIBEIRAO PRETO,5010-0,DIRIGIR VEICULO SEM POSSUIR CNH/PPD/ACC,SP,MOTONETA,PARTICULAR,2,8,2026
7107,SAO PAULO,6050-1,AVAN O SIN VERM DO SEMAF EXC SE HOUVER SINALIZ PERM LIVRE CONV A DIR,SP,MOTONETA,PARTICULAR,15,8,2026
6645,LORENA,5010-0,DIRIGIR VEICULO SEM POSSUIR CNH/PPD/ACC,SP,MOTOCICLO,PARTICULAR,1,8,2026
6841,PEDREGULHO,6599-2,CONDUZIR O VEICULO REGISTRADO QUE NAO ESTEJA DEVIDAMENTE LICENCIADO,SP,AUTOMOVEL,PARTICULAR,2,8,2026
6529,IRACEMAPOLIS,7579-0,"REC SUB TEST, EX CLIN, PERIC OU PROC Q PERM CERT INFL ALC/SUB PSIC FOR ART. 277",SP,MOTOCICLO,PARTICULAR,1,8,2026
7129,SERRA AZUL,7048-1,"CONDUZIR MOTOCICLETA, MOTONETA E CICLOMOTOR TRANSPORTANDO PASSAGEIRO S/ CAPACETE",SP,MOTOCICLO,PARTICULAR,1,8,2026
6475,GUARUJA,7684-2,Cond motoc/moton/ciclom c/ util cap de seg c/ vis/ocul prot des c/ regul Contran,SP,MOTOCICLO,PARTICULAR,2,8,2026
6715,MOGI-GUACU,5037-1,DIRIGIR VEICULO COM CNH DE CATEGORIA DIFERENTE DA DO VEICULO,SP,MOTOCICLO,PARTICULAR,1,8,2026
6405,ESTRELA D OESTE,5118-0,PERMITIR POSSE/CONDUCAO DO VEICULO A PESSOA SEM CNH/PPD/ACC,SP,MOTOCICLO,PARTICULAR,1,8,2026
6133,AMERICO BRASILIENSE,5835-0,Desobedecer as ordens emanadas da autorid compet de transito ou de seus agentes,SP,AUTOMOVEL,PARTICULAR,1,8,2026
6687,MATAO,6599-2,CONDUZIR O VEICULO REGISTRADO QUE NAO ESTEJA DEVIDAMENTE LICENCIADO,SP,AUTOMOVEL,PARTICULAR,3,8,2026
6251,BRAGANCA PAULISTA,6050-2,AVANCAR O SINAL DE PARADA OBRIGATORIA,SP,MOTOCICLO,PARTICULAR,1,8,2026
6681,MARILIA,5843-3,"Deixar de indicar c/ antec, med gesto de braco/luz indicadora, mudanca direcao",SP,UTILITARIO,PARTICULAR,1,8,2026
6411,FERNANDOPOLIS,6599-2,CONDUZIR O VEICULO REGISTRADO QUE NAO ESTEJA DEVIDAMENTE LICENCIADO,SP,AUTOMOVEL,PARTICULAR,1,8,2026
6291,CAMPINAS,6653-1,CONDUZIR O VEICULO COM DESCARGA LIVRE,SP,MOTOCICLO,PARTICULAR,1,8,2026
6291,CAMPINAS,6041-2,EXECUTAR OPERACAO DE CONVERSAO A ESQUERDA EM LOCAL PROIBIDO PELA SINALIZACAO,SP,MOTOCICLO,PARTICULAR,1,8,2026
7107,SAO PAULO,5991-0,EXECUTAR OPERACAO DE RETORNO EM LOCAIS PROIBIDOS PELA SINALIZACAO,SP,AUTOMOVEL,PARTICULAR,2,8,2026
7167,TAMBAU,7340-0,DIRIGIR O VEIC USANDO CALCADO QUE N SE FIRME NOS PES/COMPROMETA UTILIZ PEDAIS,SP,MOTOCICLO,PARTICULAR,1,8,2026
6401,EMBU DAS ARTES,6602-0,CONDUZIR O VEICULO COM QUALQUER UMA DAS PLACAS SEM LEGIBILIDADE E VISIBILIDADE,SP,MOTOCICLO,PARTICULAR,1,8,2026
6793,OSVALDO CRUZ,6599-1,CONDUZIR O VEICULO QUE NAO ESTEJA REGISTRADO,SP,MOTOCICLO,PARTICULAR,1,8,2026
7107,SAO PAULO,7340-0,DIRIGIR O VEIC USANDO CALCADO QUE N SE FIRME NOS PES/COMPROMETA UTILIZ PEDAIS,SP,MOTONETA,PARTICULAR,8,8,2026
6551,ITAPEVI,5207-0,Dirigir sem atencao ou sem os cuidados indispensaveis a seguranca,SP,MOTOCICLO,PARTICULAR,1,8,2026
6713,MOGI DAS CRUZES,5010-0,DIRIGIR VEICULO SEM POSSUIR CNH/PPD/ACC,SP,AUTOMOVEL,PARTICULAR,8,8,2026
7107,SAO PAULO,5029-1,Dirigir veiculo com CNH/PPD/ACC cassada,SP,CAMIONETA,ALUGUEL,1,8,2026
2943,ILHA SOLTEIRA,6645-0,CONDUZIR O VEICULO COM EQUIP OBRIGATORIO EM DESACORDO COM O ESTAB PELO CONTRAN,SP,MOTOCICLO,PARTICULAR,1,8,2026
7071,SANTOS,6041-2,EXECUTAR OPERACAO DE CONVERSAO A ESQUERDA EM LOCAL PROIBIDO PELA SINALIZACAO,SP,UTILITARIO,PARTICULAR,1,8,2026
6959,RIBEIRAO BONITO,7358-0,"DIRIGIR O VEICULO COM APENAS UMA DAS MAOS, EXCETO QUANDO PERMITIDO PELO CTB",SP,AUTOMOVEL,PARTICULAR,1,8,2026
7107,SAO PAULO,6041-2,EXECUTAR OPERACAO DE CONVERSAO A ESQUERDA EM LOCAL PROIBIDO PELA SINALIZACAO,SP,CAMIONETA,PARTICULAR,2,8,2026
6285,CAJAMAR,7633-2,Dirigir veiculo manuseando telefone celular,SP,CAMIONETA,PARTICULAR,1,8,2026
6391,DUARTINA,6599-2,CONDUZIR O VEICULO REGISTRADO QUE NAO ESTEJA DEVIDAMENTE LICENCIADO,SP,AUTOMOVEL,PARTICULAR,1,8,2026
7107,SAO PAULO,5088-1,ENTREGAR VEICULO A PESSOA COM CNH DE CATEGORIA DIFERENTE DA DO VEICULO,SP,AUTOMOVEL,PARTICULAR,1,8,2026
7077,SAO CAETANO DO SUL,5185-1,Deixar o condutor de usar o cinto seguranca,SP,AUTOMOVEL,PARTICULAR,1,8,2026
7157,TABOAO DA SERRA,6726-1,"CONDUZIR O VEICULO EM MAU ESTADO DE CONSERVACAO, COMPROMETENDO A SEGURANCA",SP,MOTOCICLO,PARTICULAR,1,8,2026
6405,ESTRELA D OESTE,6653-1,CONDUZIR O VEICULO COM DESCARGA LIVRE,SP,MOTOCICLO,PARTICULAR,1,8,2026
6581,ITUPEVA,6599-2,CONDUZIR O VEICULO REGISTRADO QUE NAO ESTEJA DEVIDAMENTE LICENCIADO,SP,AUTOMOVEL,PARTICULAR,8,8,2026
6619,JUNDIAI,6653-1,CONDUZIR O VEICULO COM DESCARGA LIVRE,SP,MOTOCICLO,PARTICULAR,2,8,2026
6551,ITAPEVI,5843-4,"Deixar de indicar c/ antec, med gesto de braco/luz indicadora, mudanca de faixa",SP,CAMINHONET,PARTICULAR,1,8,2026
6897,POA,5010-0,DIRIGIR VEICULO SEM POSSUIR CNH/PPD/ACC,SP,AUTOMOVEL,PARTICULAR,1,8,2026
6875,PIRACICABA,5215-2,Dirigir ameacando os demais veiculos,SP,MOTOCICLO,PARTICULAR,1,8,2026
7107,SAO PAULO,7056-2,CONDUZIR CICLO FAZENDO MALABARISMO OU EQUILIBRANDO-SE EM UMA RODA,SP,MOTOCICLO,PARTICULAR,1,8,2026
6291,CAMPINAS,6580-0,CONDUZIR O VEICULO SEM QUALQUER UMA DAS PLACAS DE IDENTIFICACAO,SP,MOTOCICLO,PARTICULAR,2,8,2026
6187,AVANHANDAVA,5550-0,ESTACIONAR EM LOCAL/HORARIO PROIBIDO ESPECIFICAMENTE PELA SINALIZACAO,SP,AUTOMOVEL,PARTICULAR,1,8,2026
7107,SAO PAULO,6513-0,USAR BUZINA EM LOCAIS E HORARIOS PROIBIDOS PELA SINALIZACAO,SP,AUTOMOVEL,PARTICULAR,1,8,2026
6549,ITAPEVA,5118-0,PERMITIR POSSE/CONDUCAO DO VEICULO A PESSOA SEM CNH/PPD/ACC,SP,MOTOCICLO,PARTICULAR,1,8,2026
7079,SAO CARLOS,5037-1,DIRIGIR VEICULO COM CNH DE CATEGORIA DIFERENTE DA DO VEICULO,SP,MOTOCICLO,PARTICULAR,1,8,2026
6345,CONCHAL,5010-0,DIRIGIR VEICULO SEM POSSUIR CNH/PPD/ACC,Outras UFs,MOTOCICLO,,1,8,2026
6563,ITAQUAQUECETUBA,7340-0,DIRIGIR O VEIC USANDO CALCADO QUE N SE FIRME NOS PES/COMPROMETA UTILIZ PEDAIS,SP,MOTOCICLO,PARTICULAR,4,8,2026
6137,AMPARO,7340-0,DIRIGIR O VEIC USANDO CALCADO QUE N SE FIRME NOS PES/COMPROMETA UTILIZ PEDAIS,SP,MOTOCICLO,PARTICULAR,1,8,2026
7075,SAO BERNARDO DO CAMPO,7099-1,CONDUZIR MOTOCICLETA/MOTONETA/CICLOMOTOR SEM SEGURAR O GUIDOM COM AMBAS AS MAOS,SP,MOTOCICLO,PARTICULAR,1,8,2026
6433,GALIA,5193-0,Transportar crianca sem observancia das normas de seguranca estabelecidas p/ CTB,SP,CAMINHONET,PARTICULAR,1,8,2026
7107,SAO PAULO,5185-1,Deixar o condutor de usar o cinto seguranca,Outras UFs,CAMIONETA,PARTICULAR,1,8,2026
6601,JANDIRA,7030-1,Conduzir motoc/moton/ciclom s/ capacete de seguranca,SP,MOTOCICLO,PARTICULAR,1,8,2026
6285,CAJAMAR,7633-2,Dirigir veiculo manuseando telefone celular,SP,AUTOMOVEL,PARTICULAR,1,8,2026
6929,PRESIDENTE PRUDENTE,6637-1,CONDUZIR O VEICULO SEM EQUIPAMENTO OBRIGATORIO,SP,AUTOMOVEL,PARTICULAR,1,8,2026
6807,PALMITAL,6599-2,CONDUZIR O VEICULO REGISTRADO QUE NAO ESTEJA DEVIDAMENTE LICENCIADO,SP,MOTOCICLO,PARTICULAR,2,8,2026
6477,GUARULHOS,6599-2,CONDUZIR O VEICULO REGISTRADO QUE NAO ESTEJA DEVIDAMENTE LICENCIADO,Outras UFs,AUTOMOVEL,PARTICULAR,1,8,2026
6931,PRESIDENTE VENCESLAU,7579-0,"REC SUB TEST, EX CLIN, PERIC OU PROC Q PERM CERT INFL ALC/SUB PSIC FOR ART. 277",SP,AUTOMOVEL,PARTICULAR,4,8,2026
6539,ITAJOBI,6653-2,CONDUZIR O VEICULO COM SILENCIADOR DE MOTOR DEFEITUOSO/DEFICIENTE/INOPERANTE,SP,AUTOMOVEL,PARTICULAR,1,8,2026
6791,OSCAR BRESSANE,7099-1,CONDUZIR MOTOCICLETA/MOTONETA/CICLOMOTOR SEM SEGURAR O GUIDOM COM AMBAS AS MAOS,SP,MOTOCICLO,PARTICULAR,1,8,2026
7149,SUMARE,7684-2,Cond motoc/moton/ciclom c/ util cap de seg c/ vis/ocul prot des c/ regul Contran,SP,MOTOCICLO,PARTICULAR,3,8,2026
7157,TABOAO DA SERRA,5843-2,"Deixar de indicar c/ antec, med gesto de braco/luz indicadora, manobra de parar",SP,AUTOMOVEL,PARTICULAR,1,8,2026
7145,SOROCABA,7358-0,"DIRIGIR O VEICULO COM APENAS UMA DAS MAOS, EXCETO QUANDO PERMITIDO PELO CTB",SP,AUTOMOVEL,PARTICULAR,1,8,2026
7099,SAO JOSE DOS CAMPOS,5207-0,Dirigir sem atencao ou sem os cuidados indispensaveis a seguranca,SP,AUTOMOVEL,PARTICULAR,3,8,2026
7145,SOROCABA,5819-6,TRANSITAR COM O VEICULO EM MARCAS DE CANALIZACAO,SP,MOTOCICLO,PARTICULAR,2,8,2026
6163,ARARAQUARA,5045-0,DIRIGIR VEICULO COM VALIDADE DE CNH/PPD VENCIDA HA MAIS DE 30 DIAS,SP,CAMINHONET,PARTICULAR,1,8,2026
6589,JACAREI,5010-0,DIRIGIR VEICULO SEM POSSUIR CNH/PPD/ACC,SP,AUTOMOVEL,PARTICULAR,1,8,2026
6473,GUARIBA,7684-2,Cond motoc/moton/ciclom c/ util cap de seg c/ vis/ocul prot des c/ regul Contran,SP,MOTOCICLO,PARTICULAR,1,8,2026
6717,MOGI-MIRIM,5207-0,Dirigir sem atencao ou sem os cuidados indispensaveis a seguranca,SP,AUTOMOVEL,PARTICULAR,2,8,2026
6451,GUAPIACU,7030-1,Conduzir motoc/moton/ciclom s/ capacete de seguranca,SP,MOTOCICLO,PARTICULAR,1,8,2026
6163,ARARAQUARA,7579-0,"REC SUB TEST, EX CLIN, PERIC OU PROC Q PERM CERT INFL ALC/SUB PSIC FOR ART. 277",SP,MOTOCICLO,PARTICULAR,1,8,2026
6637,LENCOIS PAULISTA,7579-0,"REC SUB TEST, EX CLIN, PERIC OU PROC Q PERM CERT INFL ALC/SUB PSIC FOR ART. 277",SP,MOTOCICLO,PARTICULAR,3,8,2026
6545,ITAPECERICA DA SERRA,5274-1,UTILIZ VEIC DEMONST/EXIBIR MANOBRA PERIGOSA MEDIANTE ARRANCADA BRUSCA,SP,AUTOMOVEL,PARTICULAR,1,8,2026
6579,ITU,6645-0,CONDUZIR O VEICULO COM EQUIP OBRIGATORIO EM DESACORDO COM O ESTAB PELO CONTRAN,SP,MOTOCICLO,PARTICULAR,1,8,2026
7157,TABOAO DA SERRA,7285-0,"EM MOVIMENTO, DEIXAR DE MANTER A PLACA TRASEIRA ILUMINADA A NOITE",SP,MOTOCICLO,PARTICULAR,1,8,2026
7071,SANTOS,7340-0,DIRIGIR O VEIC USANDO CALCADO QUE N SE FIRME NOS PES/COMPROMETA UTILIZ PEDAIS,SP,MOTOCICLO,PARTICULAR,4,8,2026
6707,MIRASSOL,7579-0,"REC SUB TEST, EX CLIN, PERIC OU PROC Q PERM CERT INFL ALC/SUB PSIC FOR ART. 277",SP,CAMIONETA,PARTICULAR,2,8,2026
6181,ATIBAIA,7579-0,"REC SUB TEST, EX CLIN, PERIC OU PROC Q PERM CERT INFL ALC/SUB PSIC FOR ART. 277",SP,UTILITARIO,PARTICULAR,2,8,2026
6175,ARTUR NOGUEIRA,6599-2,CONDUZIR O VEICULO REGISTRADO QUE NAO ESTEJA DEVIDAMENTE LICENCIADO,SP,AUTOMOVEL,PARTICULAR,3,8,2026
7235,VERA CRUZ,5010-0,DIRIGIR VEICULO SEM POSSUIR CNH/PPD/ACC,SP,MOTOCICLO,PARTICULAR,1,8,2026
6137,AMPARO,7633-2,Dirigir veiculo manuseando telefone celular,SP,AUTOMOVEL,PARTICULAR,1,8,2026
7107,SAO PAULO,6041-2,EXECUTAR OPERACAO DE CONVERSAO A ESQUERDA EM LOCAL PROIBIDO PELA SINALIZACAO,Outras UFs,AUTOMOVEL,PARTICULAR,1,8,2026
6475,GUARUJA,7544-1,Falta de escrituracao livro registro entrada/saida e de uso placa de experiencia,SP,MOTOCICLO,PARTICULAR,7,8,2026
7151,SUZANO,5118-0,PERMITIR POSSE/CONDUCAO DO VEICULO A PESSOA SEM CNH/PPD/ACC,SP,AUTOMOVEL,PARTICULAR,1,8,2026
6435,GARCA,5029-2,DIRIGIR VEICULO COM CNH/PPD/ACC COM SUSPENSAO DO DIREITO DE DIRIGIR,SP,AUTOMOVEL,PARTICULAR,1,8,2026
6377,DIADEMA,6050-3,AVAN O SIN VERM DO SEMAF EXC SE HOUVER SINALIZ PERM LIVRE CONV A DIR -FISC ELETR,SP,MOTONETA,PARTICULAR,1,8,2026
6189,AVARE,5207-0,Dirigir sem atencao ou sem os cuidados indispensaveis a seguranca,SP,AUTOMOVEL,PARTICULAR,1,8,2026
6219,BAURU,7030-1,Conduzir motoc/moton/ciclom s/ capacete de seguranca,SP,MOTOCICLO,PARTICULAR,1,8,2026
6189,AVARE,7579-0,"REC SUB TEST, EX CLIN, PERIC OU PROC Q PERM CERT INFL ALC/SUB PSIC FOR ART. 277",SP,CAMINHONET,PARTICULAR,1,8,2026
6493,IBITINGA,6050-2,AVANCAR O SINAL DE PARADA OBRIGATORIA,SP,AUTOMOVEL,PARTICULAR,1,8,2026
7135,SERTAOZINHO,5843-3,"Deixar de indicar c/ antec, med gesto de braco/luz indicadora, mudanca direcao",SP,MOTONETA,PARTICULAR,1,8,2026
6873,PIRACAIA,6637-1,CONDUZIR O VEICULO SEM EQUIPAMENTO OBRIGATORIO,SP,MOTOCICLO,PARTICULAR,1,8,2026
7181,TATUI,5835-0,Desobedecer as ordens emanadas da autorid compet de transito ou de seus agentes,SP,MOTOCICLO,PARTICULAR,1,8,2026
6619,JUNDIAI,5010-0,DIRIGIR VEICULO SEM POSSUIR CNH/PPD/ACC,SP,MOTOCICLO,PARTICULAR,3,8,2026
7107,SAO PAULO,7048-1,"CONDUZIR MOTOCICLETA, MOTONETA E CICLOMOTOR TRANSPORTANDO PASSAGEIRO S/ CAPACETE",SP,MOTONETA,PARTICULAR,5,8,2026
6543,ITANHAEM,7633-2,Dirigir veiculo manuseando telefone celular,SP,AUTOMOVEL,PARTICULAR,1,8,2026
6177,ARUJA,5045-0,DIRIGIR VEICULO COM VALIDADE DE CNH/PPD VENCIDA HA MAIS DE 30 DIAS,SP,AUTOMOVEL,PARTICULAR,1,8,2026
6291,CAMPINAS,6637-2,CONDUZIR O VEICULO COM EQUIPAMENTO OBRIGATORIO INEFICIENTE/INOPERANTE,SP,MOTOCICLO,PARTICULAR,2,8,2026
7099,SAO JOSE DOS CAMPOS,7579-0,"REC SUB TEST, EX CLIN, PERIC OU PROC Q PERM CERT INFL ALC/SUB PSIC FOR ART. 277",SP,MOTOCICLO,PARTICULAR,1,8,2026
6853,PERUIBE,5967-0,"ULTRAPASSAR PELA CONTRAMAO LINHA DE DIVISAO DE FLUXOS OPOSTOS, CONTINUA AMARELA",SP,AUTOMOVEL,PARTICULAR,1,8,2026
7137,SETE BARRAS,7234-0,"EM MOVIMENTO, DEIXAR DE MANTER ACESA A LUZ BAIXA DURANTE A NOITE",SP,AUTOMOVEL,PARTICULAR,1,8,2026
800,IPIGUA,5410-0,ESTACIONAR EM DESACORDO COM AS POSICOES ESTABELECIDAS NO CTB,Outras UFs,AUTOMOVEL,PARTICULAR,1,8,2026
6603,JARDINOPOLIS,6408-0,PORTAR NO VEICULO PLACAS DE IDENTIFICACAO EM DESACORDO C/ ESPECIF/MODELO CONTRAN,SP,MOTOCICLO,PARTICULAR,1,8,2026
7145,SOROCABA,5029-2,DIRIGIR VEICULO COM CNH/PPD/ACC COM SUSPENSAO DO DIREITO DE DIRIGIR,SP,AUTOMOVEL,PARTICULAR,2,8,2026
6681,MARILIA,6653-1,CONDUZIR O VEICULO COM DESCARGA LIVRE,SP,MOTOCICLO,PARTICULAR,2,8,2026
6637,LENCOIS PAULISTA,6408-0,PORTAR NO VEICULO PLACAS DE IDENTIFICACAO EM DESACORDO C/ ESPECIF/MODELO CONTRAN,SP,AUTOMOVEL,PARTICULAR,1,8,2026
6687,MATAO,5738-0,TRANSITAR PELA CONTRAMAO DE DIRECAO EM VIA C/ SINALIZACAO DE REGUL SENTIDO UNICO,SP,AUTOMOVEL,PARTICULAR,1,8,2026
7149,SUMARE,5118-0,PERMITIR POSSE/CONDUCAO DO VEICULO A PESSOA SEM CNH/PPD/ACC,SP,MOTOCICLO,PARTICULAR,1,8,2026
7145,SOROCABA,5070-2,ENTREGAR VEICULO A PESSOA COM CNH/PPD/ACC COM SUSP. DO DIREITO DE DIRIGIR,SP,MOTOCICLO,PARTICULAR,4,8,2026
6219,BAURU,5088-1,ENTREGAR VEICULO A PESSOA COM CNH DE CATEGORIA DIFERENTE DA DO VEICULO,SP,MOTOCICLO,PARTICULAR,2,8,2026
7067,SANTO EXPEDITO,7056-1,CONDUZIR MOTOC/MOTON/CICLOMOTOR FAZENDO MALABARISMO/EQUILIBRANDO-SE EM UMA RODA,SP,MOTOCICLO,PARTICULAR,1,8,2026
6607,JAU,6637-1,CONDUZIR O VEICULO SEM EQUIPAMENTO OBRIGATORIO,SP,MOTOCICLO,PARTICULAR,4,8,2026
6125,ALVARES MACHADO,5843-3,"Deixar de indicar c/ antec, med gesto de braco/luz indicadora, mudanca direcao",SP,MOTOCICLO,PARTICULAR,1,8,2026
6639,LIMEIRA,7340-0,DIRIGIR O VEIC USANDO CALCADO QUE N SE FIRME NOS PES/COMPROMETA UTILIZ PEDAIS,SP,MOTOCICLO,PARTICULAR,6,8,2026
7107,SAO PAULO,6637-1,CONDUZIR O VEICULO SEM EQUIPAMENTO OBRIGATORIO,SP,C. TRATOR,PARTICULAR,1,8,2026
7107,SAO PAULO,6769-0,"CONDUZIR VEIC C/ DEFEITO NO SIST DE ILUMINACAO, SINALIZ OU LAMPADAS QUEIMADAS",SP,CAMINHONET,OFICIAL,1,8,2026
6477,GUARULHOS,5070-2,ENTREGAR VEICULO A PESSOA COM CNH/PPD/ACC COM SUSP. DO DIREITO DE DIRIGIR,SP,MOTOCICLO,PARTICULAR,2,8,2026
6425,FRANCA,6599-2,CONDUZIR O VEICULO REGISTRADO QUE NAO ESTEJA DEVIDAMENTE LICENCIADO,SP,CAMINHONET,ALUGUEL,1,8,2026
2951,HORTOLANDIA,5169-1,DIRIGIR SOB A INFLUENCIA DE ALCOOL,SP,AUTOMOVEL,PARTICULAR,1,8,2026
7099,SAO JOSE DOS CAMPOS,6653-1,CONDUZIR O VEICULO COM DESCARGA LIVRE,SP,MOTOCICLO,PARTICULAR,4,8,2026
6789,OSASCO,7633-1,Dirigir veiculo segurando telefone celular,SP,AUTOMOVEL,PARTICULAR,1,8,2026
7107,SAO PAULO,5029-2,DIRIGIR VEICULO COM CNH/PPD/ACC COM SUSPENSAO DO DIREITO DE DIRIGIR,SP,CAMINHONET,ALUGUEL,1,8,2026
7107,SAO PAULO,6602-0,CONDUZIR O VEICULO COM QUALQUER UMA DAS PLACAS SEM LEGIBILIDADE E VISIBILIDADE,SP,MOTONETA,PARTICULAR,4,8,2026
6901,POMPEIA,5045-0,DIRIGIR VEICULO COM VALIDADE DE CNH/PPD VENCIDA HA MAIS DE 30 DIAS,SP,MOTOCICLO,PARTICULAR,1,8,2026
7099,SAO JOSE DOS CAMPOS,7579-0,"REC SUB TEST, EX CLIN, PERIC OU PROC Q PERM CERT INFL ALC/SUB PSIC FOR ART. 277",SP,AUTOMOVEL,PARTICULAR,1,8,2026
6477,GUARULHOS,6530-0,USAR NO VEICULO EQUIP C/ SOM EM VOLUME/FREQUENCIA NAO AUTORIZADOS PELO CONTRAN,SP,AUTOMOVEL,PARTICULAR,1,8,2026
6391,DUARTINA,6858-0,Transitar com o veiculo com lotacao excedente,SP,MOTOCICLO,PARTICULAR,1,8,2026
6327,CEDRAL,6530-0,USAR NO VEICULO EQUIP C/ SOM EM VOLUME/FREQUENCIA NAO AUTORIZADOS PELO CONTRAN,SP,CAMINHONET,PARTICULAR,1,8,2026
7107,SAO PAULO,6564-0,CONDUZIR O VEICULO TRANSPORTANDO PASSAGEIROS EM COMPARTIMENTO DE CARGA,SP,CAMIONETA,PARTICULAR,1,8,2026
6125,ALVARES MACHADO,7340-0,DIRIGIR O VEIC USANDO CALCADO QUE N SE FIRME NOS PES/COMPROMETA UTILIZ PEDAIS,SP,MOTOCICLO,PARTICULAR,2,8,2026
6969,RIBEIRAO PRETO,5037-1,DIRIGIR VEICULO COM CNH DE CATEGORIA DIFERENTE DA DO VEICULO,SP,AUTOMOVEL,PARTICULAR,1,8,2026
7075,SAO BERNARDO DO CAMPO,5215-1,Dirigir ameacando os pedestres que estejam atravessando a via publica,SP,MOTOCICLO,PARTICULAR,1,8,2026
6213,BARUERI,6599-2,CONDUZIR O VEICULO REGISTRADO QUE NAO ESTEJA DEVIDAMENTE LICENCIADO,SP,MOTOCICLO,PARTICULAR,1,8,2026
6795,OURINHOS,6610-2,CONDUZIR O VEICULO COM CARACTERISTICA ALTERADA,Outras UFs,MOTOCICLO,PARTICULAR,1,8,2026
6475,GUARUJA,5738-0,TRANSITAR PELA CONTRAMAO DE DIRECAO EM VIA C/ SINALIZACAO DE REGUL SENTIDO UNICO,SP,CAMIONETA,PARTICULAR,1,8,2026
7107,SAO PAULO,5002-0,"Multa, por nao identificacao do condutor infrator, imposta a pessoa juridica",SP,CAMINHAO,PARTICULAR,2,8,2026
6477,GUARULHOS,5096-0,ENTREGAR VEICULO A PESSOA COM CNH/PPD VENCIDA HA MAIS DE 30 DIAS,SP,MOTOCICLO,PARTICULAR,1,8,2026
6291,CAMPINAS,6700-0,"CONDUZIR VEIC COM VIDRO TOTAL/PARCIALMENTE COBERTO POR PELICULA, PAINEIS/PINTURA",SP,AUTOMOVEL,PARTICULAR,1,8,2026
6425,FRANCA,5029-1,Dirigir veiculo com CNH/PPD/ACC cassada,SP,CAMINHONET,PARTICULAR,1,8,2026
7107,SAO PAULO,6050-2,AVANCAR O SINAL DE PARADA OBRIGATORIA,SP,CAMINHONET,PARTICULAR,1,8,2026
7107,SAO PAULO,7234-0,"EM MOVIMENTO, DEIXAR DE MANTER ACESA A LUZ BAIXA DURANTE A NOITE",SP,UTILITARIO,PARTICULAR,2,8,2026
7119,SAO SIMAO,5142-0,PERMITIR POSSE/CONDUCAO DO VEIC A PESSOA COM CNH/PPD VENCIDA HA MAIS DE 30 DIAS,SP,AUTOMOVEL,PARTICULAR,2,8,2026
6125,ALVARES MACHADO,7366-2,DIRIGIR VEICULO UTILIZANDO-SE DE TELEFONE CELULAR,SP,MOTOCICLO,PARTICULAR,1,8,2026
7075,SAO BERNARDO DO CAMPO,5720-0,TRANSITAR PELA CONTRAMAO DE DIRECAO EM VIA COM DUPLO SENTIDO DE CIRCULACAO,SP,AUTOMOVEL,PARTICULAR,1,8,2026
7117,SAO SEBASTIAO DA GRAMA,7684-2,Cond motoc/moton/ciclom c/ util cap de seg c/ vis/ocul prot des c/ regul Contran,SP,MOTOCICLO,PARTICULAR,1,8,2026
6619,JUNDIAI,5070-2,ENTREGAR VEICULO A PESSOA COM CNH/PPD/ACC COM SUSP. DO DIREITO DE DIRIGIR,SP,AUTOMOVEL,PARTICULAR,2,8,2026
6785,ORINDIUVA,6530-0,USAR NO VEICULO EQUIP C/ SOM EM VOLUME/FREQUENCIA NAO AUTORIZADOS PELO CONTRAN,SP,AUTOMOVEL,PARTICULAR,1,8,2026
6681,MARILIA,6050-1,AVAN O SIN VERM DO SEMAF EXC SE HOUVER SINALIZ PERM LIVRE CONV A DIR,SP,AUTOMOVEL,PARTICULAR,2,8,2026
7145,SOROCABA,5185-1,Deixar o condutor de usar o cinto seguranca,SP,CAMINHONET,PARTICULAR,2,8,2026
6789,OSASCO,7030-1,Conduzir motoc/moton/ciclom s/ capacete de seguranca,SP,MOTOCICLO,PARTICULAR,4,8,2026
6795,OURINHOS,7340-0,DIRIGIR O VEIC USANDO CALCADO QUE N SE FIRME NOS PES/COMPROMETA UTILIZ PEDAIS,Outras UFs,MOTOCICLO,PARTICULAR,1,8,2026
6477,GUARULHOS,7544-1,Falta de escrituracao livro registro entrada/saida e de uso placa de experiencia,SP,MICROONIB,PARTICULAR,4,8,2026
7243,VOTORANTIM,5185-1,Deixar o condutor de usar o cinto seguranca,SP,AUTOMOVEL,PARTICULAR,1,8,2026
6451,GUAPIACU,6076-0,TRANSPOR BLOQUEIO VIARIO POLICIAL,SP,MOTOCICLO,PARTICULAR,1,8,2026
6569,ITATIBA,7684-2,Cond motoc/moton/ciclom c/ util cap de seg c/ vis/ocul prot des c/ regul Contran,SP,MOTOCICLO,PARTICULAR,1,8,2026
7151,SUZANO,5061-0,ENTREGAR VEICULO A PESSOA SEM CNH/PPD/ACC,SP,AUTOMOVEL,PARTICULAR,1,8,2026
7135,SERTAOZINHO,7633-2,Dirigir veiculo manuseando telefone celular,SP,CAMINHONET,PARTICULAR,1,8,2026
6219,BAURU,5037-1,DIRIGIR VEICULO COM CNH DE CATEGORIA DIFERENTE DA DO VEICULO,SP,MOTOCICLO,PARTICULAR,1,8,2026
6219,BAURU,5843-3,"Deixar de indicar c/ antec, med gesto de braco/luz indicadora, mudanca direcao",SP,MOTOCICLO,PARTICULAR,1,8,2026
6897,POA,7340-0,DIRIGIR O VEIC USANDO CALCADO QUE N SE FIRME NOS PES/COMPROMETA UTILIZ PEDAIS,SP,MOTOCICLO,PARTICULAR,1,8,2026
6251,BRAGANCA PAULISTA,5843-3,"Deixar de indicar c/ antec, med gesto de braco/luz indicadora, mudanca direcao",SP,MOTOCICLO,PARTICULAR,1,8,2026
6189,AVARE,5835-0,Desobedecer as ordens emanadas da autorid compet de transito ou de seus agentes,SP,CAMINHONET,PARTICULAR,1,8,2026
7047,SANTANA DE PARNAIBA,5169-1,DIRIGIR SOB A INFLUENCIA DE ALCOOL,SP,UTILITARIO,PARTICULAR,1,8,2026
7047,SANTANA DE PARNAIBA,7684-2,Cond motoc/moton/ciclom c/ util cap de seg c/ vis/ocul prot des c/ regul Contran,SP,MOTOCICLO,PARTICULAR,2,8,2026
7107,SAO PAULO,7544-1,Falta de escrituracao livro registro entrada/saida e de uso placa de experiencia,SP,CAMIONETA,PARTICULAR,1,8,2026
6219,BAURU,5843-3,"Deixar de indicar c/ antec, med gesto de braco/luz indicadora, mudanca direcao",SP,AUTOMOVEL,PARTICULAR,4,8,2026
7107,SAO PAULO,6017-5,EXECUTAR OPERACAO DE RETORNO PASSANDO POR CIMA DE FAIXA DE PEDESTRES,SP,MOTONETA,PARTICULAR,1,8,2026
7225,VALINHOS,6408-0,PORTAR NO VEICULO PLACAS DE IDENTIFICACAO EM DESACORDO C/ ESPECIF/MODELO CONTRAN,SP,MOTOCICLO,PARTICULAR,5,8,2026
7107,SAO PAULO,7340-0,DIRIGIR O VEIC USANDO CALCADO QUE N SE FIRME NOS PES/COMPROMETA UTILIZ PEDAIS,SP,CAMIONETA,PARTICULAR,2,8,2026
7145,SOROCABA,5118-0,PERMITIR POSSE/CONDUCAO DO VEICULO A PESSOA SEM CNH/PPD/ACC,SP,CAMINHONET,PARTICULAR,1,8,2026
6635,LEME,5819-1,"TRANSITAR COM O VEICULO EM CALCADAS, PASSEIOS",SP,MOTOCICLO,PARTICULAR,1,8,2026
7157,TABOAO DA SERRA,7234-0,"EM MOVIMENTO, DEIXAR DE MANTER ACESA A LUZ BAIXA DURANTE A NOITE",SP,AUTOMOVEL,PARTICULAR,1,8,2026
6131,AMERICANA,6050-1,AVAN O SIN VERM DO SEMAF EXC SE HOUVER SINALIZ PERM LIVRE CONV A DIR,SP,MOTONETA,PARTICULAR,1,8,2026
7071,SANTOS,6050-1,AVAN O SIN VERM DO SEMAF EXC SE HOUVER SINALIZ PERM LIVRE CONV A DIR,SP,UTILITARIO,PARTICULAR,1,8,2026
6477,GUARULHOS,6122-0,DEIXAR DE DAR PREFERENCIA A PEDESTRE/VEIC N MOTORIZADO NA FAIXA A ELE DESTINADA,Outras UFs,CAMINHONET,PARTICULAR,1,8,2026
6189,AVARE,5061-0,ENTREGAR VEICULO A PESSOA SEM CNH/PPD/ACC,SP,MOTOCICLO,PARTICULAR,1,8,2026
7225,VALINHOS,5070-2,ENTREGAR VEICULO A PESSOA COM CNH/PPD/ACC COM SUSP. DO DIREITO DE DIRIGIR,SP,MOTOCICLO,PARTICULAR,1,8,2026
6291,CAMPINAS,7579-0,"REC SUB TEST, EX CLIN, PERIC OU PROC Q PERM CERT INFL ALC/SUB PSIC FOR ART. 277",SP,MOTOCICLO,PARTICULAR,1,8,2026
6345,CONCHAL,7340-0,DIRIGIR O VEIC USANDO CALCADO QUE N SE FIRME NOS PES/COMPROMETA UTILIZ PEDAIS,SP,MOTOCICLO,PARTICULAR,4,8,2026
7151,SUZANO,5274-2,UTILIZ VEIC DEM/EXIBIR MANOB PERIG MED DERRAP/FRENAG C/DESLIZ/ARRAST PNEUS,SP,AUTOMOVEL,PARTICULAR,1,8,2026
6285,CAJAMAR,5185-1,Deixar o condutor de usar o cinto seguranca,SP,UTILITARIO,PARTICULAR,1,8,2026
6471,GUAREI,5045-0,DIRIGIR VEICULO COM VALIDADE DE CNH/PPD VENCIDA HA MAIS DE 30 DIAS,SP,MOTOCICLO,PARTICULAR,1,8,2026
6853,PERUIBE,6726-1,"CONDUZIR O VEICULO EM MAU ESTADO DE CONSERVACAO, COMPROMETENDO A SEGURANCA",SP,CAMIONETA,PARTICULAR,1,8,2026
6475,GUARUJA,7340-0,DIRIGIR O VEIC USANDO CALCADO QUE N SE FIRME NOS PES/COMPROMETA UTILIZ PEDAIS,SP,MOTOCICLO,PARTICULAR,3,8,2026
6387,DOURADO,6599-2,CONDUZIR O VEICULO REGISTRADO QUE NAO ESTEJA DEVIDAMENTE LICENCIADO,SP,MOTOCICLO,PARTICULAR,1,8,2026
7017,SANTA BARBARA DO OESTE,7684-2,Cond motoc/moton/ciclom c/ util cap de seg c/ vis/ocul prot des c/ regul Contran,SP,MOTOCICLO,PARTICULAR,1,8,2026
6969,RIBEIRAO PRETO,5142-0,PERMITIR POSSE/CONDUCAO DO VEIC A PESSOA COM CNH/PPD VENCIDA HA MAIS DE 30 DIAS,SP,MOTOCICLO,PARTICULAR,1,8,2026
6377,DIADEMA,5070-2,ENTREGAR VEICULO A PESSOA COM CNH/PPD/ACC COM SUSP. DO DIREITO DE DIRIGIR,SP,MOTONETA,PARTICULAR,1,8,2026
7107,SAO PAULO,5720-0,TRANSITAR PELA CONTRAMAO DE DIRECAO EM VIA COM DUPLO SENTIDO DE CIRCULACAO,SP,MOTONETA,PARTICULAR,5,8,2026
6569,ITATIBA,6599-2,CONDUZIR O VEICULO REGISTRADO QUE NAO ESTEJA DEVIDAMENTE LICENCIADO,SP,AUTOMOVEL,PARTICULAR,4,8,2026
6435,GARCA,7340-0,DIRIGIR O VEIC USANDO CALCADO QUE N SE FIRME NOS PES/COMPROMETA UTILIZ PEDAIS,SP,MOTOCICLO,PARTICULAR,4,8,2026
7105,SAO MIGUEL ARCANJO,5045-0,DIRIGIR VEICULO COM VALIDADE DE CNH/PPD VENCIDA HA MAIS DE 30 DIAS,SP,CAMINHONET,PARTICULAR,1,8,2026
6949,REGENTE FEIJO,7579-0,"REC SUB TEST, EX CLIN, PERIC OU PROC Q PERM CERT INFL ALC/SUB PSIC FOR ART. 277",SP,AUTOMOVEL,PARTICULAR,1,8,2026
2977,MARAPOAMA,6653-2,CONDUZIR O VEICULO COM SILENCIADOR DE MOTOR DEFEITUOSO/DEFICIENTE/INOPERANTE,SP,MOTOCICLO,PARTICULAR,1,8,2026
7107,SAO PAULO,7633-1,Dirigir veiculo segurando telefone celular,SP,MOTOCICLO,PARTICULAR,2,8,2026
7047,SANTANA DE PARNAIBA,7340-0,DIRIGIR O VEIC USANDO CALCADO QUE N SE FIRME NOS PES/COMPROMETA UTILIZ PEDAIS,SP,MOTOCICLO,ALUGUEL,1,8,2026
6681,MARILIA,7633-2,Dirigir veiculo manuseando telefone celular,SP,MOTOCICLO,PARTICULAR,2,8,2026
6179,ASSIS,5185-1,Deixar o condutor de usar o cinto seguranca,Outras UFs,CAMINHAO,PARTICULAR,1,8,2026
6619,JUNDIAI,6050-1,AVAN O SIN VERM DO SEMAF EXC SE HOUVER SINALIZ PERM LIVRE CONV A DIR,Outras UFs,AUTOMOVEL,PARTICULAR,1,8,2026
6689,MAUA,6637-1,CONDUZIR O VEICULO SEM EQUIPAMENTO OBRIGATORIO,SP,AUTOMOVEL,PARTICULAR,1,8,2026
6477,GUARULHOS,5185-1,Deixar o condutor de usar o cinto seguranca,SP,CAMIONETA,PARTICULAR,3,8,2026
6209,BARRETOS,7579-0,"REC SUB TEST, EX CLIN, PERIC OU PROC Q PERM CERT INFL ALC/SUB PSIC FOR ART. 277",SP,MOTOCICLO,PARTICULAR,1,8,2026
6329,CERQUEIRA CESAR,7340-0,DIRIGIR O VEIC USANDO CALCADO QUE N SE FIRME NOS PES/COMPROMETA UTILIZ PEDAIS,SP,MOTOCICLO,PARTICULAR,1,8,2026
7185,TEJUPA,5118-0,PERMITIR POSSE/CONDUCAO DO VEICULO A PESSOA SEM CNH/PPD/ACC,SP,MOTOCICLO,PARTICULAR,1,8,2026
6493,IBITINGA,6050-2,AVANCAR O SINAL DE PARADA OBRIGATORIA,SP,MOTOCICLO,PARTICULAR,1,8,2026
6933,PROMISSAO,5010-0,DIRIGIR VEICULO SEM POSSUIR CNH/PPD/ACC,SP,MOTOCICLO,PARTICULAR,2,8,2026
6219,BAURU,5169-1,DIRIGIR SOB A INFLUENCIA DE ALCOOL,SP,AUTOMOVEL,PARTICULAR,1,8,2026
7105,SAO MIGUEL ARCANJO,5029-2,DIRIGIR VEICULO COM CNH/PPD/ACC COM SUSPENSAO DO DIREITO DE DIRIGIR,SP,AUTOMOVEL,PARTICULAR,1,8,2026
6979,RIO CLARO,7366-2,DIRIGIR VEICULO UTILIZANDO-SE DE TELEFONE CELULAR,SP,UTILITARIO,PARTICULAR,1,8,2026
6131,AMERICANA,7544-1,Falta de escrituracao livro registro entrada/saida e de uso placa de experiencia,SP,CAMIONETA,PARTICULAR,1,8,2026
6285,CAJAMAR,5185-1,Deixar o condutor de usar o cinto seguranca,SP,CAMINHONET,ALUGUEL,1,8,2026
6259,BROTAS,6637-1,CONDUZIR O VEICULO SEM EQUIPAMENTO OBRIGATORIO,SP,AUTOMOVEL,PARTICULAR,1,8,2026
6635,LEME,6726-1,"CONDUZIR O VEICULO EM MAU ESTADO DE CONSERVACAO, COMPROMETENDO A SEGURANCA",SP,AUTOMOVEL,PARTICULAR,1,8,2026
6875,PIRACICABA,6637-2,CONDUZIR O VEICULO COM EQUIPAMENTO OBRIGATORIO INEFICIENTE/INOPERANTE,SP,MOTOCICLO,PARTICULAR,2,8,2026
6451,GUAPIACU,6726-1,"CONDUZIR O VEICULO EM MAU ESTADO DE CONSERVACAO, COMPROMETENDO A SEGURANCA",SP,MOTOCICLO,PARTICULAR,2,8,2026
6579,ITU,6599-2,CONDUZIR O VEICULO REGISTRADO QUE NAO ESTEJA DEVIDAMENTE LICENCIADO,SP,AUTOMOVEL,PARTICULAR,5,8,2026
6191,BADY BASSITT,6050-1,AVAN O SIN VERM DO SEMAF EXC SE HOUVER SINALIZ PERM LIVRE CONV A DIR,SP,AUTOMOVEL,PARTICULAR,1,8,2026
7195,TORRINHA,6726-1,"CONDUZIR O VEICULO EM MAU ESTADO DE CONSERVACAO, COMPROMETENDO A SEGURANCA",SP,AUTOMOVEL,PARTICULAR,1,8,2026
6713,MOGI DAS CRUZES,5096-0,ENTREGAR VEICULO A PESSOA COM CNH/PPD VENCIDA HA MAIS DE 30 DIAS,SP,AUTOMOVEL,ALUGUEL,1,8,2026
6469,GUARATINGUETA,6645-0,CONDUZIR O VEICULO COM EQUIP OBRIGATORIO EM DESACORDO COM O ESTAB PELO CONTRAN,SP,MOTOCICLO,PARTICULAR,1,8,2026
6875,PIRACICABA,6726-1,"CONDUZIR O VEICULO EM MAU ESTADO DE CONSERVACAO, COMPROMETENDO A SEGURANCA",SP,AUTOMOVEL,PARTICULAR,5,8,2026
6291,CAMPINAS,5010-0,DIRIGIR VEICULO SEM POSSUIR CNH/PPD/ACC,SP,AUTOMOVEL,PARTICULAR,7,8,2026
6713,MOGI DAS CRUZES,7234-0,"EM MOVIMENTO, DEIXAR DE MANTER ACESA A LUZ BAIXA DURANTE A NOITE",SP,AUTOMOVEL,PARTICULAR,2,8,2026
6477,GUARULHOS,5720-0,TRANSITAR PELA CONTRAMAO DE DIRECAO EM VIA COM DUPLO SENTIDO DE CIRCULACAO,SP,MOTOCICLO,PARTICULAR,1,8,2026
7121,SAO VICENTE,7048-1,"CONDUZIR MOTOCICLETA, MOTONETA E CICLOMOTOR TRANSPORTANDO PASSAGEIRO S/ CAPACETE",SP,MOTONETA,PARTICULAR,1,8,2026
6425,FRANCA,6580-0,CONDUZIR O VEICULO SEM QUALQUER UMA DAS PLACAS DE IDENTIFICACAO,SP,MOTOCICLO,PARTICULAR,1,8,2026
7099,SAO JOSE DOS CAMPOS,5010-0,DIRIGIR VEICULO SEM POSSUIR CNH/PPD/ACC,SP,MOTOCICLO,PARTICULAR,5,8,2026
6921,PRAIA GRANDE,6041-2,EXECUTAR OPERACAO DE CONVERSAO A ESQUERDA EM LOCAL PROIBIDO PELA SINALIZACAO,SP,AUTOMOVEL,PARTICULAR,1,8,2026
6779,OLIMPIA,6726-1,"CONDUZIR O VEICULO EM MAU ESTADO DE CONSERVACAO, COMPROMETENDO A SEGURANCA",SP,MOTOCICLO,PARTICULAR,1,8,2026
6987,ROSEIRA,5452-1,ESTACIONAR NO PASSEIO,SP,AUTOMOVEL,PARTICULAR,4,8,2026
6931,PRESIDENTE VENCESLAU,5207-0,Dirigir sem atencao ou sem os cuidados indispensaveis a seguranca,SP,AUTOMOVEL,PARTICULAR,1,8,2026
6273,CACHOEIRA PAULISTA,7340-0,DIRIGIR O VEIC USANDO CALCADO QUE N SE FIRME NOS PES/COMPROMETA UTILIZ PEDAIS,SP,MOTOCICLO,PARTICULAR,1,8,2026
7095,SAO JOSE DO RIO PARDO,7579-0,"REC SUB TEST, EX CLIN, PERIC OU PROC Q PERM CERT INFL ALC/SUB PSIC FOR ART. 277",SP,AUTOMOVEL,PARTICULAR,2,8,2026
7107,SAO PAULO,6670-0,CONDUZIR O VEICULO C/ EQUIP DO SISTEMA DE ILUMINACAO E DE SINALIZACAO ALTERADOS,SP,AUTOMOVEL,PARTICULAR,3,8,2026
6219,BAURU,6599-2,CONDUZIR O VEICULO REGISTRADO QUE NAO ESTEJA DEVIDAMENTE LICENCIADO,SP,CAMINHONET,PARTICULAR,1,8,2026
6511,INDAIATUBA,5045-0,DIRIGIR VEICULO COM VALIDADE DE CNH/PPD VENCIDA HA MAIS DE 30 DIAS,SP,ONIBUS,PARTICULAR,1,8,2026
6163,ARARAQUARA,6599-2,CONDUZIR O VEICULO REGISTRADO QUE NAO ESTEJA DEVIDAMENTE LICENCIADO,SP,MOTONETA,PARTICULAR,1,8,2026
6867,PINHALZINHO,6653-1,CONDUZIR O VEICULO COM DESCARGA LIVRE,SP,MOTOCICLO,PARTICULAR,1,8,2026
7057,SANTO ANDRE,7633-1,Dirigir veiculo segurando telefone celular,SP,AUTOMOVEL,PARTICULAR,2,8,2026
7129,SERRA AZUL,5185-1,Deixar o condutor de usar o cinto seguranca,SP,AUTOMOVEL,PARTICULAR,2,8,2026
6533,IRAPURU,7749-1,DIRIGIR VEICULO SEM POSSUIR CURSOS ESPECIALIZADOS OBRIGATORIOS,SP,ONIBUS,OFICIAL,1,8,2026
6487,IBATE,7633-2,Dirigir veiculo manuseando telefone celular,SP,AUTOMOVEL,PARTICULAR,2,8,2026
6553,ITAPIRA,5010-0,DIRIGIR VEICULO SEM POSSUIR CNH/PPD/ACC,SP,MOTOCICLO,PARTICULAR,2,8,2026
6969,RIBEIRAO PRETO,6041-2,EXECUTAR OPERACAO DE CONVERSAO A ESQUERDA EM LOCAL PROIBIDO PELA SINALIZACAO,SP,MOTOCICLO,PARTICULAR,1,8,2026
7107,SAO PAULO,7579-0,"REC SUB TEST, EX CLIN, PERIC OU PROC Q PERM CERT INFL ALC/SUB PSIC FOR ART. 277",SP,CAMINHONET,ALUGUEL,1,8,2026
7071,SANTOS,6599-2,CONDUZIR O VEICULO REGISTRADO QUE NAO ESTEJA DEVIDAMENTE LICENCIADO,SP,MOTOCICLO,PARTICULAR,1,8,2026
6357,COSMOPOLIS,6599-2,CONDUZIR O VEICULO REGISTRADO QUE NAO ESTEJA DEVIDAMENTE LICENCIADO,SP,AUTOMOVEL,PARTICULAR,2,8,2026
6795,OURINHOS,5185-1,Deixar o condutor de usar o cinto seguranca,SP,AUTOMOVEL,PARTICULAR,1,8,2026
6477,GUARULHOS,6580-0,CONDUZIR O VEICULO SEM QUALQUER UMA DAS PLACAS DE IDENTIFICACAO,Outras UFs,MOTOCICLO,PARTICULAR,1,8,2026
7259,IARAS,5010-0,DIRIGIR VEICULO SEM POSSUIR CNH/PPD/ACC,SP,CAMIONETA,ALUGUEL,1,8,2026
7121,SAO VICENTE,5061-0,ENTREGAR VEICULO A PESSOA SEM CNH/PPD/ACC,SP,MOTOCICLO,PARTICULAR,2,8,2026
7097,SAO JOSE DO RIO PRETO,6645-0,CONDUZIR O VEICULO COM EQUIP OBRIGATORIO EM DESACORDO COM O ESTAB PELO CONTRAN,SP,MOTOCICLO,PARTICULAR,4,8,2026
6219,BAURU,6599-2,CONDUZIR O VEICULO REGISTRADO QUE NAO ESTEJA DEVIDAMENTE LICENCIADO,SP,MOTOCICLO,PARTICULAR,6,8,2026
7107,SAO PAULO,5800-0,DEIXAR GUARDAR DIST SEGURANCA LAT/FRONT ENTRE SEU VEIC E DEMAIS E AO BORDO PISTA,SP,AUTOMOVEL,PARTICULAR,1,8,2026
6301,CANDIDO MOTA,5010-0,DIRIGIR VEICULO SEM POSSUIR CNH/PPD/ACC,SP,MOTONETA,PARTICULAR,1,8,2026
7107,SAO PAULO,6050-1,AVAN O SIN VERM DO SEMAF EXC SE HOUVER SINALIZ PERM LIVRE CONV A DIR,SP,CAMINHONET,ALUGUEL,1,8,2026
6425,FRANCA,5045-0,DIRIGIR VEICULO COM VALIDADE DE CNH/PPD VENCIDA HA MAIS DE 30 DIAS,SP,MOTOCICLO,PARTICULAR,2,8,2026
6547,ITAPETININGA,7056-1,CONDUZIR MOTOC/MOTON/CICLOMOTOR FAZENDO MALABARISMO/EQUILIBRANDO-SE EM UMA RODA,SP,MOTOCICLO,PARTICULAR,3,8,2026
7107,SAO PAULO,6602-0,CONDUZIR O VEICULO COM QUALQUER UMA DAS PLACAS SEM LEGIBILIDADE E VISIBILIDADE,SP,CAMINHAO,PARTICULAR,3,8,2026
6945,RANCHARIA,6599-2,CONDUZIR O VEICULO REGISTRADO QUE NAO ESTEJA DEVIDAMENTE LICENCIADO,SP,AUTOMOVEL,PARTICULAR,1,8,2026
6481,HERCULANDIA,5010-0,DIRIGIR VEICULO SEM POSSUIR CNH/PPD/ACC,SP,AUTOMOVEL,PARTICULAR,1,8,2026
7089,SAO JOAQUIM DA BARRA,7340-0,DIRIGIR O VEIC USANDO CALCADO QUE N SE FIRME NOS PES/COMPROMETA UTILIZ PEDAIS,SP,CAMINHONET,PARTICULAR,1,8,2026
6377,DIADEMA,7579-0,"REC SUB TEST, EX CLIN, PERIC OU PROC Q PERM CERT INFL ALC/SUB PSIC FOR ART. 277",SP,MOTOCICLO,PARTICULAR,1,8,2026
6681,MARILIA,5185-1,Deixar o condutor de usar o cinto seguranca,SP,CAMINHONET,PARTICULAR,1,8,2026
6219,BAURU,5010-0,DIRIGIR VEICULO SEM POSSUIR CNH/PPD/ACC,SP,AUTOMOVEL,PARTICULAR,1,8,2026
3055,ITAPIRAPUA PAULISTA,6769-0,"CONDUZIR VEIC C/ DEFEITO NO SIST DE ILUMINACAO, SINALIZ OU LAMPADAS QUEIMADAS",SP,MOTOCICLO,PARTICULAR,1,8,2026
7077,SAO CAETANO DO SUL,7633-1,Dirigir veiculo segurando telefone celular,SP,AUTOMOVEL,PARTICULAR,5,8,2026
6969,RIBEIRAO PRETO,6408-0,PORTAR NO VEICULO PLACAS DE IDENTIFICACAO EM DESACORDO C/ ESPECIF/MODELO CONTRAN,SP,MOTOCICLO,PARTICULAR,2,8,2026
7097,SAO JOSE DO RIO PRETO,7579-0,"REC SUB TEST, EX CLIN, PERIC OU PROC Q PERM CERT INFL ALC/SUB PSIC FOR ART. 277",SP,CAMINHONET,PARTICULAR,1,8,2026
6109,AGUAS DE LINDOIA,6599-2,CONDUZIR O VEICULO REGISTRADO QUE NAO ESTEJA DEVIDAMENTE LICENCIADO,SP,AUTOMOVEL,PARTICULAR,1,8,2026
7057,SANTO ANDRE,5185-1,Deixar o condutor de usar o cinto seguranca,SP,CAMINHONET,PARTICULAR,1,8,2026
7107,SAO PAULO,6645-0,CONDUZIR O VEICULO COM EQUIP OBRIGATORIO EM DESACORDO COM O ESTAB PELO CONTRAN,SP,MOTOCICLO,PARTICULAR,3,8,2026
6941,QUINTANA,6530-0,USAR NO VEICULO EQUIP C/ SOM EM VOLUME/FREQUENCIA NAO AUTORIZADOS PELO CONTRAN,SP,AUTOMOVEL,PARTICULAR,1,8,2026
6863,PINDORAMA,5029-2,DIRIGIR VEICULO COM CNH/PPD/ACC COM SUSPENSAO DO DIREITO DE DIRIGIR,SP,AUTOMOVEL,PARTICULAR,1,8,2026
7079,SAO CARLOS,7633-2,Dirigir veiculo manuseando telefone celular,SP,AUTOMOVEL,PARTICULAR,5,8,2026
7107,SAO PAULO,6920-1,"Deixar de efetuar registro do veiculo em 30 dias, qdo for transf a propriedade",SP,TR. RODAS,ALUGUEL,1,8,2026
6143,ANGATUBA,6580-0,CONDUZIR O VEICULO SEM QUALQUER UMA DAS PLACAS DE IDENTIFICACAO,SP,MOTOCICLO,PARTICULAR,1,8,2026
6297,CAMPOS NOVOS PAULISTA,7048-1,"CONDUZIR MOTOCICLETA, MOTONETA E CICLOMOTOR TRANSPORTANDO PASSAGEIRO S/ CAPACETE",Outras UFs,MOTOCICLO,PARTICULAR,1,8,2026
6469,GUARATINGUETA,6599-2,CONDUZIR O VEICULO REGISTRADO QUE NAO ESTEJA DEVIDAMENTE LICENCIADO,SP,AUTOMOVEL,PARTICULAR,6,8,2026
7063,SANTO ANTONIO DO JARDIM,6599-2,CONDUZIR O VEICULO REGISTRADO QUE NAO ESTEJA DEVIDAMENTE LICENCIADO,SP,AUTOMOVEL,PARTICULAR,1,8,2026
6681,MARILIA,6041-2,EXECUTAR OPERACAO DE CONVERSAO A ESQUERDA EM LOCAL PROIBIDO PELA SINALIZACAO,SP,S. REBOQUE,ALUGUEL,1,8,2026
7099,SAO JOSE DOS CAMPOS,7633-2,Dirigir veiculo manuseando telefone celular,SP,AUTOMOVEL,PARTICULAR,7,8,2026
6619,JUNDIAI,5835-0,Desobedecer as ordens emanadas da autorid compet de transito ou de seus agentes,SP,AUTOMOVEL,PARTICULAR,2,8,2026
7047,SANTANA DE PARNAIBA,6530-0,USAR NO VEICULO EQUIP C/ SOM EM VOLUME/FREQUENCIA NAO AUTORIZADOS PELO CONTRAN,SP,AUTOMOVEL,PARTICULAR,1,8,2026
7075,SAO BERNARDO DO CAMPO,7366-2,DIRIGIR VEICULO UTILIZANDO-SE DE TELEFONE CELULAR,SP,AUTOMOVEL,PARTICULAR,3,8,2026
6125,ALVARES MACHADO,5061-0,ENTREGAR VEICULO A PESSOA SEM CNH/PPD/ACC,SP,AUTOMOVEL,PARTICULAR,1,8,2026
7107,SAO PAULO,5185-1,Deixar o condutor de usar o cinto seguranca,SP,CAMINHONET,ALUGUEL,9,8,2026
6897,POA,6653-2,CONDUZIR O VEICULO COM SILENCIADOR DE MOTOR DEFEITUOSO/DEFICIENTE/INOPERANTE,SP,MOTOCICLO,PARTICULAR,2,8,2026
6175,ARTUR NOGUEIRA,6726-1,"CONDUZIR O VEICULO EM MAU ESTADO DE CONSERVACAO, COMPROMETENDO A SEGURANCA",SP,AUTOMOVEL,PARTICULAR,1,8,2026
7107,SAO PAULO,5010-0,DIRIGIR VEICULO SEM POSSUIR CNH/PPD/ACC,SP,CAMINHONET,ALUGUEL,1,8,2026
6569,ITATIBA,5118-0,PERMITIR POSSE/CONDUCAO DO VEICULO A PESSOA SEM CNH/PPD/ACC,SP,MOTOCICLO,PARTICULAR,1,8,2026
6569,ITATIBA,6599-2,CONDUZIR O VEICULO REGISTRADO QUE NAO ESTEJA DEVIDAMENTE LICENCIADO,SP,MOTOCICLO,PARTICULAR,2,8,2026
6229,BIRIGUI,5169-1,DIRIGIR SOB A INFLUENCIA DE ALCOOL,SP,AUTOMOVEL,PARTICULAR,1,8,2026
6819,PARANAPUA,6530-0,USAR NO VEICULO EQUIP C/ SOM EM VOLUME/FREQUENCIA NAO AUTORIZADOS PELO CONTRAN,SP,CAMINHONET,PARTICULAR,1,8,2026
6317,CASA BRANCA,6050-1,AVAN O SIN VERM DO SEMAF EXC SE HOUVER SINALIZ PERM LIVRE CONV A DIR,SP,AUTOMOVEL,PARTICULAR,1,8,2026
7145,SOROCABA,6432-1,TRANSITAR COM FAROL DESREGULADO PERTURBANDO VISAO OUTRO CONDUTOR,SP,CAMINHAO,PARTICULAR,1,8,2026
7149,SUMARE,5738-0,TRANSITAR PELA CONTRAMAO DE DIRECAO EM VIA C/ SINALIZACAO DE REGUL SENTIDO UNICO,SP,MOTOCICLO,PARTICULAR,2,8,2026
7209,UBATUBA,6653-2,CONDUZIR O VEICULO COM SILENCIADOR DE MOTOR DEFEITUOSO/DEFICIENTE/INOPERANTE,SP,MOTOCICLO,PARTICULAR,1,8,2026
7107,SAO PAULO,7579-0,"REC SUB TEST, EX CLIN, PERIC OU PROC Q PERM CERT INFL ALC/SUB PSIC FOR ART. 277",SP,AUTOMOVEL,,1,8,2026
7107,SAO PAULO,5843-2,"Deixar de indicar c/ antec, med gesto de braco/luz indicadora, manobra de parar",SP,CAMIONETA,PARTICULAR,1,8,2026
6259,BROTAS,6050-2,AVANCAR O SINAL DE PARADA OBRIGATORIA,SP,AUTOMOVEL,PARTICULAR,2,8,2026
7107,SAO PAULO,5312-0,"DEIXAR O COND ENVOLVIDO EM ACID, DE REMOVER O VEIC LOCAL QDO DETERM POLIC/AGENTE",SP,AUTOMOVEL,PARTICULAR,1,8,2026
6313,CARAPICUIBA,5185-1,Deixar o condutor de usar o cinto seguranca,SP,CAMIONETA,PARTICULAR,2,8,2026
6361,COTIA,6530-0,USAR NO VEICULO EQUIP C/ SOM EM VOLUME/FREQUENCIA NAO AUTORIZADOS PELO CONTRAN,SP,CAMINHONET,PARTICULAR,1,8,2026
6693,MERIDIANO,6599-2,CONDUZIR O VEICULO REGISTRADO QUE NAO ESTEJA DEVIDAMENTE LICENCIADO,SP,MOTOCICLO,PARTICULAR,1,8,2026
6293,CAMPO LIMPO PAULISTA,6580-0,CONDUZIR O VEICULO SEM QUALQUER UMA DAS PLACAS DE IDENTIFICACAO,SP,MOTOCICLO,PARTICULAR,1,8,2026
7107,SAO PAULO,5967-0,"ULTRAPASSAR PELA CONTRAMAO LINHA DE DIVISAO DE FLUXOS OPOSTOS, CONTINUA AMARELA",SP,UTILITARIO,PARTICULAR,1,8,2026
6643,LINS,5045-0,DIRIGIR VEICULO COM VALIDADE DE CNH/PPD VENCIDA HA MAIS DE 30 DIAS,SP,MOTOCICLO,PARTICULAR,1,8,2026
6291,CAMPINAS,6050-1,AVAN O SIN VERM DO SEMAF EXC SE HOUVER SINALIZ PERM LIVRE CONV A DIR,SP,MOTOCICLO,PARTICULAR,5,8,2026
6131,AMERICANA,7633-2,Dirigir veiculo manuseando telefone celular,SP,CAMIONETA,PARTICULAR,1,8,2026
6969,RIBEIRAO PRETO,5061-0,ENTREGAR VEICULO A PESSOA SEM CNH/PPD/ACC,SP,MOTOCICLO,PARTICULAR,1,8,2026
6711,MOCOCA,5045-0,DIRIGIR VEICULO COM VALIDADE DE CNH/PPD VENCIDA HA MAIS DE 30 DIAS,SP,AUTOMOVEL,PARTICULAR,2,8,2026
7071,SANTOS,7684-2,Cond motoc/moton/ciclom c/ util cap de seg c/ vis/ocul prot des c/ regul Contran,SP,MOTOCICLO,PARTICULAR,5,8,2026
6473,GUARIBA,6599-2,CONDUZIR O VEICULO REGISTRADO QUE NAO ESTEJA DEVIDAMENTE LICENCIADO,SP,CAMINHONET,PARTICULAR,1,8,2026
6313,CARAPICUIBA,7633-2,Dirigir veiculo manuseando telefone celular,SP,CAMIONETA,PARTICULAR,1,8,2026
7107,SAO PAULO,5193-0,Transportar crianca sem observancia das normas de seguranca estabelecidas p/ CTB,SP,AUTOMOVEL,PARTICULAR,9,8,2026
6681,MARILIA,5010-0,DIRIGIR VEICULO SEM POSSUIR CNH/PPD/ACC,SP,MOTOCICLO,PARTICULAR,3,8,2026
6861,PINDAMONHANGABA,6599-2,CONDUZIR O VEICULO REGISTRADO QUE NAO ESTEJA DEVIDAMENTE LICENCIADO,SP,AUTOMOVEL,PARTICULAR,2,8,2026
6251,BRAGANCA PAULISTA,5819-1,"TRANSITAR COM O VEICULO EM CALCADAS, PASSEIOS",SP,MOTOCICLO,PARTICULAR,1,8,2026
6979,RIO CLARO,5274-1,UTILIZ VEIC DEMONST/EXIBIR MANOBRA PERIGOSA MEDIANTE ARRANCADA BRUSCA,SP,MOTOCICLO,PARTICULAR,2,8,2026
7107,SAO PAULO,5843-3,"Deixar de indicar c/ antec, med gesto de braco/luz indicadora, mudanca direcao",SP,UTILITARIO,PARTICULAR,3,8,2026
6377,DIADEMA,5215-1,Dirigir ameacando os pedestres que estejam atravessando a via publica,SP,MOTOCICLO,PARTICULAR,2,8,2026
6413,FERNANDO PRESTES,5037-1,DIRIGIR VEICULO COM CNH DE CATEGORIA DIFERENTE DA DO VEICULO,SP,MOTOCICLO,PARTICULAR,1,8,2026
7121,SAO VICENTE,7340-0,DIRIGIR O VEIC USANDO CALCADO QUE N SE FIRME NOS PES/COMPROMETA UTILIZ PEDAIS,SP,MOTONETA,PARTICULAR,1,8,2026
6301,CANDIDO MOTA,6599-2,CONDUZIR O VEICULO REGISTRADO QUE NAO ESTEJA DEVIDAMENTE LICENCIADO,SP,MOTOCICLO,PARTICULAR,2,8,2026
7075,SAO BERNARDO DO CAMPO,6599-2,CONDUZIR O VEICULO REGISTRADO QUE NAO ESTEJA DEVIDAMENTE LICENCIADO,SP,MOTOCICLO,PARTICULAR,3,8,2026
6563,ITAQUAQUECETUBA,5029-1,Dirigir veiculo com CNH/PPD/ACC cassada,SP,MOTOCICLO,PARTICULAR,1,8,2026
6687,MATAO,7340-0,DIRIGIR O VEIC USANDO CALCADO QUE N SE FIRME NOS PES/COMPROMETA UTILIZ PEDAIS,SP,AUTOMOVEL,PARTICULAR,2,8,2026
6311,CARAGUATATUBA,6637-1,CONDUZIR O VEICULO SEM EQUIPAMENTO OBRIGATORIO,SP,MOTONETA,PARTICULAR,1,8,2026
2993,POTIM,6653-2,CONDUZIR O VEICULO COM SILENCIADOR DE MOTOR DEFEITUOSO/DEFICIENTE/INOPERANTE,SP,MOTOCICLO,PARTICULAR,2,8,2026
6713,MOGI DAS CRUZES,7684-2,Cond motoc/moton/ciclom c/ util cap de seg c/ vis/ocul prot des c/ regul Contran,SP,MOTONETA,PARTICULAR,1,8,2026
7035,SANTA GERTRUDES,6408-0,PORTAR NO VEICULO PLACAS DE IDENTIFICACAO EM DESACORDO C/ ESPECIF/MODELO CONTRAN,SP,MOTOCICLO,PARTICULAR,1,8,2026
7099,SAO JOSE DOS CAMPOS,5061-0,ENTREGAR VEICULO A PESSOA SEM CNH/PPD/ACC,SP,AUTOMOVEL,PARTICULAR,1,8,2026
6703,MIRANDOPOLIS,5541-4,ESTACIONAR EM DESACORDO COM A REGULAMENTACAO - VAGA DE CARGA/DESCARGA,SP,UTILITARIO,PARTICULAR,1,8,2026
6409,FARTURA,6599-2,CONDUZIR O VEICULO REGISTRADO QUE NAO ESTEJA DEVIDAMENTE LICENCIADO,SP,MOTOCICLO,PARTICULAR,1,8,2026
6451,GUAPIACU,6637-1,CONDUZIR O VEICULO SEM EQUIPAMENTO OBRIGATORIO,SP,MOTOCICLO,PARTICULAR,2,8,2026
6221,BEBEDOURO,7030-1,Conduzir motoc/moton/ciclom s/ capacete de seguranca,SP,MOTOCICLO,PARTICULAR,1,8,2026
6219,BAURU,5720-0,TRANSITAR PELA CONTRAMAO DE DIRECAO EM VIA COM DUPLO SENTIDO DE CIRCULACAO,SP,AUTOMOVEL,PARTICULAR,1,8,2026
6477,GUARULHOS,5274-1,UTILIZ VEIC DEMONST/EXIBIR MANOBRA PERIGOSA MEDIANTE ARRANCADA BRUSCA,SP,MOTOCICLO,PARTICULAR,4,8,2026
6377,DIADEMA,7714-2,Cond motoc/moton/ciclom transp pass c/ cap seg c/ vis/oc prot des c/ reg Contran,SP,MOTOCICLO,PARTICULAR,1,8,2026
7107,SAO PAULO,5207-0,Dirigir sem atencao ou sem os cuidados indispensaveis a seguranca,SP,C. TRATOR,ALUGUEL,1,8,2026
6589,JACAREI,6599-2,CONDUZIR O VEICULO REGISTRADO QUE NAO ESTEJA DEVIDAMENTE LICENCIADO,SP,AUTOMOVEL,PARTICULAR,3,8,2026
7095,SAO JOSE DO RIO PARDO,5010-0,DIRIGIR VEICULO SEM POSSUIR CNH/PPD/ACC,SP,AUTOMOVEL,PARTICULAR,2,8,2026
7255,EUCLIDES DA CUNHA PAULISTA,7684-2,Cond motoc/moton/ciclom c/ util cap de seg c/ vis/ocul prot des c/ regul Contran,Outras UFs,MOTOCICLO,PARTICULAR,1,8,2026
6219,BAURU,6599-1,CONDUZIR O VEICULO QUE NAO ESTEJA REGISTRADO,SP,AUTOMOVEL,PARTICULAR,1,8,2026
6587,JABOTICABAL,6530-0,USAR NO VEICULO EQUIP C/ SOM EM VOLUME/FREQUENCIA NAO AUTORIZADOS PELO CONTRAN,SP,CAMINHONET,PARTICULAR,2,8,2026
7107,SAO PAULO,6556-4,CONDUZIR O VEICULO COM A PLACA VIOLADA/FALSIFICADA,SP,CAMINHAO,PARTICULAR,1,8,2026
6205,BARRA BONITA,5010-0,DIRIGIR VEICULO SEM POSSUIR CNH/PPD/ACC,SP,MOTOCICLO,PARTICULAR,3,8,2026
7107,SAO PAULO,7749-2,DIRIGIR VEICULO SEM POSSUIR CURSOS ESPECIFICOS OBRIGATORIOS,Outras UFs,AUTOMOVEL,PARTICULAR,1,8,2026
6559,ITAPUI,7030-1,Conduzir motoc/moton/ciclom s/ capacete de seguranca,SP,MOTOCICLO,PARTICULAR,1,8,2026
6173,ARIRANHA,6408-0,PORTAR NO VEICULO PLACAS DE IDENTIFICACAO EM DESACORDO C/ ESPECIF/MODELO CONTRAN,SP,MOTOCICLO,PARTICULAR,1,8,2026
7107,SAO PAULO,5819-7,TRANSITAR COM O VEICULO EM ACOSTAMENTOS,SP,AUTOMOVEL,PARTICULAR,1,8,2026
7145,SOROCABA,5207-0,Dirigir sem atencao ou sem os cuidados indispensaveis a seguranca,SP,MOTONETA,PARTICULAR,1,8,2026
6555,ITAPOLIS,7684-2,Cond motoc/moton/ciclom c/ util cap de seg c/ vis/ocul prot des c/ regul Contran,SP,MOTOCICLO,PARTICULAR,2,8,2026
6429,FRANCO DA ROCHA,7749-2,DIRIGIR VEICULO SEM POSSUIR CURSOS ESPECIFICOS OBRIGATORIOS,SP,MOTOCICLO,PARTICULAR,1,8,2026
7107,SAO PAULO,5088-1,ENTREGAR VEICULO A PESSOA COM CNH DE CATEGORIA DIFERENTE DA DO VEICULO,SP,CAMINHAO,ALUGUEL,1,8,2026
6313,CARAPICUIBA,5037-1,DIRIGIR VEICULO COM CNH DE CATEGORIA DIFERENTE DA DO VEICULO,SP,MOTOCICLO,PARTICULAR,2,8,2026
7017,SANTA BARBARA DO OESTE,7579-0,"REC SUB TEST, EX CLIN, PERIC OU PROC Q PERM CERT INFL ALC/SUB PSIC FOR ART. 277",SP,AUTOMOVEL,PARTICULAR,4,8,2026
6221,BEBEDOURO,5010-0,DIRIGIR VEICULO SEM POSSUIR CNH/PPD/ACC,SP,MOTOCICLO,PARTICULAR,1,8,2026
6619,JUNDIAI,5185-1,Deixar o condutor de usar o cinto seguranca,SP,CAMIONETA,PARTICULAR,2,8,2026
6563,ITAQUAQUECETUBA,5274-1,UTILIZ VEIC DEMONST/EXIBIR MANOBRA PERIGOSA MEDIANTE ARRANCADA BRUSCA,SP,MOTOCICLO,PARTICULAR,1,8,2026
6715,MOGI-GUACU,7633-2,Dirigir veiculo manuseando telefone celular,SP,CAMINHONET,PARTICULAR,2,8,2026
6377,DIADEMA,5215-2,Dirigir ameacando os demais veiculos,SP,MOTOCICLO,PARTICULAR,3,8,2026
6281,CAIEIRAS,5185-1,Deixar o condutor de usar o cinto seguranca,SP,CAMINHAO,ALUGUEL,1,8,2026
7107,SAO PAULO,6858-0,Transitar com o veiculo com lotacao excedente,SP,CAMINHONET,PARTICULAR,1,8,2026
6209,BARRETOS,5193-0,Transportar crianca sem observancia das normas de seguranca estabelecidas p/ CTB,SP,AUTOMOVEL,PARTICULAR,1,8,2026
6547,ITAPETININGA,5010-0,DIRIGIR VEICULO SEM POSSUIR CNH/PPD/ACC,SP,MOTOCICLO,PARTICULAR,1,8,2026
6159,ARAMINA,5045-0,DIRIGIR VEICULO COM VALIDADE DE CNH/PPD VENCIDA HA MAIS DE 30 DIAS,SP,AUTOMOVEL,PARTICULAR,1,8,2026
7121,SAO VICENTE,6050-1,AVAN O SIN VERM DO SEMAF EXC SE HOUVER SINALIZ PERM LIVRE CONV A DIR,SP,MOTOCICLO,PARTICULAR,2,8,2026
7107,SAO PAULO,6661-0,CONDUZIR O VEICULO COM EQUIPAMENTO OU ACESSORIO PROIBIDO,SP,AUTOMOVEL,PARTICULAR,2,8,2026
7099,SAO JOSE DOS CAMPOS,6408-0,PORTAR NO VEICULO PLACAS DE IDENTIFICACAO EM DESACORDO C/ ESPECIF/MODELO CONTRAN,SP,MOTONETA,PARTICULAR,2,8,2026
7135,SERTAOZINHO,7633-2,Dirigir veiculo manuseando telefone celular,SP,MOTOCICLO,PARTICULAR,1,8,2026
6789,OSASCO,7579-0,"REC SUB TEST, EX CLIN, PERIC OU PROC Q PERM CERT INFL ALC/SUB PSIC FOR ART. 277",SP,CAMINHONET,PARTICULAR,1,8,2026
6259,BROTAS,5835-0,Desobedecer as ordens emanadas da autorid compet de transito ou de seus agentes,SP,AUTOMOVEL,PARTICULAR,1,8,2026
6931,PRESIDENTE VENCESLAU,7340-0,DIRIGIR O VEIC USANDO CALCADO QUE N SE FIRME NOS PES/COMPROMETA UTILIZ PEDAIS,SP,MOTOCICLO,PARTICULAR,1,8,2026
6291,CAMPINAS,6637-1,CONDUZIR O VEICULO SEM EQUIPAMENTO OBRIGATORIO,SP,MOTONETA,PARTICULAR,1,8,2026
7169,TANABI,5061-0,ENTREGAR VEICULO A PESSOA SEM CNH/PPD/ACC,SP,MOTOCICLO,PARTICULAR,1,8,2026
6969,RIBEIRAO PRETO,5118-0,PERMITIR POSSE/CONDUCAO DO VEICULO A PESSOA SEM CNH/PPD/ACC,SP,MOTOCICLO,PARTICULAR,6,8,2026
7107,SAO PAULO,6580-0,CONDUZIR O VEICULO SEM QUALQUER UMA DAS PLACAS DE IDENTIFICACAO,SP,AUTOMOVEL,PARTICULAR,7,8,2026
6249,BOTUCATU,5207-0,Dirigir sem atencao ou sem os cuidados indispensaveis a seguranca,SP,AUTOMOVEL,PARTICULAR,1,8,2026
7245,VOTUPORANGA,6408-0,PORTAR NO VEICULO PLACAS DE IDENTIFICACAO EM DESACORDO C/ ESPECIF/MODELO CONTRAN,SP,MOTOCICLO,PARTICULAR,1,8,2026
6713,MOGI DAS CRUZES,7633-1,Dirigir veiculo segurando telefone celular,SP,AUTOMOVEL,PARTICULAR,1,8,2026
7071,SANTOS,5819-1,"TRANSITAR COM O VEICULO EM CALCADAS, PASSEIOS",SP,MOTOCICLO,PARTICULAR,1,8,2026
6875,PIRACICABA,5797-0,FORCAR PASSAGEM ENTRE VEICS TRANS SENT OPOSTOS NA IMINENCIA REALIZ ULTRAPASSAGEM,SP,AUTOMOVEL,PARTICULAR,1,8,2026
6569,ITATIBA,6599-2,CONDUZIR O VEICULO REGISTRADO QUE NAO ESTEJA DEVIDAMENTE LICENCIADO,SP,UTILITARIO,PARTICULAR,1,8,2026
7107,SAO PAULO,5800-0,DEIXAR GUARDAR DIST SEGURANCA LAT/FRONT ENTRE SEU VEIC E DEMAIS E AO BORDO PISTA,SP,CAMIONETA,PARTICULAR,2,8,2026
6465,GUARARAPES,6530-0,USAR NO VEICULO EQUIP C/ SOM EM VOLUME/FREQUENCIA NAO AUTORIZADOS PELO CONTRAN,SP,CAMINHONET,PARTICULAR,1,8,2026
6875,PIRACICABA,6050-1,AVAN O SIN VERM DO SEMAF EXC SE HOUVER SINALIZ PERM LIVRE CONV A DIR,SP,AUTOMOVEL,PARTICULAR,1,8,2026
6369,CRUZEIRO,5045-0,DIRIGIR VEICULO COM VALIDADE DE CNH/PPD VENCIDA HA MAIS DE 30 DIAS,SP,MOTOCICLO,PARTICULAR,2,8,2026
6827,PATROCINIO PAULISTA,6530-0,USAR NO VEICULO EQUIP C/ SOM EM VOLUME/FREQUENCIA NAO AUTORIZADOS PELO CONTRAN,SP,CAMINHONET,PARTICULAR,1,8,2026
6539,ITAJOBI,5185-1,Deixar o condutor de usar o cinto seguranca,SP,AUTOMOVEL,PARTICULAR,3,8,2026
6451,GUAPIACU,5800-0,DEIXAR GUARDAR DIST SEGURANCA LAT/FRONT ENTRE SEU VEIC E DEMAIS E AO BORDO PISTA,SP,MOTOCICLO,PARTICULAR,1,8,2026
6569,ITATIBA,5274-2,UTILIZ VEIC DEM/EXIBIR MANOB PERIG MED DERRAP/FRENAG C/DESLIZ/ARRAST PNEUS,SP,UTILITARIO,PARTICULAR,1,8,2026
6873,PIRACAIA,5169-1,DIRIGIR SOB A INFLUENCIA DE ALCOOL,SP,AUTOMOVEL,PARTICULAR,1,8,2026
6969,RIBEIRAO PRETO,6653-1,CONDUZIR O VEICULO COM DESCARGA LIVRE,SP,MOTOCICLO,PARTICULAR,4,8,2026
6283,CAIUA,5037-1,DIRIGIR VEICULO COM CNH DE CATEGORIA DIFERENTE DA DO VEICULO,SP,MOTOCICLO,PARTICULAR,1,8,2026
6213,BARUERI,5029-2,DIRIGIR VEICULO COM CNH/PPD/ACC COM SUSPENSAO DO DIREITO DE DIRIGIR,SP,MOTONETA,PARTICULAR,1,8,2026
6929,PRESIDENTE PRUDENTE,6726-1,"CONDUZIR O VEICULO EM MAU ESTADO DE CONSERVACAO, COMPROMETENDO A SEGURANCA",SP,AUTOMOVEL,PARTICULAR,1,8,2026
6209,BARRETOS,7633-2,Dirigir veiculo manuseando telefone celular,Outras UFs,CAMINHAO,PARTICULAR,1,8,2026
6715,MOGI-GUACU,5045-0,DIRIGIR VEICULO COM VALIDADE DE CNH/PPD VENCIDA HA MAIS DE 30 DIAS,SP,MOTOCICLO,PARTICULAR,2,8,2026
7175,TAQUARITINGA,5347-0,"DEIXAR O CONDUTOR ENVOLVIDO EM ACIDENTE S/ VITIMA, DE REMOVER O VEICULO DO LOCAL",SP,AUTOMOVEL,PARTICULAR,1,8,2026
6139,ANALANDIA,5010-0,DIRIGIR VEICULO SEM POSSUIR CNH/PPD/ACC,SP,AUTOMOVEL,PARTICULAR,1,8,2026
6251,BRAGANCA PAULISTA,7633-2,Dirigir veiculo manuseando telefone celular,SP,AUTOMOVEL,PARTICULAR,2,8,2026
6711,MOCOCA,5843-3,"Deixar de indicar c/ antec, med gesto de braco/luz indicadora, mudanca direcao",SP,MOTOCICLO,PARTICULAR,2,8,2026
7107,SAO PAULO,6726-1,"CONDUZIR O VEICULO EM MAU ESTADO DE CONSERVACAO, COMPROMETENDO A SEGURANCA",Outras UFs,AUTOMOVEL,PARTICULAR,1,8,2026
7047,SANTANA DE PARNAIBA,5215-2,Dirigir ameacando os demais veiculos,SP,MOTOCICLO,PARTICULAR,1,8,2026
7221,URUPES,6726-1,"CONDUZIR O VEICULO EM MAU ESTADO DE CONSERVACAO, COMPROMETENDO A SEGURANCA",SP,AUTOMOVEL,PARTICULAR,1,8,2026
6425,FRANCA,5118-0,PERMITIR POSSE/CONDUCAO DO VEICULO A PESSOA SEM CNH/PPD/ACC,SP,CAMINHONET,PARTICULAR,1,8,2026
6469,GUARATINGUETA,6637-1,CONDUZIR O VEICULO SEM EQUIPAMENTO OBRIGATORIO,SP,MOTOCICLO,PARTICULAR,7,8,2026
6425,FRANCA,5010-0,DIRIGIR VEICULO SEM POSSUIR CNH/PPD/ACC,SP,CAMINHONET,PARTICULAR,1,8,2026
2951,HORTOLANDIA,5061-0,ENTREGAR VEICULO A PESSOA SEM CNH/PPD/ACC,SP,MOTOCICLO,PARTICULAR,1,8,2026
7259,IARAS,6050-2,AVANCAR O SINAL DE PARADA OBRIGATORIA,SP,MOTOCICLO,PARTICULAR,1,8,2026
6241,BOM JESUS DOS PERDOES,5738-0,TRANSITAR PELA CONTRAMAO DE DIRECAO EM VIA C/ SINALIZACAO DE REGUL SENTIDO UNICO,SP,AUTOMOVEL,PARTICULAR,1,8,2026
6153,APIAI,6530-0,USAR NO VEICULO EQUIP C/ SOM EM VOLUME/FREQUENCIA NAO AUTORIZADOS PELO CONTRAN,SP,AUTOMOVEL,PARTICULAR,1,8,2026
7145,SOROCABA,7633-2,Dirigir veiculo manuseando telefone celular,SP,MOTONETA,PARTICULAR,1,8,2026
7107,SAO PAULO,5681-0,TRANSITAR NA FAIXA/PISTA DA DIREITA REGUL CIRCULACAO EXCLUSIVA DETERM VEICULO,SP,UTILITARIO,PARTICULAR,2,8,2026
6427,FRANCISCO MORATO,6653-1,CONDUZIR O VEICULO COM DESCARGA LIVRE,SP,MOTOCICLO,PARTICULAR,1,8,2026
6569,ITATIBA,6637-1,CONDUZIR O VEICULO SEM EQUIPAMENTO OBRIGATORIO,SP,MOTOCICLO,PARTICULAR,1,8,2026
6553,ITAPIRA,6726-1,"CONDUZIR O VEICULO EM MAU ESTADO DE CONSERVACAO, COMPROMETENDO A SEGURANCA",SP,MOTONETA,PARTICULAR,1,8,2026
6247,BORBOREMA,6530-0,USAR NO VEICULO EQUIP C/ SOM EM VOLUME/FREQUENCIA NAO AUTORIZADOS PELO CONTRAN,SP,AUTOMOVEL,PARTICULAR,1,8,2026
6213,BARUERI,5185-1,Deixar o condutor de usar o cinto seguranca,SP,ONIBUS,ALUGUEL,1,8,2026
6511,INDAIATUBA,7633-2,Dirigir veiculo manuseando telefone celular,SP,AUTOMOVEL,PARTICULAR,2,8,2026
6553,ITAPIRA,6645-0,CONDUZIR O VEICULO COM EQUIP OBRIGATORIO EM DESACORDO COM O ESTAB PELO CONTRAN,SP,MOTOCICLO,PARTICULAR,1,8,2026
6359,COSMORAMA,6599-2,CONDUZIR O VEICULO REGISTRADO QUE NAO ESTEJA DEVIDAMENTE LICENCIADO,SP,AUTOMOVEL,PARTICULAR,2,8,2026
6477,GUARULHOS,6599-2,CONDUZIR O VEICULO REGISTRADO QUE NAO ESTEJA DEVIDAMENTE LICENCIADO,SP,MOTOCICLO,PARTICULAR,3,8,2026
798,GAVIAO PEIXOTO,6637-2,CONDUZIR O VEICULO COM EQUIPAMENTO OBRIGATORIO INEFICIENTE/INOPERANTE,SP,MOTOCICLO,PARTICULAR,1,8,2026
6521,IPERO,5207-0,Dirigir sem atencao ou sem os cuidados indispensaveis a seguranca,SP,MOTOCICLO,PARTICULAR,1,8,2026
6345,CONCHAL,5010-0,DIRIGIR VEICULO SEM POSSUIR CNH/PPD/ACC,SP,MOTOCICLO,PARTICULAR,2,8,2026
6281,CAIEIRAS,7633-2,Dirigir veiculo manuseando telefone celular,SP,AUTOMOVEL,OFICIAL,1,8,2026
6365,CRISTAIS PAULISTA,7366-2,DIRIGIR VEICULO UTILIZANDO-SE DE TELEFONE CELULAR,SP,CAMINHONET,PARTICULAR,1,8,2026
6377,DIADEMA,7714-1,Cond motoc/moton/ciclom transp pass c/ cap de seg s/ vis/ocul de protecao,SP,MOTOCICLO,PARTICULAR,1,8,2026
6337,CHAVANTES,5118-0,PERMITIR POSSE/CONDUCAO DO VEICULO A PESSOA SEM CNH/PPD/ACC,SP,MOTOCICLO,PARTICULAR,1,8,2026
7257,GUATAPARA,5118-0,PERMITIR POSSE/CONDUCAO DO VEICULO A PESSOA SEM CNH/PPD/ACC,SP,MOTONETA,PARTICULAR,1,8,2026
6493,IBITINGA,6025-0,"EXECUTAR RETORNO NAS INTERSECOES, ENTRANDO NA CONTRAMAO DA VIA TRANSVERSAL",SP,MOTOCICLO,PARTICULAR,2,8,2026
6739,MORRO AGUDO,7579-0,"REC SUB TEST, EX CLIN, PERIC OU PROC Q PERM CERT INFL ALC/SUB PSIC FOR ART. 277",SP,AUTOMOVEL,PARTICULAR,1,8,2026
7107,SAO PAULO,5738-0,TRANSITAR PELA CONTRAMAO DE DIRECAO EM VIA C/ SINALIZACAO DE REGUL SENTIDO UNICO,SP,AUTOMOVEL,ALUGUEL,2,8,2026
6549,ITAPEVA,5967-0,"ULTRAPASSAR PELA CONTRAMAO LINHA DE DIVISAO DE FLUXOS OPOSTOS, CONTINUA AMARELA",SP,MOTOCICLO,PARTICULAR,1,8,2026
7107,SAO PAULO,5070-1,ENTREGAR VEICULO A PESSOA COM CNH/PPD/ACC CASSADA,SP,AUTOMOVEL,PARTICULAR,2,8,2026
6215,BASTOS,7684-2,Cond motoc/moton/ciclom c/ util cap de seg c/ vis/ocul prot des c/ regul Contran,SP,MOTOCICLO,PARTICULAR,1,8,2026
6429,FRANCO DA ROCHA,5266-3,PARTICIPAR COMO CONDUTOR EXIB/DEMONST PERICIA EM MANOBRA DE VEIC S/ PERMISSAO,SP,MOTOCICLO,PARTICULAR,1,8,2026
7113,SAO ROQUE,6050-3,AVAN O SIN VERM DO SEMAF EXC SE HOUVER SINALIZ PERM LIVRE CONV A DIR -FISC ELETR,SP,MOTOCICLO,PARTICULAR,1,8,2026
7107,SAO PAULO,7765-0,FUGIR O CONDUTOR A ACAO POLICIAL,SP,AUTOMOVEL,PARTICULAR,2,8,2026
6125,ALVARES MACHADO,5045-0,DIRIGIR VEICULO COM VALIDADE DE CNH/PPD VENCIDA HA MAIS DE 30 DIAS,SP,MOTOCICLO,PARTICULAR,1,8,2026
6231,BIRITIBA-MIRIM,6599-2,CONDUZIR O VEICULO REGISTRADO QUE NAO ESTEJA DEVIDAMENTE LICENCIADO,SP,AUTOMOVEL,PARTICULAR,2,8,2026
6295,CAMPOS DO JORDAO,6769-0,"CONDUZIR VEIC C/ DEFEITO NO SIST DE ILUMINACAO, SINALIZ OU LAMPADAS QUEIMADAS",SP,MOTOCICLO,PARTICULAR,1,8,2026
6163,ARARAQUARA,7633-2,Dirigir veiculo manuseando telefone celular,SP,CAMINHONET,PARTICULAR,1,8,2026
6281,CAIEIRAS,7633-2,Dirigir veiculo manuseando telefone celular,SP,AUTOMOVEL,PARTICULAR,1,8,2026
7007,SALTO DE PIRAPORA,7340-0,DIRIGIR O VEIC USANDO CALCADO QUE N SE FIRME NOS PES/COMPROMETA UTILIZ PEDAIS,SP,AUTOMOVEL,PARTICULAR,1,8,2026
7121,SAO VICENTE,7340-0,DIRIGIR O VEIC USANDO CALCADO QUE N SE FIRME NOS PES/COMPROMETA UTILIZ PEDAIS,SP,AUTOMOVEL,PARTICULAR,1,8,2026
6209,BARRETOS,5738-0,TRANSITAR PELA CONTRAMAO DE DIRECAO EM VIA C/ SINALIZACAO DE REGUL SENTIDO UNICO,SP,MOTONETA,PARTICULAR,2,8,2026
7107,SAO PAULO,6602-0,CONDUZIR O VEICULO COM QUALQUER UMA DAS PLACAS SEM LEGIBILIDADE E VISIBILIDADE,SP,UTILITARIO,PARTICULAR,1,8,2026
7207,TURMALINA,6599-2,CONDUZIR O VEICULO REGISTRADO QUE NAO ESTEJA DEVIDAMENTE LICENCIADO,SP,AUTOMOVEL,PARTICULAR,1,8,2026
7099,SAO JOSE DOS CAMPOS,6726-1,"CONDUZIR O VEICULO EM MAU ESTADO DE CONSERVACAO, COMPROMETENDO A SEGURANCA",SP,MOTONETA,PARTICULAR,1,8,2026
7107,SAO PAULO,5070-1,ENTREGAR VEICULO A PESSOA COM CNH/PPD/ACC CASSADA,SP,CAMINHONET,PARTICULAR,1,8,2026
6163,ARARAQUARA,7684-2,Cond motoc/moton/ciclom c/ util cap de seg c/ vis/ocul prot des c/ regul Contran,SP,MOTONETA,PARTICULAR,1,8,2026
7095,SAO JOSE DO RIO PARDO,5118-0,PERMITIR POSSE/CONDUCAO DO VEICULO A PESSOA SEM CNH/PPD/ACC,SP,AUTOMOVEL,PARTICULAR,2,8,2026
6635,LEME,6726-1,"CONDUZIR O VEICULO EM MAU ESTADO DE CONSERVACAO, COMPROMETENDO A SEGURANCA",SP,MOTOCICLO,PARTICULAR,2,8,2026
7083,SAO JOAO DA BOA VISTA,5797-0,FORCAR PASSAGEM ENTRE VEICS TRANS SENT OPOSTOS NA IMINENCIA REALIZ ULTRAPASSAGEM,SP,MOTOCICLO,PARTICULAR,1,8,2026
6411,FERNANDOPOLIS,6599-2,CONDUZIR O VEICULO REGISTRADO QUE NAO ESTEJA DEVIDAMENTE LICENCIADO,SP,MOTOCICLO,PARTICULAR,1,8,2026
6131,AMERICANA,7633-2,Dirigir veiculo manuseando telefone celular,SP,CAMINHONET,PARTICULAR,4,8,2026
6291,CAMPINAS,6050-1,AVAN O SIN VERM DO SEMAF EXC SE HOUVER SINALIZ PERM LIVRE CONV A DIR,SP,AUTOMOVEL,PARTICULAR,1,8,2026
6547,ITAPETININGA,5185-1,Deixar o condutor de usar o cinto seguranca,SP,AUTOMOVEL,PARTICULAR,2,8,2026
6715,MOGI-GUACU,5274-1,UTILIZ VEIC DEMONST/EXIBIR MANOBRA PERIGOSA MEDIANTE ARRANCADA BRUSCA,SP,CAMINHONET,PARTICULAR,1,8,2026
7083,SAO JOAO DA BOA VISTA,6637-1,CONDUZIR O VEICULO SEM EQUIPAMENTO OBRIGATORIO,SP,MOTONETA,PARTICULAR,1,8,2026
6645,LORENA,7340-0,DIRIGIR O VEIC USANDO CALCADO QUE N SE FIRME NOS PES/COMPROMETA UTILIZ PEDAIS,SP,MOTOCICLO,PARTICULAR,1,8,2026
6445,GUAICARA,5274-1,UTILIZ VEIC DEMONST/EXIBIR MANOBRA PERIGOSA MEDIANTE ARRANCADA BRUSCA,SP,AUTOMOVEL,PARTICULAR,1,8,2026
6387,DOURADO,6653-2,CONDUZIR O VEICULO COM SILENCIADOR DE MOTOR DEFEITUOSO/DEFICIENTE/INOPERANTE,SP,MOTOCICLO,PARTICULAR,1,8,2026
6715,MOGI-GUACU,7684-2,Cond motoc/moton/ciclom c/ util cap de seg c/ vis/ocul prot des c/ regul Contran,SP,MOTOCICLO,PARTICULAR,2,8,2026
6901,POMPEIA,6653-2,CONDUZIR O VEICULO COM SILENCIADOR DE MOTOR DEFEITUOSO/DEFICIENTE/INOPERANTE,SP,MOTOCICLO,PARTICULAR,1,8,2026
6401,EMBU DAS ARTES,7056-2,CONDUZIR CICLO FAZENDO MALABARISMO OU EQUILIBRANDO-SE EM UMA RODA,SP,MOTOCICLO,PARTICULAR,1,8,2026
7107,SAO PAULO,5690-0,TRANSITAR NA FAIXA/PISTA DA ESQUERDA REGUL CIRCULACAO EXCLUSIVA DETERM VEICULO,SP,MOTOCICLO,PARTICULAR,1,8,2026
6165,ARARAS,7099-1,CONDUZIR MOTOCICLETA/MOTONETA/CICLOMOTOR SEM SEGURAR O GUIDOM COM AMBAS AS MAOS,SP,MOTOCICLO,PARTICULAR,1,8,2026
6361,COTIA,6408-0,PORTAR NO VEICULO PLACAS DE IDENTIFICACAO EM DESACORDO C/ ESPECIF/MODELO CONTRAN,SP,MOTOCICLO,PARTICULAR,1,8,2026
7013,SANTA ADELIA,6726-1,"CONDUZIR O VEICULO EM MAU ESTADO DE CONSERVACAO, COMPROMETENDO A SEGURANCA",SP,AUTOMOVEL,PARTICULAR,1,8,2026
6713,MOGI DAS CRUZES,6653-2,CONDUZIR O VEICULO COM SILENCIADOR DE MOTOR DEFEITUOSO/DEFICIENTE/INOPERANTE,SP,AUTOMOVEL,PARTICULAR,1,8,2026
6321,CASTILHO,6530-0,USAR NO VEICULO EQUIP C/ SOM EM VOLUME/FREQUENCIA NAO AUTORIZADOS PELO CONTRAN,SP,CAMINHONET,PARTICULAR,1,8,2026
6987,ROSEIRA,5452-1,ESTACIONAR NO PASSEIO,SP,MOTOCICLO,PARTICULAR,1,8,2026
6143,ANGATUBA,7048-1,"CONDUZIR MOTOCICLETA, MOTONETA E CICLOMOTOR TRANSPORTANDO PASSAGEIRO S/ CAPACETE",SP,MOTOCICLO,PARTICULAR,1,8,2026
6581,ITUPEVA,6653-1,CONDUZIR O VEICULO COM DESCARGA LIVRE,SP,MOTOCICLO,PARTICULAR,1,8,2026
6435,GARCA,7684-2,Cond motoc/moton/ciclom c/ util cap de seg c/ vis/ocul prot des c/ regul Contran,SP,MOTOCICLO,PARTICULAR,1,8,2026
6927,PRESIDENTE EPITACIO,6599-2,CONDUZIR O VEICULO REGISTRADO QUE NAO ESTEJA DEVIDAMENTE LICENCIADO,SP,MOTOCICLO,PARTICULAR,2,8,2026
6639,LIMEIRA,6726-1,"CONDUZIR O VEICULO EM MAU ESTADO DE CONSERVACAO, COMPROMETENDO A SEGURANCA",SP,MOTOCICLO,PARTICULAR,2,8,2026
6251,BRAGANCA PAULISTA,7056-1,CONDUZIR MOTOC/MOTON/CICLOMOTOR FAZENDO MALABARISMO/EQUILIBRANDO-SE EM UMA RODA,SP,MOTOCICLO,PARTICULAR,1,8,2026
7107,SAO PAULO,7633-2,Dirigir veiculo manuseando telefone celular,SP,UTILITARIO,ALUGUEL,1,8,2026
7107,SAO PAULO,5045-0,DIRIGIR VEICULO COM VALIDADE DE CNH/PPD VENCIDA HA MAIS DE 30 DIAS,Outras UFs,CAMINHONET,ALUGUEL,1,8,2026
6875,PIRACICABA,7633-2,Dirigir veiculo manuseando telefone celular,SP,MOTOCICLO,PARTICULAR,1,8,2026
7007,SALTO DE PIRAPORA,5185-1,Deixar o condutor de usar o cinto seguranca,SP,AUTOMOVEL,PARTICULAR,3,8,2026
6503,IGARAPAVA,5274-1,UTILIZ VEIC DEMONST/EXIBIR MANOBRA PERIGOSA MEDIANTE ARRANCADA BRUSCA,SP,AUTOMOVEL,PARTICULAR,1,8,2026
6671,MAIRIPORA,5185-2,Deixar o passageiro de usar o cinto seguranca,SP,AUTOMOVEL,PARTICULAR,1,8,2026
6603,JARDINOPOLIS,7684-2,Cond motoc/moton/ciclom c/ util cap de seg c/ vis/ocul prot des c/ regul Contran,SP,MOTONETA,PARTICULAR,1,8,2026
6209,BARRETOS,6637-1,CONDUZIR O VEICULO SEM EQUIPAMENTO OBRIGATORIO,SP,AUTOMOVEL,PARTICULAR,1,8,2026
6469,GUARATINGUETA,6599-2,CONDUZIR O VEICULO REGISTRADO QUE NAO ESTEJA DEVIDAMENTE LICENCIADO,SP,MOTONETA,PARTICULAR,2,8,2026
6477,GUARULHOS,5991-0,EXECUTAR OPERACAO DE RETORNO EM LOCAIS PROIBIDOS PELA SINALIZACAO,SP,MOTOCICLO,PARTICULAR,1,8,2026
7107,SAO PAULO,5681-0,TRANSITAR NA FAIXA/PISTA DA DIREITA REGUL CIRCULACAO EXCLUSIVA DETERM VEICULO,Outras UFs,CAMIONETA,PARTICULAR,1,8,2026
7033,SANTA FE DO SUL,6599-2,CONDUZIR O VEICULO REGISTRADO QUE NAO ESTEJA DEVIDAMENTE LICENCIADO,SP,MOTONETA,PARTICULAR,1,8,2026
7145,SOROCABA,6530-0,USAR NO VEICULO EQUIP C/ SOM EM VOLUME/FREQUENCIA NAO AUTORIZADOS PELO CONTRAN,SP,CAMINHONET,PARTICULAR,1,8,2026
6539,ITAJOBI,6530-0,USAR NO VEICULO EQUIP C/ SOM EM VOLUME/FREQUENCIA NAO AUTORIZADOS PELO CONTRAN,SP,CAMINHONET,PARTICULAR,1,8,2026
7223,VALENTIM GENTIL,7030-1,Conduzir motoc/moton/ciclom s/ capacete de seguranca,SP,MOTONETA,PARTICULAR,1,8,2026
2949,ENGENHEIRO COELHO,6726-1,"CONDUZIR O VEICULO EM MAU ESTADO DE CONSERVACAO, COMPROMETENDO A SEGURANCA",SP,MOTOCICLO,PARTICULAR,1,8,2026
6875,PIRACICABA,6769-0,"CONDUZIR VEIC C/ DEFEITO NO SIST DE ILUMINACAO, SINALIZ OU LAMPADAS QUEIMADAS",SP,MOTOCICLO,PARTICULAR,1,8,2026
6293,CAMPO LIMPO PAULISTA,5835-0,Desobedecer as ordens emanadas da autorid compet de transito ou de seus agentes,SP,MOTOCICLO,PARTICULAR,1,8,2026
7157,TABOAO DA SERRA,5061-0,ENTREGAR VEICULO A PESSOA SEM CNH/PPD/ACC,SP,AUTOMOVEL,PARTICULAR,1,8,2026
7107,SAO PAULO,5070-1,ENTREGAR VEICULO A PESSOA COM CNH/PPD/ACC CASSADA,SP,CAMIONETA,PARTICULAR,1,8,2026
7175,TAQUARITINGA,6637-2,CONDUZIR O VEICULO COM EQUIPAMENTO OBRIGATORIO INEFICIENTE/INOPERANTE,SP,MOTOCICLO,PARTICULAR,1,8,2026
7107,SAO PAULO,6637-2,CONDUZIR O VEICULO COM EQUIPAMENTO OBRIGATORIO INEFICIENTE/INOPERANTE,SP,CAMINHONET,PARTICULAR,6,8,2026
6553,ITAPIRA,5045-0,DIRIGIR VEICULO COM VALIDADE DE CNH/PPD VENCIDA HA MAIS DE 30 DIAS,SP,MOTOCICLO,PARTICULAR,1,8,2026
6249,BOTUCATU,6050-2,AVANCAR O SINAL DE PARADA OBRIGATORIA,SP,AUTOMOVEL,PARTICULAR,1,8,2026
6569,ITATIBA,7315-0,DIRIGIR O VEICULO COM O BRACO DO LADO DE FORA,SP,UTILITARIO,PARTICULAR,1,8,2026
6239,BOITUVA,5185-1,Deixar o condutor de usar o cinto seguranca,SP,AUTOMOVEL,PARTICULAR,1,8,2026
7169,TANABI,5010-0,DIRIGIR VEICULO SEM POSSUIR CNH/PPD/ACC,SP,MOTOCICLO,PARTICULAR,1,8,2026
6213,BARUERI,5096-0,ENTREGAR VEICULO A PESSOA COM CNH/PPD VENCIDA HA MAIS DE 30 DIAS,SP,MOTONETA,PARTICULAR,1,8,2026
6697,MINEIROS DO TIETE,5193-0,Transportar crianca sem observancia das normas de seguranca estabelecidas p/ CTB,SP,AUTOMOVEL,PARTICULAR,1,8,2026
6553,ITAPIRA,6530-0,USAR NO VEICULO EQUIP C/ SOM EM VOLUME/FREQUENCIA NAO AUTORIZADOS PELO CONTRAN,SP,CAMINHONET,PARTICULAR,1,8,2026
6931,PRESIDENTE VENCESLAU,7340-0,DIRIGIR O VEIC USANDO CALCADO QUE N SE FIRME NOS PES/COMPROMETA UTILIZ PEDAIS,SP,MOTONETA,PARTICULAR,1,8,2026
7173,TAPIRATIBA,7633-2,Dirigir veiculo manuseando telefone celular,SP,AUTOMOVEL,PARTICULAR,1,8,2026
6291,CAMPINAS,7579-0,"REC SUB TEST, EX CLIN, PERIC OU PROC Q PERM CERT INFL ALC/SUB PSIC FOR ART. 277",SP,CAMINHONET,PARTICULAR,2,8,2026
6439,GENERAL SALGADO,5118-0,PERMITIR POSSE/CONDUCAO DO VEICULO A PESSOA SEM CNH/PPD/ACC,SP,AUTOMOVEL,PARTICULAR,1,8,2026
6699,MIRACATU,6653-1,CONDUZIR O VEICULO COM DESCARGA LIVRE,SP,MOTOCICLO,PARTICULAR,1,8,2026
6999,SALES OLIVEIRA,7633-2,Dirigir veiculo manuseando telefone celular,SP,AUTOMOVEL,PARTICULAR,1,8,2026
6641,LINDOIA,6726-1,"CONDUZIR O VEICULO EM MAU ESTADO DE CONSERVACAO, COMPROMETENDO A SEGURANCA",SP,MOTOCICLO,PARTICULAR,1,8,2026
7267,TARUMA,6602-0,CONDUZIR O VEICULO COM QUALQUER UMA DAS PLACAS SEM LEGIBILIDADE E VISIBILIDADE,SP,MOTOCICLO,PARTICULAR,1,8,2026
6477,GUARULHOS,6599-2,CONDUZIR O VEICULO REGISTRADO QUE NAO ESTEJA DEVIDAMENTE LICENCIADO,Outras UFs,MOTOCICLO,PARTICULAR,1,8,2026
7225,VALINHOS,7579-0,"REC SUB TEST, EX CLIN, PERIC OU PROC Q PERM CERT INFL ALC/SUB PSIC FOR ART. 277",SP,AUTOMOVEL,PARTICULAR,1,8,2026
7013,SANTA ADELIA,5010-0,DIRIGIR VEICULO SEM POSSUIR CNH/PPD/ACC,SP,AUTOMOVEL,PARTICULAR,1,8,2026
6645,LORENA,6599-2,CONDUZIR O VEICULO REGISTRADO QUE NAO ESTEJA DEVIDAMENTE LICENCIADO,SP,MOTOCICLO,PARTICULAR,1,8,2026
6153,APIAI,6530-0,USAR NO VEICULO EQUIP C/ SOM EM VOLUME/FREQUENCIA NAO AUTORIZADOS PELO CONTRAN,SP,CAMINHONET,PARTICULAR,1,8,2026
7107,SAO PAULO,6050-1,AVAN O SIN VERM DO SEMAF EXC SE HOUVER SINALIZ PERM LIVRE CONV A DIR,SP,S. REBOQUE,ALUGUEL,1,8,2026
7047,SANTANA DE PARNAIBA,5797-0,FORCAR PASSAGEM ENTRE VEICS TRANS SENT OPOSTOS NA IMINENCIA REALIZ ULTRAPASSAGEM,SP,MOTOCICLO,PARTICULAR,2,8,2026
6715,MOGI-GUACU,6637-1,CONDUZIR O VEICULO SEM EQUIPAMENTO OBRIGATORIO,SP,MOTOCICLO,PARTICULAR,2,8,2026
6713,MOGI DAS CRUZES,5819-6,TRANSITAR COM O VEICULO EM MARCAS DE CANALIZACAO,SP,MOTOCICLO,PARTICULAR,1,8,2026
6607,JAU,6602-0,CONDUZIR O VEICULO COM QUALQUER UMA DAS PLACAS SEM LEGIBILIDADE E VISIBILIDADE,SP,MOTOCICLO,PARTICULAR,1,8,2026
6619,JUNDIAI,5738-0,TRANSITAR PELA CONTRAMAO DE DIRECAO EM VIA C/ SINALIZACAO DE REGUL SENTIDO UNICO,Outras UFs,AUTOMOVEL,PARTICULAR,1,8,2026
6489,IBIRA,6599-2,CONDUZIR O VEICULO REGISTRADO QUE NAO ESTEJA DEVIDAMENTE LICENCIADO,SP,MOTOCICLO,PARTICULAR,1,8,2026
6825,PARIQUERA-ACU,5568-0,ESTACIONAR LOCAL/HORARIO DE ESTACIONAMENTO E PARADA PROIBIDOS PELA SINALIZACAO,SP,AUTOMOVEL,PARTICULAR,2,8,2026
6209,BARRETOS,6122-0,DEIXAR DE DAR PREFERENCIA A PEDESTRE/VEIC N MOTORIZADO NA FAIXA A ELE DESTINADA,SP,UTILITARIO,PARTICULAR,1,8,2026
6311,CARAGUATATUBA,7056-1,CONDUZIR MOTOC/MOTON/CICLOMOTOR FAZENDO MALABARISMO/EQUILIBRANDO-SE EM UMA RODA,SP,MOTOCICLO,PARTICULAR,1,8,2026
6715,MOGI-GUACU,6726-1,"CONDUZIR O VEICULO EM MAU ESTADO DE CONSERVACAO, COMPROMETENDO A SEGURANCA",SP,CAMINHONET,PARTICULAR,1,8,2026
6969,RIBEIRAO PRETO,7340-0,DIRIGIR O VEIC USANDO CALCADO QUE N SE FIRME NOS PES/COMPROMETA UTILIZ PEDAIS,SP,AUTOMOVEL,PARTICULAR,1,8,2026
7071,SANTOS,7544-1,Falta de escrituracao livro registro entrada/saida e de uso placa de experiencia,SP,MOTOCICLO,PARTICULAR,1,8,2026
6333,CESARIO LANGE,5045-0,DIRIGIR VEICULO COM VALIDADE DE CNH/PPD VENCIDA HA MAIS DE 30 DIAS,SP,MOTOCICLO,PARTICULAR,1,8,2026
6503,IGARAPAVA,5274-1,UTILIZ VEIC DEMONST/EXIBIR MANOBRA PERIGOSA MEDIANTE ARRANCADA BRUSCA,Outras UFs,MOTOCICLO,PARTICULAR,1,8,2026
6131,AMERICANA,7358-0,"DIRIGIR O VEICULO COM APENAS UMA DAS MAOS, EXCETO QUANDO PERMITIDO PELO CTB",SP,AUTOMOVEL,PARTICULAR,1,8,2026
6323,CATANDUVA,7340-0,DIRIGIR O VEIC USANDO CALCADO QUE N SE FIRME NOS PES/COMPROMETA UTILIZ PEDAIS,SP,AUTOMOVEL,PARTICULAR,1,8,2026
6221,BEBEDOURO,7579-0,"REC SUB TEST, EX CLIN, PERIC OU PROC Q PERM CERT INFL ALC/SUB PSIC FOR ART. 277",SP,MOTOCICLO,PARTICULAR,1,8,2026
7107,SAO PAULO,6483-0,USAR BUZINA QUE NAO A DE TOQUE BREVE COMO ADVERTENCIA A PEDESTRE OU CONDUTORES,SP,CAMINHONET,ALUGUEL,1,8,2026
7107,SAO PAULO,6050-1,AVAN O SIN VERM DO SEMAF EXC SE HOUVER SINALIZ PERM LIVRE CONV A DIR,Outras UFs,MOTOCICLO,PARTICULAR,3,8,2026
6285,CAJAMAR,5029-2,DIRIGIR VEICULO COM CNH/PPD/ACC COM SUSPENSAO DO DIREITO DE DIRIGIR,SP,AUTOMOVEL,PARTICULAR,1,8,2026
7107,SAO PAULO,7293-0,"UTILIZAR O PISCA-ALERTA, EXCETO EM IMOBILIZACOES OU SITUACOES DE EMERGENCIA",SP,CAMINHONET,PARTICULAR,2,8,2026
6369,CRUZEIRO,6530-0,USAR NO VEICULO EQUIP C/ SOM EM VOLUME/FREQUENCIA NAO AUTORIZADOS PELO CONTRAN,SP,AUTOMOVEL,PARTICULAR,2,8,2026
6843,PEDREIRA,6726-1,"CONDUZIR O VEICULO EM MAU ESTADO DE CONSERVACAO, COMPROMETENDO A SEGURANCA",SP,MOTOCICLO,PARTICULAR,2,8,2026
7209,UBATUBA,7684-2,Cond motoc/moton/ciclom c/ util cap de seg c/ vis/ocul prot des c/ regul Contran,SP,MOTOCICLO,PARTICULAR,1,8,2026
7039,SANTA LUCIA,7579-0,"REC SUB TEST, EX CLIN, PERIC OU PROC Q PERM CERT INFL ALC/SUB PSIC FOR ART. 277",SP,AUTOMOVEL,PARTICULAR,1,8,2026
6547,ITAPETININGA,5800-0,DEIXAR GUARDAR DIST SEGURANCA LAT/FRONT ENTRE SEU VEIC E DEMAIS E AO BORDO PISTA,SP,MOTOCICLO,PARTICULAR,1,8,2026
6547,ITAPETININGA,7030-1,Conduzir motoc/moton/ciclom s/ capacete de seguranca,SP,MOTOCICLO,PARTICULAR,1,8,2026
6503,IGARAPAVA,5266-2,PARTICIPAR NA VIA COMO CONDUTOR EM EVENTOS ORGANIZADOS SEM PERMISSAO,Outras UFs,AUTOMOVEL,PARTICULAR,1,8,2026
6293,CAMPO LIMPO PAULISTA,6050-1,AVAN O SIN VERM DO SEMAF EXC SE HOUVER SINALIZ PERM LIVRE CONV A DIR,SP,CAMINHONET,PARTICULAR,1,8,2026
7151,SUZANO,6602-0,CONDUZIR O VEICULO COM QUALQUER UMA DAS PLACAS SEM LEGIBILIDADE E VISIBILIDADE,SP,S. REBOQUE,ALUGUEL,1,8,2026
6373,CUNHA,6637-1,CONDUZIR O VEICULO SEM EQUIPAMENTO OBRIGATORIO,SP,MOTOCICLO,PARTICULAR,1,8,2026
6521,IPERO,5010-0,DIRIGIR VEICULO SEM POSSUIR CNH/PPD/ACC,SP,MOTOCICLO,PARTICULAR,1,8,2026
7099,SAO JOSE DOS CAMPOS,7099-1,CONDUZIR MOTOCICLETA/MOTONETA/CICLOMOTOR SEM SEGURAR O GUIDOM COM AMBAS AS MAOS,SP,MOTOCICLO,PARTICULAR,1,8,2026
7107,SAO PAULO,5819-7,TRANSITAR COM O VEICULO EM ACOSTAMENTOS,Outras UFs,CAMINHONET,ALUGUEL,1,8,2026
6163,ARARAQUARA,7633-2,Dirigir veiculo manuseando telefone celular,SP,CAMIONETA,PARTICULAR,1,8,2026
6209,BARRETOS,7633-1,Dirigir veiculo segurando telefone celular,SP,AUTOMOVEL,PARTICULAR,1,8,2026
6891,PITANGUEIRAS,6653-1,CONDUZIR O VEICULO COM DESCARGA LIVRE,SP,MOTOCICLO,PARTICULAR,1,8,2026
6915,PORTO FERREIRA,7684-2,Cond motoc/moton/ciclom c/ util cap de seg c/ vis/ocul prot des c/ regul Contran,SP,MOTOCICLO,PARTICULAR,3,8,2026
7117,SAO SEBASTIAO DA GRAMA,5010-0,DIRIGIR VEICULO SEM POSSUIR CNH/PPD/ACC,SP,AUTOMOVEL,PARTICULAR,1,8,2026
6475,GUARUJA,7684-2,Cond motoc/moton/ciclom c/ util cap de seg c/ vis/ocul prot des c/ regul Contran,SP,CICLOMOTO,PARTICULAR,1,8,2026
6639,LIMEIRA,6050-1,AVAN O SIN VERM DO SEMAF EXC SE HOUVER SINALIZ PERM LIVRE CONV A DIR,SP,AUTOMOVEL,PARTICULAR,2,8,2026
6569,ITATIBA,5185-1,Deixar o condutor de usar o cinto seguranca,SP,AUTOMOVEL,PARTICULAR,1,8,2026
7177,TAQUARITUBA,7714-2,Cond motoc/moton/ciclom transp pass c/ cap seg c/ vis/oc prot des c/ reg Contran,SP,MOTOCICLO,PARTICULAR,1,8,2026
6191,BADY BASSITT,7358-0,"DIRIGIR O VEICULO COM APENAS UMA DAS MAOS, EXCETO QUANDO PERMITIDO PELO CTB",Outras UFs,MOTONETA,PARTICULAR,1,8,2026
6509,ILHABELA,7340-0,DIRIGIR O VEIC USANDO CALCADO QUE N SE FIRME NOS PES/COMPROMETA UTILIZ PEDAIS,SP,MOTOCICLO,PARTICULAR,1,8,2026
7107,SAO PAULO,5037-2,DIRIGIR VEICULO COM PPD DE CATEGORIA DIFERENTE DA DO VEICULO,SP,MOTOCICLO,PARTICULAR,1,8,2026
7109,SAO PEDRO,6653-1,CONDUZIR O VEICULO COM DESCARGA LIVRE,SP,MOTOCICLO,PARTICULAR,2,8,2026
6225,BERNARDINO DE CAMPOS,6637-1,CONDUZIR O VEICULO SEM EQUIPAMENTO OBRIGATORIO,SP,MOTOCICLO,PARTICULAR,1,8,2026
6435,GARCA,7579-0,"REC SUB TEST, EX CLIN, PERIC OU PROC Q PERM CERT INFL ALC/SUB PSIC FOR ART. 277",SP,MOTONETA,PARTICULAR,1,8,2026
7145,SOROCABA,6050-2,AVANCAR O SINAL DE PARADA OBRIGATORIA,SP,MOTOCICLO,PARTICULAR,1,8,2026
6259,BROTAS,5215-1,Dirigir ameacando os pedestres que estejam atravessando a via publica,SP,MOTOCICLO,PARTICULAR,1,8,2026
7057,SANTO ANDRE,7579-0,"REC SUB TEST, EX CLIN, PERIC OU PROC Q PERM CERT INFL ALC/SUB PSIC FOR ART. 277",SP,AUTOMOVEL,PARTICULAR,1,8,2026
6291,CAMPINAS,7633-2,Dirigir veiculo manuseando telefone celular,SP,CAMINHONET,PARTICULAR,1,8,2026
6643,LINS,7633-2,Dirigir veiculo manuseando telefone celular,SP,MOTOCICLO,PARTICULAR,1,8,2026
7107,SAO PAULO,5720-0,TRANSITAR PELA CONTRAMAO DE DIRECAO EM VIA COM DUPLO SENTIDO DE CIRCULACAO,SP,MOTOCICLO,ALUGUEL,1,8,2026
6471,GUAREI,6637-1,CONDUZIR O VEICULO SEM EQUIPAMENTO OBRIGATORIO,SP,MOTOCICLO,PARTICULAR,1,8,2026
6843,PEDREIRA,6637-2,CONDUZIR O VEICULO COM EQUIPAMENTO OBRIGATORIO INEFICIENTE/INOPERANTE,SP,MOTOCICLO,PARTICULAR,1,8,2026
6529,IRACEMAPOLIS,7340-0,DIRIGIR O VEIC USANDO CALCADO QUE N SE FIRME NOS PES/COMPROMETA UTILIZ PEDAIS,SP,MOTOCICLO,PARTICULAR,1,8,2026
7027,SANTA CRUZ DAS PALMEIRAS,7579-0,"REC SUB TEST, EX CLIN, PERIC OU PROC Q PERM CERT INFL ALC/SUB PSIC FOR ART. 277",SP,AUTOMOVEL,PARTICULAR,1,8,2026
6553,ITAPIRA,6726-1,"CONDUZIR O VEICULO EM MAU ESTADO DE CONSERVACAO, COMPROMETENDO A SEGURANCA",SP,MOTOCICLO,PARTICULAR,1,8,2026
7129,SERRA AZUL,6637-1,CONDUZIR O VEICULO SEM EQUIPAMENTO OBRIGATORIO,SP,MOTOCICLO,PARTICULAR,1,8,2026
6377,DIADEMA,5169-1,DIRIGIR SOB A INFLUENCIA DE ALCOOL,SP,AUTOMOVEL,PARTICULAR,1,8,2026
6719,MOMBUCA,5118-0,PERMITIR POSSE/CONDUCAO DO VEICULO A PESSOA SEM CNH/PPD/ACC,SP,AUTOMOVEL,PARTICULAR,1,8,2026
6867,PINHALZINHO,6408-0,PORTAR NO VEICULO PLACAS DE IDENTIFICACAO EM DESACORDO C/ ESPECIF/MODELO CONTRAN,SP,MOTOCICLO,PARTICULAR,1,8,2026
6715,MOGI-GUACU,6602-0,CONDUZIR O VEICULO COM QUALQUER UMA DAS PLACAS SEM LEGIBILIDADE E VISIBILIDADE,SP,MOTOCICLO,PARTICULAR,1,8,2026
6611,JOANOPOLIS,5380-0,ESTACIONAR NAS ESQUINAS E A MENOS DE 5M DO ALINHAMENTO DA VIA TRANSVERSAL,SP,AUTOMOVEL,PARTICULAR,1,8,2026
6219,BAURU,7633-1,Dirigir veiculo segurando telefone celular,Outras UFs,AUTOMOVEL,,1,8,2026
7107,SAO PAULO,7099-1,CONDUZIR MOTOCICLETA/MOTONETA/CICLOMOTOR SEM SEGURAR O GUIDOM COM AMBAS AS MAOS,Outras UFs,MOTOCICLO,,1,8,2026
6483,IACANGA,5010-0,DIRIGIR VEICULO SEM POSSUIR CNH/PPD/ACC,SP,MOTOCICLO,PARTICULAR,1,8,2026
6453,GUAPIARA,5045-0,DIRIGIR VEICULO COM VALIDADE DE CNH/PPD VENCIDA HA MAIS DE 30 DIAS,SP,MOTOCICLO,PARTICULAR,1,8,2026
6771,NOVO HORIZONTE,6645-0,CONDUZIR O VEICULO COM EQUIP OBRIGATORIO EM DESACORDO COM O ESTAB PELO CONTRAN,SP,MOTOCICLO,PARTICULAR,1,8,2026
2967,CAJATI,7633-2,Dirigir veiculo manuseando telefone celular,SP,AUTOMOVEL,PARTICULAR,1,8,2026
7151,SUZANO,6050-1,AVAN O SIN VERM DO SEMAF EXC SE HOUVER SINALIZ PERM LIVRE CONV A DIR,SP,MICROONIB,ALUGUEL,1,8,2026
6509,ILHABELA,7030-1,Conduzir motoc/moton/ciclom s/ capacete de seguranca,SP,MOTOCICLO,PARTICULAR,1,8,2026
6713,MOGI DAS CRUZES,6653-1,CONDUZIR O VEICULO COM DESCARGA LIVRE,Outras UFs,AUTOMOVEL,PARTICULAR,1,8,2026
6789,OSASCO,5878-0,"ULTRAPASSAR PELA DIREITA, SALVO QDO VEIC DA FRENTE DER SINAL P/ ENTRAR ESQUERDA",SP,MOTOCICLO,PARTICULAR,1,8,2026
7107,SAO PAULO,7579-0,"REC SUB TEST, EX CLIN, PERIC OU PROC Q PERM CERT INFL ALC/SUB PSIC FOR ART. 277",Outras UFs,UTILITARIO,PARTICULAR,3,8,2026
6361,COTIA,5010-0,DIRIGIR VEICULO SEM POSSUIR CNH/PPD/ACC,SP,MOTOCICLO,PARTICULAR,1,8,2026
7107,SAO PAULO,5843-4,"Deixar de indicar c/ antec, med gesto de braco/luz indicadora, mudanca de faixa",Outras UFs,AUTOMOVEL,PARTICULAR,3,8,2026
6635,LEME,5045-0,DIRIGIR VEICULO COM VALIDADE DE CNH/PPD VENCIDA HA MAIS DE 30 DIAS,SP,AUTOMOVEL,PARTICULAR,1,8,2026
7107,SAO PAULO,7749-2,DIRIGIR VEICULO SEM POSSUIR CURSOS ESPECIFICOS OBRIGATORIOS,SP,CAMINHONET,ALUGUEL,1,8,2026
6761,NOVA GRANADA,6599-2,CONDUZIR O VEICULO REGISTRADO QUE NAO ESTEJA DEVIDAMENTE LICENCIADO,SP,AUTOMOVEL,PARTICULAR,1,8,2026
6687,MATAO,5045-0,DIRIGIR VEICULO COM VALIDADE DE CNH/PPD VENCIDA HA MAIS DE 30 DIAS,SP,AUTOMOVEL,PARTICULAR,1,8,2026
6131,AMERICANA,6530-0,USAR NO VEICULO EQUIP C/ SOM EM VOLUME/FREQUENCIA NAO AUTORIZADOS PELO CONTRAN,SP,AUTOMOVEL,PARTICULAR,1,8,2026
6789,OSASCO,5835-0,Desobedecer as ordens emanadas da autorid compet de transito ou de seus agentes,SP,MOTOCICLO,PARTICULAR,2,8,2026
6323,CATANDUVA,7633-2,Dirigir veiculo manuseando telefone celular,SP,AUTOMOVEL,PARTICULAR,1,8,2026
6545,ITAPECERICA DA SERRA,5029-2,DIRIGIR VEICULO COM CNH/PPD/ACC COM SUSPENSAO DO DIREITO DE DIRIGIR,Outras UFs,AUTOMOVEL,,1,8,2026
6453,GUAPIARA,6610-1,CONDUZIR O VEICULO COM A COR ALTERADA,SP,MOTOCICLO,PARTICULAR,1,8,2026
6717,MOGI-MIRIM,6599-2,CONDUZIR O VEICULO REGISTRADO QUE NAO ESTEJA DEVIDAMENTE LICENCIADO,SP,CAMIONETA,PARTICULAR,1,8,2026
6619,JUNDIAI,6599-2,CONDUZIR O VEICULO REGISTRADO QUE NAO ESTEJA DEVIDAMENTE LICENCIADO,SP,CAMINHONET,PARTICULAR,1,8,2026
6291,CAMPINAS,5037-1,DIRIGIR VEICULO COM CNH DE CATEGORIA DIFERENTE DA DO VEICULO,SP,MOTOCICLO,PARTICULAR,3,8,2026
6163,ARARAQUARA,6653-1,CONDUZIR O VEICULO COM DESCARGA LIVRE,SP,MOTOCICLO,PARTICULAR,1,8,2026
6789,OSASCO,5010-0,DIRIGIR VEICULO SEM POSSUIR CNH/PPD/ACC,SP,MOTOCICLO,PARTICULAR,8,8,2026
6205,BARRA BONITA,6653-1,CONDUZIR O VEICULO COM DESCARGA LIVRE,SP,MOTOCICLO,PARTICULAR,2,8,2026
7109,SAO PEDRO,5185-1,Deixar o condutor de usar o cinto seguranca,SP,AUTOMOVEL,PARTICULAR,1,8,2026
6259,BROTAS,5045-0,DIRIGIR VEICULO COM VALIDADE DE CNH/PPD VENCIDA HA MAIS DE 30 DIAS,SP,MOTOCICLO,PARTICULAR,1,8,2026
6361,COTIA,5819-1,"TRANSITAR COM O VEICULO EM CALCADAS, PASSEIOS",SP,MOTOCICLO,PARTICULAR,1,8,2026
7079,SAO CARLOS,5088-1,ENTREGAR VEICULO A PESSOA COM CNH DE CATEGORIA DIFERENTE DA DO VEICULO,SP,MOTOCICLO,PARTICULAR,1,8,2026
6291,CAMPINAS,6599-2,CONDUZIR O VEICULO REGISTRADO QUE NAO ESTEJA DEVIDAMENTE LICENCIADO,SP,CAMINHONET,PARTICULAR,2,8,2026
6221,BEBEDOURO,5207-0,Dirigir sem atencao ou sem os cuidados indispensaveis a seguranca,SP,MOTOCICLO,PARTICULAR,1,8,2026
6477,GUARULHOS,5185-2,Deixar o passageiro de usar o cinto seguranca,SP,AUTOMOVEL,PARTICULAR,1,8,2026
6619,JUNDIAI,6637-1,CONDUZIR O VEICULO SEM EQUIPAMENTO OBRIGATORIO,SP,MOTOCICLO,PARTICULAR,6,8,2026
6717,MOGI-MIRIM,6599-2,CONDUZIR O VEICULO REGISTRADO QUE NAO ESTEJA DEVIDAMENTE LICENCIADO,SP,AUTOMOVEL,PARTICULAR,2,8,2026
6671,MAIRIPORA,7048-1,"CONDUZIR MOTOCICLETA, MOTONETA E CICLOMOTOR TRANSPORTANDO PASSAGEIRO S/ CAPACETE",SP,MOTOCICLO,PARTICULAR,1,8,2026
6699,MIRACATU,7617-3,"USAR QQ VEICULO PARA, DELIB, PERTURBAR CIRCULACAO NA VIA SEM AUT DO ORGAO",SP,MOTOCICLO,PARTICULAR,1,8,2026
6141,ANDRADINA,6726-1,"CONDUZIR O VEICULO EM MAU ESTADO DE CONSERVACAO, COMPROMETENDO A SEGURANCA",SP,MOTOCICLO,PARTICULAR,1,8,2026
7107,SAO PAULO,5711-0,DEIXAR DE CONSERVAR NAS FAIXAS DA DIREITA O VEICULO LENTO E DE MAIOR PORTE,SP,C. TRATOR,ALUGUEL,1,8,2026
6811,PARAGUACU PAULISTA,6645-0,CONDUZIR O VEICULO COM EQUIP OBRIGATORIO EM DESACORDO COM O ESTAB PELO CONTRAN,SP,MOTOCICLO,PARTICULAR,1,8,2026
6471,GUAREI,6599-2,CONDUZIR O VEICULO REGISTRADO QUE NAO ESTEJA DEVIDAMENTE LICENCIADO,SP,MOTOCICLO,PARTICULAR,1,8,2026
6317,CASA BRANCA,6653-2,CONDUZIR O VEICULO COM SILENCIADOR DE MOTOR DEFEITUOSO/DEFICIENTE/INOPERANTE,SP,MOTOCICLO,PARTICULAR,1,8,2026
6229,BIRIGUI,7684-2,Cond motoc/moton/ciclom c/ util cap de seg c/ vis/ocul prot des c/ regul Contran,SP,MOTOCICLO,PARTICULAR,1,8,2026
6357,COSMOPOLIS,5010-0,DIRIGIR VEICULO SEM POSSUIR CNH/PPD/ACC,SP,MOTOCICLO,PARTICULAR,1,8,2026
6477,GUARULHOS,6408-0,PORTAR NO VEICULO PLACAS DE IDENTIFICACAO EM DESACORDO C/ ESPECIF/MODELO CONTRAN,SP,MOTOCICLO,PARTICULAR,2,8,2026
7071,SANTOS,5010-0,DIRIGIR VEICULO SEM POSSUIR CNH/PPD/ACC,Outras UFs,MOTOCICLO,PARTICULAR,1,8,2026
7121,SAO VICENTE,5010-0,DIRIGIR VEICULO SEM POSSUIR CNH/PPD/ACC,SP,MOTOCICLO,PARTICULAR,3,8,2026
6985,RIOLANDIA,6530-0,USAR NO VEICULO EQUIP C/ SOM EM VOLUME/FREQUENCIA NAO AUTORIZADOS PELO CONTRAN,SP,CAMINHONET,PARTICULAR,1,8,2026
6179,ASSIS,6530-0,USAR NO VEICULO EQUIP C/ SOM EM VOLUME/FREQUENCIA NAO AUTORIZADOS PELO CONTRAN,SP,CAMINHONET,PARTICULAR,1,8,2026
7107,SAO PAULO,6068-1,TRANSPOR BLOQUEIO VIARIO COM OU SEM SINALIZACAO OU DISPOSITIVOS AUXILIARES,SP,MOTONETA,PARTICULAR,1,8,2026
6949,REGENTE FEIJO,6599-2,CONDUZIR O VEICULO REGISTRADO QUE NAO ESTEJA DEVIDAMENTE LICENCIADO,SP,MOTOCICLO,PARTICULAR,1,8,2026
2975,ELISIARIO,7056-1,CONDUZIR MOTOC/MOTON/CICLOMOTOR FAZENDO MALABARISMO/EQUILIBRANDO-SE EM UMA RODA,SP,MOTOCICLO,PARTICULAR,1,8,2026
3061,NOVA CAMPINA,7234-0,"EM MOVIMENTO, DEIXAR DE MANTER ACESA A LUZ BAIXA DURANTE A NOITE",SP,AUTOMOVEL,PARTICULAR,3,8,2026
6477,GUARULHOS,6602-0,CONDUZIR O VEICULO COM QUALQUER UMA DAS PLACAS SEM LEGIBILIDADE E VISIBILIDADE,SP,CAMINHAO,PARTICULAR,1,8,2026
7157,TABOAO DA SERRA,7617-3,"USAR QQ VEICULO PARA, DELIB, PERTURBAR CIRCULACAO NA VIA SEM AUT DO ORGAO",SP,MOTOCICLO,PARTICULAR,1,8,2026
6313,CARAPICUIBA,5142-0,PERMITIR POSSE/CONDUCAO DO VEIC A PESSOA COM CNH/PPD VENCIDA HA MAIS DE 30 DIAS,SP,MOTOCICLO,PARTICULAR,1,8,2026
7107,SAO PAULO,7374-0,BLOQUEAR A VIA COM VEICULO,SP,AUTOMOVEL,PARTICULAR,5,8,2026
6713,MOGI DAS CRUZES,5070-2,ENTREGAR VEICULO A PESSOA COM CNH/PPD/ACC COM SUSP. DO DIREITO DE DIRIGIR,SP,AUTOMOVEL,ALUGUEL,1,8,2026
7099,SAO JOSE DOS CAMPOS,7684-2,Cond motoc/moton/ciclom c/ util cap de seg c/ vis/ocul prot des c/ regul Contran,SP,MOTOCICLO,PARTICULAR,5,8,2026
7209,UBATUBA,6530-0,USAR NO VEICULO EQUIP C/ SOM EM VOLUME/FREQUENCIA NAO AUTORIZADOS PELO CONTRAN,SP,AUTOMOVEL,PARTICULAR,2,8,2026
6889,PIRATININGA,6068-1,TRANSPOR BLOQUEIO VIARIO COM OU SEM SINALIZACAO OU DISPOSITIVOS AUXILIARES,SP,CAMINHONET,PARTICULAR,1,8,2026
7079,SAO CARLOS,6050-1,AVAN O SIN VERM DO SEMAF EXC SE HOUVER SINALIZ PERM LIVRE CONV A DIR,SP,AUTOMOVEL,PARTICULAR,1,8,2026
6189,AVARE,5185-1,Deixar o condutor de usar o cinto seguranca,SP,UTILITARIO,PARTICULAR,1,8,2026
7121,SAO VICENTE,7340-0,DIRIGIR O VEIC USANDO CALCADO QUE N SE FIRME NOS PES/COMPROMETA UTILIZ PEDAIS,SP,MOTOCICLO,PARTICULAR,1,8,2026
6125,ALVARES MACHADO,5452-1,ESTACIONAR NO PASSEIO,SP,CAMINHONET,PARTICULAR,1,8,2026
6289,CAJURU,6599-2,CONDUZIR O VEICULO REGISTRADO QUE NAO ESTEJA DEVIDAMENTE LICENCIADO,SP,AUTOMOVEL,PARTICULAR,1,8,2026
6861,PINDAMONHANGABA,6726-1,"CONDUZIR O VEICULO EM MAU ESTADO DE CONSERVACAO, COMPROMETENDO A SEGURANCA",SP,MOTOCICLO,PARTICULAR,1,8,2026
6927,PRESIDENTE EPITACIO,5207-0,Dirigir sem atencao ou sem os cuidados indispensaveis a seguranca,SP,MOTOCICLO,PARTICULAR,1,8,2026
7047,SANTANA DE PARNAIBA,7340-0,DIRIGIR O VEIC USANDO CALCADO QUE N SE FIRME NOS PES/COMPROMETA UTILIZ PEDAIS,SP,MOTOCICLO,PARTICULAR,4,8,2026
6619,JUNDIAI,6769-0,"CONDUZIR VEIC C/ DEFEITO NO SIST DE ILUMINACAO, SINALIZ OU LAMPADAS QUEIMADAS",SP,MOTOCICLO,PARTICULAR,1,8,2026
6705,MIRANTE DO PARANAPANEMA,6742-0,CONDUZIR O VEICULO SEM PORTAR A AUTORIZACAO PARA CONDUCAO DE ESCOLARES,SP,ONIBUS,ALUGUEL,1,8,2026
6213,BARUERI,7749-2,DIRIGIR VEICULO SEM POSSUIR CURSOS ESPECIFICOS OBRIGATORIOS,SP,MOTOCICLO,PARTICULAR,1,8,2026
6807,PALMITAL,7340-0,DIRIGIR O VEIC USANDO CALCADO QUE N SE FIRME NOS PES/COMPROMETA UTILIZ PEDAIS,SP,MOTOCICLO,PARTICULAR,2,8,2026
7107,SAO PAULO,6769-0,"CONDUZIR VEIC C/ DEFEITO NO SIST DE ILUMINACAO, SINALIZ OU LAMPADAS QUEIMADAS",Outras UFs,AUTOMOVEL,PARTICULAR,7,8,2026
7125,SARUTAIA,5185-2,Deixar o passageiro de usar o cinto seguranca,SP,AUTOMOVEL,PARTICULAR,1,8,2026
6105,AGUAI,6017-5,EXECUTAR OPERACAO DE RETORNO PASSANDO POR CIMA DE FAIXA DE PEDESTRES,SP,CAMIONETA,PARTICULAR,1,8,2026
6707,MIRASSOL,6653-1,CONDUZIR O VEICULO COM DESCARGA LIVRE,SP,MOTOCICLO,PARTICULAR,2,8,2026
6377,DIADEMA,7773-2,ENTREGAR VEICULO A PESSOA SEM POSSUIR CURSOS ESPECIFICOS OBRIGATORIOS,SP,MOTOCICLO,PARTICULAR,2,8,2026
6711,MOCOCA,6076-0,TRANSPOR BLOQUEIO VIARIO POLICIAL,Outras UFs,AUTOMOVEL,,1,8,2026
6313,CARAPICUIBA,7579-0,"REC SUB TEST, EX CLIN, PERIC OU PROC Q PERM CERT INFL ALC/SUB PSIC FOR ART. 277",SP,MOTOCICLO,PARTICULAR,4,8,2026
7033,SANTA FE DO SUL,7684-2,Cond motoc/moton/ciclom c/ util cap de seg c/ vis/ocul prot des c/ regul Contran,SP,CICLOMOTO,PARTICULAR,1,8,2026
6935,QUATA,6050-2,AVANCAR O SINAL DE PARADA OBRIGATORIA,SP,MOTOCICLO,PARTICULAR,1,8,2026
6619,JUNDIAI,5096-0,ENTREGAR VEICULO A PESSOA COM CNH/PPD VENCIDA HA MAIS DE 30 DIAS,SP,MOTOCICLO,PARTICULAR,1,8,2026
6315,CARDOSO,5045-0,DIRIGIR VEICULO COM VALIDADE DE CNH/PPD VENCIDA HA MAIS DE 30 DIAS,SP,AUTOMOVEL,PARTICULAR,1,8,2026
6853,PERUIBE,5045-0,DIRIGIR VEICULO COM VALIDADE DE CNH/PPD VENCIDA HA MAIS DE 30 DIAS,SP,AUTOMOVEL,PARTICULAR,1,8,2026
6215,BASTOS,6530-0,USAR NO VEICULO EQUIP C/ SOM EM VOLUME/FREQUENCIA NAO AUTORIZADOS PELO CONTRAN,SP,CAMINHONET,PARTICULAR,1,8,2026
7107,SAO PAULO,6602-0,CONDUZIR O VEICULO COM QUALQUER UMA DAS PLACAS SEM LEGIBILIDADE E VISIBILIDADE,SP,CAMIONETA,PARTICULAR,4,8,2026
2993,POTIM,6653-1,CONDUZIR O VEICULO COM DESCARGA LIVRE,SP,MOTOCICLO,PARTICULAR,1,8,2026
6553,ITAPIRA,5010-0,DIRIGIR VEICULO SEM POSSUIR CNH/PPD/ACC,SP,MOTONETA,PARTICULAR,1,8,2026
6259,BROTAS,5843-3,"Deixar de indicar c/ antec, med gesto de braco/luz indicadora, mudanca direcao",SP,AUTOMOVEL,PARTICULAR,1,8,2026
7099,SAO JOSE DOS CAMPOS,6653-1,CONDUZIR O VEICULO COM DESCARGA LIVRE,SP,AUTOMOVEL,PARTICULAR,1,8,2026
7135,SERTAOZINHO,7684-2,Cond motoc/moton/ciclom c/ util cap de seg c/ vis/ocul prot des c/ regul Contran,SP,MOTOCICLO,PARTICULAR,2,8,2026
6361,COTIA,5967-0,"ULTRAPASSAR PELA CONTRAMAO LINHA DE DIVISAO DE FLUXOS OPOSTOS, CONTINUA AMARELA",SP,MOTOCICLO,PARTICULAR,1,8,2026
6425,FRANCA,7579-0,"REC SUB TEST, EX CLIN, PERIC OU PROC Q PERM CERT INFL ALC/SUB PSIC FOR ART. 277",Outras UFs,AUTOMOVEL,,2,8,2026
6637,LENCOIS PAULISTA,5029-2,DIRIGIR VEICULO COM CNH/PPD/ACC COM SUSPENSAO DO DIREITO DE DIRIGIR,SP,MOTOCICLO,PARTICULAR,1,8,2026
6739,MORRO AGUDO,5738-0,TRANSITAR PELA CONTRAMAO DE DIRECAO EM VIA C/ SINALIZACAO DE REGUL SENTIDO UNICO,SP,AUTOMOVEL,PARTICULAR,1,8,2026
6251,BRAGANCA PAULISTA,5215-2,Dirigir ameacando os demais veiculos,SP,MOTOCICLO,PARTICULAR,2,8,2026
6969,RIBEIRAO PRETO,7358-0,"DIRIGIR O VEICULO COM APENAS UMA DAS MAOS, EXCETO QUANDO PERMITIDO PELO CTB",SP,AUTOMOVEL,PARTICULAR,2,8,2026
7107,SAO PAULO,5126-1,PERMITIR POSSE/CONDUCAO DO VEICULO A PESSOA COM CNH/PPD/ACC CASSADA,SP,AUTOMOVEL,PARTICULAR,1,8,2026
6639,LIMEIRA,5207-0,Dirigir sem atencao ou sem os cuidados indispensaveis a seguranca,SP,CAMINHONET,PARTICULAR,1,8,2026
6425,FRANCA,5037-1,DIRIGIR VEICULO COM CNH DE CATEGORIA DIFERENTE DA DO VEICULO,SP,MOTOCICLO,PARTICULAR,1,8,2026
6313,CARAPICUIBA,6530-0,USAR NO VEICULO EQUIP C/ SOM EM VOLUME/FREQUENCIA NAO AUTORIZADOS PELO CONTRAN,SP,AUTOMOVEL,PARTICULAR,3,8,2026
6795,OURINHOS,5010-0,DIRIGIR VEICULO SEM POSSUIR CNH/PPD/ACC,SP,MOTOCICLO,PARTICULAR,1,8,2026
7091,SAO JOSE DA BELA VISTA,7340-0,DIRIGIR O VEIC USANDO CALCADO QUE N SE FIRME NOS PES/COMPROMETA UTILIZ PEDAIS,SP,MOTOCICLO,PARTICULAR,1,8,2026
6221,BEBEDOURO,6637-1,CONDUZIR O VEICULO SEM EQUIPAMENTO OBRIGATORIO,SP,MOTOCICLO,PARTICULAR,1,8,2026
6445,GUAICARA,5185-1,Deixar o condutor de usar o cinto seguranca,SP,AUTOMOVEL,PARTICULAR,6,8,2026
6475,GUARUJA,7684-2,Cond motoc/moton/ciclom c/ util cap de seg c/ vis/ocul prot des c/ regul Contran,SP,MOTONETA,PARTICULAR,1,8,2026
6931,PRESIDENTE VENCESLAU,5142-0,PERMITIR POSSE/CONDUCAO DO VEIC A PESSOA COM CNH/PPD VENCIDA HA MAIS DE 30 DIAS,SP,MOTOCICLO,PARTICULAR,1,8,2026
6191,BADY BASSITT,7579-0,"REC SUB TEST, EX CLIN, PERIC OU PROC Q PERM CERT INFL ALC/SUB PSIC FOR ART. 277",SP,AUTOMOVEL,PARTICULAR,1,8,2026
6681,MARILIA,5029-1,Dirigir veiculo com CNH/PPD/ACC cassada,SP,MOTOCICLO,PARTICULAR,1,8,2026
6473,GUARIBA,5118-0,PERMITIR POSSE/CONDUCAO DO VEICULO A PESSOA SEM CNH/PPD/ACC,SP,MOTOCICLO,PARTICULAR,1,8,2026
6863,PINDORAMA,5010-0,DIRIGIR VEICULO SEM POSSUIR CNH/PPD/ACC,SP,MOTOCICLO,PARTICULAR,1,8,2026
7017,SANTA BARBARA DO OESTE,5231-1,ATIRAR DO VEICULO OBJETOS OU SUBSTANCIAS,SP,AUTOMOVEL,PARTICULAR,1,8,2026
6211,BARRINHA,7030-1,Conduzir motoc/moton/ciclom s/ capacete de seguranca,SP,MOTONETA,PARTICULAR,1,8,2026
7071,SANTOS,7048-1,"CONDUZIR MOTOCICLETA, MOTONETA E CICLOMOTOR TRANSPORTANDO PASSAGEIRO S/ CAPACETE",SP,MOTONETA,PARTICULAR,1,8,2026
6639,LIMEIRA,5274-1,UTILIZ VEIC DEMONST/EXIBIR MANOBRA PERIGOSA MEDIANTE ARRANCADA BRUSCA,SP,AUTOMOVEL,PARTICULAR,2,8,2026
7057,SANTO ANDRE,6602-0,CONDUZIR O VEICULO COM QUALQUER UMA DAS PLACAS SEM LEGIBILIDADE E VISIBILIDADE,SP,MOTOCICLO,PARTICULAR,1,8,2026
6619,JUNDIAI,5045-0,DIRIGIR VEICULO COM VALIDADE DE CNH/PPD VENCIDA HA MAIS DE 30 DIAS,SP,AUTOMOVEL,PARTICULAR,2,8,2026
6681,MARILIA,7684-2,Cond motoc/moton/ciclom c/ util cap de seg c/ vis/ocul prot des c/ regul Contran,SP,MOTOCICLO,PARTICULAR,3,8,2026
6477,GUARULHOS,6769-0,"CONDUZIR VEIC C/ DEFEITO NO SIST DE ILUMINACAO, SINALIZ OU LAMPADAS QUEIMADAS",SP,MOTOCICLO,PARTICULAR,2,8,2026
6927,PRESIDENTE EPITACIO,7340-0,DIRIGIR O VEIC USANDO CALCADO QUE N SE FIRME NOS PES/COMPROMETA UTILIZ PEDAIS,SP,MOTOCICLO,PARTICULAR,2,8,2026
6225,BERNARDINO DE CAMPOS,5185-1,Deixar o condutor de usar o cinto seguranca,SP,AUTOMOVEL,PARTICULAR,2,8,2026
7033,SANTA FE DO SUL,6050-2,AVANCAR O SINAL DE PARADA OBRIGATORIA,SP,MOTOCICLO,PARTICULAR,1,8,2026
6639,LIMEIRA,6580-0,CONDUZIR O VEICULO SEM QUALQUER UMA DAS PLACAS DE IDENTIFICACAO,SP,MOTOCICLO,PARTICULAR,1,8,2026
6477,GUARULHOS,7579-0,"REC SUB TEST, EX CLIN, PERIC OU PROC Q PERM CERT INFL ALC/SUB PSIC FOR ART. 277",SP,AUTOMOVEL,PARTICULAR,3,8,2026
6555,ITAPOLIS,6050-2,AVANCAR O SINAL DE PARADA OBRIGATORIA,SP,MOTOCICLO,PARTICULAR,1,8,2026
6219,BAURU,5835-0,Desobedecer as ordens emanadas da autorid compet de transito ou de seus agentes,SP,AUTOMOVEL,PARTICULAR,2,8,2026
6715,MOGI-GUACU,5010-0,DIRIGIR VEICULO SEM POSSUIR CNH/PPD/ACC,SP,CAMINHONET,PARTICULAR,1,8,2026
6217,BATATAIS,6726-1,"CONDUZIR O VEICULO EM MAU ESTADO DE CONSERVACAO, COMPROMETENDO A SEGURANCA",SP,MOTOCICLO,PARTICULAR,1,8,2026
6639,LIMEIRA,5185-1,Deixar o condutor de usar o cinto seguranca,SP,CAMINHONET,PARTICULAR,2,8,2026
7107,SAO PAULO,6602-0,CONDUZIR O VEICULO COM QUALQUER UMA DAS PLACAS SEM LEGIBILIDADE E VISIBILIDADE,SP,CAMINHAO,ALUGUEL,3,8,2026
7037,SANTA ISABEL,5118-0,PERMITIR POSSE/CONDUCAO DO VEICULO A PESSOA SEM CNH/PPD/ACC,SP,MOTOCICLO,PARTICULAR,1,8,2026
6389,DRACENA,6726-1,"CONDUZIR O VEICULO EM MAU ESTADO DE CONSERVACAO, COMPROMETENDO A SEGURANCA",SP,AUTOMOVEL,PARTICULAR,1,8,2026
6291,CAMPINAS,7579-0,"REC SUB TEST, EX CLIN, PERIC OU PROC Q PERM CERT INFL ALC/SUB PSIC FOR ART. 277",SP,MOTONETA,PARTICULAR,2,8,2026
7099,SAO JOSE DOS CAMPOS,6530-0,USAR NO VEICULO EQUIP C/ SOM EM VOLUME/FREQUENCIA NAO AUTORIZADOS PELO CONTRAN,SP,AUTOMOVEL,PARTICULAR,2,8,2026
6935,QUATA,6637-1,CONDUZIR O VEICULO SEM EQUIPAMENTO OBRIGATORIO,SP,MOTOCICLO,PARTICULAR,1,8,2026
6563,ITAQUAQUECETUBA,5207-0,Dirigir sem atencao ou sem os cuidados indispensaveis a seguranca,SP,MOTOCICLO,PARTICULAR,1,8,2026
7075,SAO BERNARDO DO CAMPO,5207-0,Dirigir sem atencao ou sem os cuidados indispensaveis a seguranca,SP,MOTOCICLO,PARTICULAR,1,8,2026
7005,SALTO,6050-1,AVAN O SIN VERM DO SEMAF EXC SE HOUVER SINALIZ PERM LIVRE CONV A DIR,SP,CAMINHAO,ALUGUEL,1,8,2026
6161,ARANDU,5525-0,ESTACIONAR NA CONTRAMAO DE DIRECAO,SP,AUTOMOVEL,PARTICULAR,3,8,2026
6931,PRESIDENTE VENCESLAU,5215-2,Dirigir ameacando os demais veiculos,SP,MOTOCICLO,PARTICULAR,1,8,2026
6333,CESARIO LANGE,7579-0,"REC SUB TEST, EX CLIN, PERIC OU PROC Q PERM CERT INFL ALC/SUB PSIC FOR ART. 277",SP,MOTOCICLO,PARTICULAR,1,8,2026
6761,NOVA GRANADA,6530-0,USAR NO VEICULO EQUIP C/ SOM EM VOLUME/FREQUENCIA NAO AUTORIZADOS PELO CONTRAN,SP,AUTOMOVEL,PARTICULAR,2,8,2026
6487,IBATE,5010-0,DIRIGIR VEICULO SEM POSSUIR CNH/PPD/ACC,SP,AUTOMOVEL,PARTICULAR,3,8,2026
7227,VALPARAISO,5274-1,UTILIZ VEIC DEMONST/EXIBIR MANOBRA PERIGOSA MEDIANTE ARRANCADA BRUSCA,SP,MOTOCICLO,PARTICULAR,1,8,2026
6181,ATIBAIA,7633-2,Dirigir veiculo manuseando telefone celular,SP,CAMINHONET,PARTICULAR,1,8,2026
6221,BEBEDOURO,7684-2,Cond motoc/moton/ciclom c/ util cap de seg c/ vis/ocul prot des c/ regul Contran,SP,MOTOCICLO,PARTICULAR,2,8,2026
6493,IBITINGA,5240-0,Disputar corrida,SP,MOTOCICLO,PARTICULAR,1,8,2026
3055,ITAPIRAPUA PAULISTA,5932-0,ULTRAPASSAR PELA CONTRAMAO NAS FAIXAS DE PEDESTRE,Outras UFs,AUTOMOVEL,PARTICULAR,1,8,2026
6469,GUARATINGUETA,6670-0,CONDUZIR O VEICULO C/ EQUIP DO SISTEMA DE ILUMINACAO E DE SINALIZACAO ALTERADOS,SP,MOTOCICLO,PARTICULAR,1,8,2026
7107,SAO PAULO,5720-0,TRANSITAR PELA CONTRAMAO DE DIRECAO EM VIA COM DUPLO SENTIDO DE CIRCULACAO,SP,AUTOMOVEL,ALUGUEL,2,8,2026
7097,SAO JOSE DO RIO PRETO,6599-2,CONDUZIR O VEICULO REGISTRADO QUE NAO ESTEJA DEVIDAMENTE LICENCIADO,SP,MOTONETA,PARTICULAR,3,8,2026
7071,SANTOS,6017-1,"EXECUTAR OPERACAO DE RETORNO PASSANDO POR CIMA DE CALCADA, PASSEIO",SP,MOTOCICLO,PARTICULAR,1,8,2026
6681,MARILIA,6530-0,USAR NO VEICULO EQUIP C/ SOM EM VOLUME/FREQUENCIA NAO AUTORIZADOS PELO CONTRAN,SP,AUTOMOVEL,PARTICULAR,1,8,2026
7001,SALESOPOLIS,6599-2,CONDUZIR O VEICULO REGISTRADO QUE NAO ESTEJA DEVIDAMENTE LICENCIADO,SP,AUTOMOVEL,PARTICULAR,1,8,2026
6317,CASA BRANCA,7340-0,DIRIGIR O VEIC USANDO CALCADO QUE N SE FIRME NOS PES/COMPROMETA UTILIZ PEDAIS,SP,MOTOCICLO,PARTICULAR,1,8,2026
6219,BAURU,7285-0,"EM MOVIMENTO, DEIXAR DE MANTER A PLACA TRASEIRA ILUMINADA A NOITE",SP,AUTOMOVEL,PARTICULAR,1,8,2026
6323,CATANDUVA,7340-0,DIRIGIR O VEIC USANDO CALCADO QUE N SE FIRME NOS PES/COMPROMETA UTILIZ PEDAIS,SP,MOTOCICLO,PARTICULAR,1,8,2026
7245,VOTUPORANGA,6637-1,CONDUZIR O VEICULO SEM EQUIPAMENTO OBRIGATORIO,SP,MOTOCICLO,PARTICULAR,1,8,2026
6219,BAURU,6041-2,EXECUTAR OPERACAO DE CONVERSAO A ESQUERDA EM LOCAL PROIBIDO PELA SINALIZACAO,SP,AUTOMOVEL,PARTICULAR,1,8,2026
7095,SAO JOSE DO RIO PARDO,5118-0,PERMITIR POSSE/CONDUCAO DO VEICULO A PESSOA SEM CNH/PPD/ACC,SP,MOTOCICLO,PARTICULAR,1,8,2026
6209,BARRETOS,7579-0,"REC SUB TEST, EX CLIN, PERIC OU PROC Q PERM CERT INFL ALC/SUB PSIC FOR ART. 277",SP,AUTOMOVEL,PARTICULAR,1,8,2026
7107,SAO PAULO,6645-0,CONDUZIR O VEICULO COM EQUIP OBRIGATORIO EM DESACORDO COM O ESTAB PELO CONTRAN,Outras UFs,CAMINHAO,ALUGUEL,1,8,2026
7071,SANTOS,7757-1,"EM MOVIMENTO,DEIXAR VEIC DE TRANSPORTE PUBL. COLET PASSAGEIROS MANTER PORTA FECH",SP,MICROONIB,ALUGUEL,1,8,2026
7107,SAO PAULO,5274-1,UTILIZ VEIC DEMONST/EXIBIR MANOBRA PERIGOSA MEDIANTE ARRANCADA BRUSCA,SP,CAMINHONET,PARTICULAR,4,8,2026
6711,MOCOCA,6670-0,CONDUZIR O VEICULO C/ EQUIP DO SISTEMA DE ILUMINACAO E DE SINALIZACAO ALTERADOS,SP,MOTOCICLO,PARTICULAR,1,8,2026
6681,MARILIA,7579-0,"REC SUB TEST, EX CLIN, PERIC OU PROC Q PERM CERT INFL ALC/SUB PSIC FOR ART. 277",SP,CAMIONETA,PARTICULAR,1,8,2026
6425,FRANCA,6726-1,"CONDUZIR O VEICULO EM MAU ESTADO DE CONSERVACAO, COMPROMETENDO A SEGURANCA",SP,MOTOCICLO,PARTICULAR,2,8,2026
6475,GUARUJA,5118-0,PERMITIR POSSE/CONDUCAO DO VEICULO A PESSOA SEM CNH/PPD/ACC,SP,AUTOMOVEL,PARTICULAR,1,8,2026
6711,MOCOCA,5185-1,Deixar o condutor de usar o cinto seguranca,SP,AUTOMOVEL,PARTICULAR,1,8,2026
7183,TAUBATE,6599-2,CONDUZIR O VEICULO REGISTRADO QUE NAO ESTEJA DEVIDAMENTE LICENCIADO,SP,AUTOMOVEL,PARTICULAR,1,8,2026
7107,SAO PAULO,6637-2,CONDUZIR O VEICULO COM EQUIPAMENTO OBRIGATORIO INEFICIENTE/INOPERANTE,Outras UFs,CAMINHAO,ALUGUEL,1,8,2026
7107,SAO PAULO,5002-0,"Multa, por nao identificacao do condutor infrator, imposta a pessoa juridica",SP,AUTOMOVEL,OFICIAL,2,8,2026
6189,AVARE,5274-1,UTILIZ VEIC DEMONST/EXIBIR MANOBRA PERIGOSA MEDIANTE ARRANCADA BRUSCA,SP,MOTOCICLO,PARTICULAR,1,8,2026
6635,LEME,7684-2,Cond motoc/moton/ciclom c/ util cap de seg c/ vis/ocul prot des c/ regul Contran,SP,MOTOCICLO,PARTICULAR,2,8,2026
6435,GARCA,5169-1,DIRIGIR SOB A INFLUENCIA DE ALCOOL,SP,AUTOMOVEL,PARTICULAR,1,8,2026
7071,SANTOS,7366-2,DIRIGIR VEICULO UTILIZANDO-SE DE TELEFONE CELULAR,SP,AUTOMOVEL,PARTICULAR,1,8,2026
6887,PIRASSUNUNGA,7579-0,"REC SUB TEST, EX CLIN, PERIC OU PROC Q PERM CERT INFL ALC/SUB PSIC FOR ART. 277",SP,MOTOCICLO,PARTICULAR,1,8,2026
6927,PRESIDENTE EPITACIO,5096-0,ENTREGAR VEICULO A PESSOA COM CNH/PPD VENCIDA HA MAIS DE 30 DIAS,SP,MOTOCICLO,PARTICULAR,1,8,2026
7071,SANTOS,5207-0,Dirigir sem atencao ou sem os cuidados indispensaveis a seguranca,SP,MOTOCICLO,PARTICULAR,1,8,2026
6477,GUARULHOS,6858-0,Transitar com o veiculo com lotacao excedente,SP,AUTOMOVEL,PARTICULAR,1,8,2026
6251,BRAGANCA PAULISTA,6599-2,CONDUZIR O VEICULO REGISTRADO QUE NAO ESTEJA DEVIDAMENTE LICENCIADO,SP,MOTOCICLO,PARTICULAR,2,8,2026
6807,PALMITAL,5525-0,ESTACIONAR NA CONTRAMAO DE DIRECAO,SP,CAMINHONET,PARTICULAR,1,8,2026
6411,FERNANDOPOLIS,7579-0,"REC SUB TEST, EX CLIN, PERIC OU PROC Q PERM CERT INFL ALC/SUB PSIC FOR ART. 277",Outras UFs,AUTOMOVEL,PARTICULAR,1,8,2026
7185,TEJUPA,6530-0,USAR NO VEICULO EQUIP C/ SOM EM VOLUME/FREQUENCIA NAO AUTORIZADOS PELO CONTRAN,SP,AUTOMOVEL,PARTICULAR,1,8,2026
2943,ILHA SOLTEIRA,6017-4,EXECUTAR OPERACAO DE RETORNO PASSANDO POR CIMA DE CANTEIRO DE DIVISOR DE PISTA,Outras UFs,MOTONETA,PARTICULAR,1,8,2026
6549,ITAPEVA,6394-1,DEIXAR DE REDUZIR A VELOCIDADE NAS PROXIMIDADES DE ESCOLAS,SP,MOTOCICLO,PARTICULAR,1,8,2026
6579,ITU,5010-0,DIRIGIR VEICULO SEM POSSUIR CNH/PPD/ACC,SP,MOTOCICLO,PARTICULAR,1,8,2026
6547,ITAPETININGA,7633-2,Dirigir veiculo manuseando telefone celular,SP,AUTOMOVEL,PARTICULAR,1,8,2026
6369,CRUZEIRO,6599-2,CONDUZIR O VEICULO REGISTRADO QUE NAO ESTEJA DEVIDAMENTE LICENCIADO,SP,CAMIONETA,PARTICULAR,1,8,2026
7017,SANTA BARBARA DO OESTE,6599-2,CONDUZIR O VEICULO REGISTRADO QUE NAO ESTEJA DEVIDAMENTE LICENCIADO,Outras UFs,AUTOMOVEL,PARTICULAR,1,8,2026
7113,SAO ROQUE,6726-1,"CONDUZIR O VEICULO EM MAU ESTADO DE CONSERVACAO, COMPROMETENDO A SEGURANCA",SP,MOTOCICLO,PARTICULAR,2,8,2026
6569,ITATIBA,6769-0,"CONDUZIR VEIC C/ DEFEITO NO SIST DE ILUMINACAO, SINALIZ OU LAMPADAS QUEIMADAS",SP,AUTOMOVEL,PARTICULAR,1,8,2026
7107,SAO PAULO,5070-2,ENTREGAR VEICULO A PESSOA COM CNH/PPD/ACC COM SUSP. DO DIREITO DE DIRIGIR,SP,CAMINHONET,PARTICULAR,1,8,2026
6749,NAZARE PAULISTA,5029-2,DIRIGIR VEICULO COM CNH/PPD/ACC COM SUSPENSAO DO DIREITO DE DIRIGIR,SP,MOTOCICLO,PARTICULAR,1,8,2026
7107,SAO PAULO,7749-2,DIRIGIR VEICULO SEM POSSUIR CURSOS ESPECIFICOS OBRIGATORIOS,SP,MOTONETA,PARTICULAR,1,8,2026
6711,MOCOCA,6050-2,AVANCAR O SINAL DE PARADA OBRIGATORIA,SP,MOTOCICLO,PARTICULAR,3,8,2026
6475,GUARUJA,7633-2,Dirigir veiculo manuseando telefone celular,SP,MOTONETA,PARTICULAR,2,8,2026
7149,SUMARE,5010-0,DIRIGIR VEICULO SEM POSSUIR CNH/PPD/ACC,SP,MOTOCICLO,PARTICULAR,4,8,2026
6637,LENCOIS PAULISTA,7579-0,"REC SUB TEST, EX CLIN, PERIC OU PROC Q PERM CERT INFL ALC/SUB PSIC FOR ART. 277",Outras UFs,CAMIONETA,PARTICULAR,1,8,2026
6533,IRAPURU,7234-0,"EM MOVIMENTO, DEIXAR DE MANTER ACESA A LUZ BAIXA DURANTE A NOITE",SP,MOTOCICLO,PARTICULAR,1,8,2026
7063,SANTO ANTONIO DO JARDIM,5185-1,Deixar o condutor de usar o cinto seguranca,SP,AUTOMOVEL,PARTICULAR,3,8,2026
6847,PENAPOLIS,5550-0,ESTACIONAR EM LOCAL/HORARIO PROIBIDO ESPECIFICAMENTE PELA SINALIZACAO,SP,AUTOMOVEL,PARTICULAR,1,8,2026
6861,PINDAMONHANGABA,5010-0,DIRIGIR VEICULO SEM POSSUIR CNH/PPD/ACC,SP,AUTOMOVEL,PARTICULAR,3,8,2026
6865,ESPIRITO SANTO DO PINHAL,5118-0,PERMITIR POSSE/CONDUCAO DO VEICULO A PESSOA SEM CNH/PPD/ACC,SP,MOTOCICLO,PARTICULAR,1,8,2026
6209,BARRETOS,5738-0,TRANSITAR PELA CONTRAMAO DE DIRECAO EM VIA C/ SINALIZACAO DE REGUL SENTIDO UNICO,SP,MOTOCICLO,PARTICULAR,1,8,2026
6229,BIRIGUI,5185-1,Deixar o condutor de usar o cinto seguranca,SP,AUTOMOVEL,PARTICULAR,1,8,2026
6563,ITAQUAQUECETUBA,5720-0,TRANSITAR PELA CONTRAMAO DE DIRECAO EM VIA COM DUPLO SENTIDO DE CIRCULACAO,SP,MOTOCICLO,PARTICULAR,1,8,2026
7107,SAO PAULO,7358-0,"DIRIGIR O VEICULO COM APENAS UMA DAS MAOS, EXCETO QUANDO PERMITIDO PELO CTB",SP,CAMINHONET,PARTICULAR,2,8,2026
7071,SANTOS,6661-0,CONDUZIR O VEICULO COM EQUIPAMENTO OU ACESSORIO PROIBIDO,SP,MOTOCICLO,PARTICULAR,2,8,2026
6493,IBITINGA,5274-2,UTILIZ VEIC DEM/EXIBIR MANOB PERIG MED DERRAP/FRENAG C/DESLIZ/ARRAST PNEUS,SP,MOTOCICLO,PARTICULAR,2,8,2026
7107,SAO PAULO,6017-1,"EXECUTAR OPERACAO DE RETORNO PASSANDO POR CIMA DE CALCADA, PASSEIO",SP,MOTOCICLO,PARTICULAR,1,8,2026
7079,SAO CARLOS,7617-3,"USAR QQ VEICULO PARA, DELIB, PERTURBAR CIRCULACAO NA VIA SEM AUT DO ORGAO",SP,AUTOMOVEL,PARTICULAR,1,8,2026
7107,SAO PAULO,7030-3,Conduzir motoc/moton/ciclom s/ vestuario de acordo c/ normas apr pelo Contran,SP,MOTONETA,PARTICULAR,1,8,2026
2951,HORTOLANDIA,6041-2,EXECUTAR OPERACAO DE CONVERSAO A ESQUERDA EM LOCAL PROIBIDO PELA SINALIZACAO,SP,MOTOCICLO,PARTICULAR,1,8,2026
7107,SAO PAULO,7684-1,Cond motoc/moton/ciclom c/ util cap de seg s/ vis/ocul prot,Outras UFs,MOTOCICLO,PARTICULAR,2,8,2026
6213,BARUERI,7773-2,ENTREGAR VEICULO A PESSOA SEM POSSUIR CURSOS ESPECIFICOS OBRIGATORIOS,SP,MOTOCICLO,PARTICULAR,1,8,2026
7209,UBATUBA,7633-2,Dirigir veiculo manuseando telefone celular,SP,UTILITARIO,PARTICULAR,1,8,2026
6993,SABINO,5185-1,Deixar o condutor de usar o cinto seguranca,SP,AUTOMOVEL,PARTICULAR,2,8,2026
6215,BASTOS,6599-2,CONDUZIR O VEICULO REGISTRADO QUE NAO ESTEJA DEVIDAMENTE LICENCIADO,SP,MOTOCICLO,PARTICULAR,1,8,2026
7075,SAO BERNARDO DO CAMPO,6580-0,CONDUZIR O VEICULO SEM QUALQUER UMA DAS PLACAS DE IDENTIFICACAO,SP,MOTOCICLO,PARTICULAR,1,8,2026
6551,ITAPEVI,6130-0,DEIXAR DE DAR PREFERENCIA A PEDESTRE/VEIC N MOT QUE N HAJA CONCLUIDO A TRAVESSIA,SP,MOTOCICLO,PARTICULAR,1,8,2026
7071,SANTOS,6599-2,CONDUZIR O VEICULO REGISTRADO QUE NAO ESTEJA DEVIDAMENTE LICENCIADO,SP,MOTONETA,PARTICULAR,1,8,2026
7145,SOROCABA,6602-0,CONDUZIR O VEICULO COM QUALQUER UMA DAS PLACAS SEM LEGIBILIDADE E VISIBILIDADE,SP,MOTOCICLO,PARTICULAR,2,8,2026
7157,TABOAO DA SERRA,7234-0,"EM MOVIMENTO, DEIXAR DE MANTER ACESA A LUZ BAIXA DURANTE A NOITE",Outras UFs,AUTOMOVEL,,1,8,2026
7033,SANTA FE DO SUL,5541-1,ESTACIONAR EM DESACORDO COM A REGULAMENTACAO ESPECIFICADA PELA SINALIZACAO,SP,AUTOMOVEL,PARTICULAR,1,8,2026
7181,TATUI,5010-0,DIRIGIR VEICULO SEM POSSUIR CNH/PPD/ACC,SP,MOTOCICLO,PARTICULAR,1,8,2026
6473,GUARIBA,6530-0,USAR NO VEICULO EQUIP C/ SOM EM VOLUME/FREQUENCIA NAO AUTORIZADOS PELO CONTRAN,SP,AUTOMOVEL,PARTICULAR,1,8,2026
7083,SAO JOAO DA BOA VISTA,7340-0,DIRIGIR O VEIC USANDO CALCADO QUE N SE FIRME NOS PES/COMPROMETA UTILIZ PEDAIS,SP,MOTOCICLO,PARTICULAR,1,8,2026
6875,PIRACICABA,7340-0,DIRIGIR O VEIC USANDO CALCADO QUE N SE FIRME NOS PES/COMPROMETA UTILIZ PEDAIS,SP,MOTOCICLO,PARTICULAR,3,8,2026
7107,SAO PAULO,5240-0,Disputar corrida,SP,AUTOMOVEL,PARTICULAR,1,8,2026
6897,POA,6599-2,CONDUZIR O VEICULO REGISTRADO QUE NAO ESTEJA DEVIDAMENTE LICENCIADO,SP,AUTOMOVEL,APRENDIZAGEM,1,8,2026
6673,MANDURI,7684-2,Cond motoc/moton/ciclom c/ util cap de seg c/ vis/ocul prot des c/ regul Contran,SP,MOTONETA,PARTICULAR,1,8,2026
7107,SAO PAULO,6599-2,CONDUZIR O VEICULO REGISTRADO QUE NAO ESTEJA DEVIDAMENTE LICENCIADO,SP,MICROONIB,PARTICULAR,3,8,2026
7099,SAO JOSE DOS CAMPOS,6041-2,EXECUTAR OPERACAO DE CONVERSAO A ESQUERDA EM LOCAL PROIBIDO PELA SINALIZACAO,SP,MOTOCICLO,PARTICULAR,2,8,2026
6611,JOANOPOLIS,6653-1,CONDUZIR O VEICULO COM DESCARGA LIVRE,SP,MOTOCICLO,PARTICULAR,1,8,2026
6377,DIADEMA,5720-0,TRANSITAR PELA CONTRAMAO DE DIRECAO EM VIA COM DUPLO SENTIDO DE CIRCULACAO,SP,AUTOMOVEL,PARTICULAR,1,8,2026
7145,SOROCABA,5185-1,Deixar o condutor de usar o cinto seguranca,Outras UFs,AUTOMOVEL,PARTICULAR,1,8,2026
6261,BURI,5010-0,DIRIGIR VEICULO SEM POSSUIR CNH/PPD/ACC,SP,AUTOMOVEL,PARTICULAR,1,8,2026
7033,SANTA FE DO SUL,5045-0,DIRIGIR VEICULO COM VALIDADE DE CNH/PPD VENCIDA HA MAIS DE 30 DIAS,SP,MOTONETA,PARTICULAR,1,8,2026
6477,GUARULHOS,6602-0,CONDUZIR O VEICULO COM QUALQUER UMA DAS PLACAS SEM LEGIBILIDADE E VISIBILIDADE,SP,MOTOCICLO,PARTICULAR,4,8,2026
6179,ASSIS,6050-2,AVANCAR O SINAL DE PARADA OBRIGATORIA,Outras UFs,CAMINHAO,PARTICULAR,1,8,2026
6163,ARARAQUARA,6610-2,CONDUZIR O VEICULO COM CARACTERISTICA ALTERADA,SP,MOTONETA,PARTICULAR,1,8,2026
2993,POTIM,6530-0,USAR NO VEICULO EQUIP C/ SOM EM VOLUME/FREQUENCIA NAO AUTORIZADOS PELO CONTRAN,SP,AUTOMOVEL,PARTICULAR,1,8,2026
6587,JABOTICABAL,6726-1,"CONDUZIR O VEICULO EM MAU ESTADO DE CONSERVACAO, COMPROMETENDO A SEGURANCA",SP,AUTOMOVEL,PARTICULAR,1,8,2026
6477,GUARULHOS,6041-2,EXECUTAR OPERACAO DE CONVERSAO A ESQUERDA EM LOCAL PROIBIDO PELA SINALIZACAO,SP,AUTOMOVEL,PARTICULAR,1,8,2026
6933,PROMISSAO,5118-0,PERMITIR POSSE/CONDUCAO DO VEICULO A PESSOA SEM CNH/PPD/ACC,SP,MOTOCICLO,PARTICULAR,1,8,2026
6533,IRAPURU,6637-2,CONDUZIR O VEICULO COM EQUIPAMENTO OBRIGATORIO INEFICIENTE/INOPERANTE,SP,ONIBUS,OFICIAL,2,8,2026
6209,BARRETOS,7048-1,"CONDUZIR MOTOCICLETA, MOTONETA E CICLOMOTOR TRANSPORTANDO PASSAGEIRO S/ CAPACETE",SP,MOTOCICLO,PARTICULAR,1,8,2026
6213,BARUERI,6076-0,TRANSPOR BLOQUEIO VIARIO POLICIAL,SP,MOTOCICLO,PARTICULAR,1,8,2026
6931,PRESIDENTE VENCESLAU,5282-0,"DEIXAR O COND ENVOLVIDO EM ACIDENTE, DE PRESTAR OU PROVIDENCIAR SOCORRO A VITIMA",SP,AUTOMOVEL,PARTICULAR,1,8,2026
7121,SAO VICENTE,5185-1,Deixar o condutor de usar o cinto seguranca,SP,AUTOMOVEL,PARTICULAR,3,8,2026
6543,ITANHAEM,7048-1,"CONDUZIR MOTOCICLETA, MOTONETA E CICLOMOTOR TRANSPORTANDO PASSAGEIRO S/ CAPACETE",SP,MOTOCICLO,PARTICULAR,1,8,2026
6285,CAJAMAR,5070-2,ENTREGAR VEICULO A PESSOA COM CNH/PPD/ACC COM SUSP. DO DIREITO DE DIRIGIR,SP,AUTOMOVEL,PARTICULAR,1,8,2026
6369,CRUZEIRO,5118-0,PERMITIR POSSE/CONDUCAO DO VEICULO A PESSOA SEM CNH/PPD/ACC,SP,AUTOMOVEL,PARTICULAR,1,8,2026
6215,BASTOS,6726-1,"CONDUZIR O VEICULO EM MAU ESTADO DE CONSERVACAO, COMPROMETENDO A SEGURANCA",SP,MOTOCICLO,PARTICULAR,1,8,2026
7107,SAO PAULO,7684-2,Cond motoc/moton/ciclom c/ util cap de seg c/ vis/ocul prot des c/ regul Contran,SP,CICLOMOTO,PARTICULAR,1,8,2026
6979,RIO CLARO,5738-0,TRANSITAR PELA CONTRAMAO DE DIRECAO EM VIA C/ SINALIZACAO DE REGUL SENTIDO UNICO,SP,MOTONETA,PARTICULAR,1,8,2026
6213,BARUERI,5070-2,ENTREGAR VEICULO A PESSOA COM CNH/PPD/ACC COM SUSP. DO DIREITO DE DIRIGIR,SP,MOTOCICLO,PARTICULAR,2,8,2026
6853,PERUIBE,6408-0,PORTAR NO VEICULO PLACAS DE IDENTIFICACAO EM DESACORDO C/ ESPECIF/MODELO CONTRAN,SP,AUTOMOVEL,PARTICULAR,1,8,2026
6221,BEBEDOURO,6050-1,AVAN O SIN VERM DO SEMAF EXC SE HOUVER SINALIZ PERM LIVRE CONV A DIR,SP,AUTOMOVEL,PARTICULAR,1,8,2026
2957,VARGEM,5835-0,Desobedecer as ordens emanadas da autorid compet de transito ou de seus agentes,SP,MOTOCICLO,PARTICULAR,1,8,2026
6477,GUARULHOS,5797-0,FORCAR PASSAGEM ENTRE VEICS TRANS SENT OPOSTOS NA IMINENCIA REALIZ ULTRAPASSAGEM,SP,MOTOCICLO,PARTICULAR,2,8,2026
6189,AVARE,7684-2,Cond motoc/moton/ciclom c/ util cap de seg c/ vis/ocul prot des c/ regul Contran,SP,MOTOCICLO,PARTICULAR,1,8,2026
6213,BARUERI,6599-2,CONDUZIR O VEICULO REGISTRADO QUE NAO ESTEJA DEVIDAMENTE LICENCIADO,SP,AUTOMOVEL,PARTICULAR,1,8,2026
6689,MAUA,6599-2,CONDUZIR O VEICULO REGISTRADO QUE NAO ESTEJA DEVIDAMENTE LICENCIADO,SP,MOTOCICLO,PARTICULAR,3,8,2026
7149,SUMARE,6637-1,CONDUZIR O VEICULO SEM EQUIPAMENTO OBRIGATORIO,SP,MOTOCICLO,PARTICULAR,1,8,2026
6131,AMERICANA,7633-2,Dirigir veiculo manuseando telefone celular,SP,MOTONETA,PARTICULAR,1,8,2026
6601,JANDIRA,5070-2,ENTREGAR VEICULO A PESSOA COM CNH/PPD/ACC COM SUSP. DO DIREITO DE DIRIGIR,SP,AUTOMOVEL,PARTICULAR,1,8,2026
7095,SAO JOSE DO RIO PARDO,5010-0,DIRIGIR VEICULO SEM POSSUIR CNH/PPD/ACC,SP,MOTOCICLO,PARTICULAR,2,8,2026
6109,AGUAS DE LINDOIA,5010-0,DIRIGIR VEICULO SEM POSSUIR CNH/PPD/ACC,SP,AUTOMOVEL,PARTICULAR,1,8,2026
7175,TAQUARITINGA,5274-1,UTILIZ VEIC DEMONST/EXIBIR MANOBRA PERIGOSA MEDIANTE ARRANCADA BRUSCA,SP,MOTOCICLO,PARTICULAR,1,8,2026
7107,SAO PAULO,5169-1,DIRIGIR SOB A INFLUENCIA DE ALCOOL,SP,UTILITARIO,PARTICULAR,1,8,2026
7117,SAO SEBASTIAO DA GRAMA,5118-0,PERMITIR POSSE/CONDUCAO DO VEICULO A PESSOA SEM CNH/PPD/ACC,SP,AUTOMOVEL,PARTICULAR,1,8,2026
6597,JALES,6599-2,CONDUZIR O VEICULO REGISTRADO QUE NAO ESTEJA DEVIDAMENTE LICENCIADO,SP,MOTONETA,PARTICULAR,1,8,2026
6291,CAMPINAS,6041-2,EXECUTAR OPERACAO DE CONVERSAO A ESQUERDA EM LOCAL PROIBIDO PELA SINALIZACAO,SP,CAMINHONET,PARTICULAR,1,8,2026
6607,JAU,7340-0,DIRIGIR O VEIC USANDO CALCADO QUE N SE FIRME NOS PES/COMPROMETA UTILIZ PEDAIS,SP,MOTOCICLO,PARTICULAR,1,8,2026
6295,CAMPOS DO JORDAO,5207-0,Dirigir sem atencao ou sem os cuidados indispensaveis a seguranca,SP,MOTOCICLO,PARTICULAR,1,8,2026
6209,BARRETOS,6530-0,USAR NO VEICULO EQUIP C/ SOM EM VOLUME/FREQUENCIA NAO AUTORIZADOS PELO CONTRAN,SP,CAMIONETA,PARTICULAR,1,8,2026
7255,EUCLIDES DA CUNHA PAULISTA,5185-2,Deixar o passageiro de usar o cinto seguranca,SP,AUTOMOVEL,PARTICULAR,1,8,2026
6587,JABOTICABAL,6599-2,CONDUZIR O VEICULO REGISTRADO QUE NAO ESTEJA DEVIDAMENTE LICENCIADO,SP,AUTOMOVEL,PARTICULAR,3,8,2026
6313,CARAPICUIBA,5061-0,ENTREGAR VEICULO A PESSOA SEM CNH/PPD/ACC,SP,AUTOMOVEL,PARTICULAR,1,8,2026
6931,PRESIDENTE VENCESLAU,7633-1,Dirigir veiculo segurando telefone celular,SP,CAMINHONET,PARTICULAR,1,8,2026
6687,MATAO,6530-0,USAR NO VEICULO EQUIP C/ SOM EM VOLUME/FREQUENCIA NAO AUTORIZADOS PELO CONTRAN,SP,CAMINHONET,PARTICULAR,1,8,2026
6451,GUAPIACU,6670-0,CONDUZIR O VEICULO C/ EQUIP DO SISTEMA DE ILUMINACAO E DE SINALIZACAO ALTERADOS,SP,MOTOCICLO,PARTICULAR,2,8,2026
6931,PRESIDENTE VENCESLAU,6726-1,"CONDUZIR O VEICULO EM MAU ESTADO DE CONSERVACAO, COMPROMETENDO A SEGURANCA",SP,MOTOCICLO,PARTICULAR,2,8,2026
6487,IBATE,5452-1,ESTACIONAR NO PASSEIO,SP,CAMINHAO,ALUGUEL,1,8,2026
6313,CARAPICUIBA,5061-0,ENTREGAR VEICULO A PESSOA SEM CNH/PPD/ACC,SP,MOTOCICLO,PARTICULAR,1,8,2026
6337,CHAVANTES,6572-0,CONDUZIR O VEICULO COM DISPOSITIVO ANTIRRADAR,SP,MOTOCICLO,PARTICULAR,1,8,2026
7141,SILVEIRAS,7633-1,Dirigir veiculo segurando telefone celular,SP,AUTOMOVEL,PARTICULAR,1,8,2026
6715,MOGI-GUACU,5274-1,UTILIZ VEIC DEMONST/EXIBIR MANOBRA PERIGOSA MEDIANTE ARRANCADA BRUSCA,SP,AUTOMOVEL,PARTICULAR,2,8,2026
6873,PIRACAIA,6580-0,CONDUZIR O VEICULO SEM QUALQUER UMA DAS PLACAS DE IDENTIFICACAO,SP,MOTOCICLO,PARTICULAR,1,8,2026
7047,SANTANA DE PARNAIBA,7684-1,Cond motoc/moton/ciclom c/ util cap de seg s/ vis/ocul prot,SP,MOTOCICLO,ALUGUEL,1,8,2026
7157,TABOAO DA SERRA,5215-1,Dirigir ameacando os pedestres que estejam atravessando a via publica,SP,MOTOCICLO,PARTICULAR,1,8,2026
6921,PRAIA GRANDE,5010-0,DIRIGIR VEICULO SEM POSSUIR CNH/PPD/ACC,SP,CICLOMOTO,PARTICULAR,1,8,2026
7107,SAO PAULO,5134-1,PERMITIR POSSE/CONDUCAO VEIC A PESSOA COM CNH CATEGORIA DIFERENTE DA DO VEICULO,SP,MOTOCICLO,PARTICULAR,1,8,2026
6687,MATAO,6610-2,CONDUZIR O VEICULO COM CARACTERISTICA ALTERADA,SP,AUTOMOVEL,PARTICULAR,1,8,2026
6147,ANHUMAS,5096-0,ENTREGAR VEICULO A PESSOA COM CNH/PPD VENCIDA HA MAIS DE 30 DIAS,SP,MOTOCICLO,PARTICULAR,1,8,2026
7107,SAO PAULO,5843-3,"Deixar de indicar c/ antec, med gesto de braco/luz indicadora, mudanca direcao",Outras UFs,CAMINHONET,,1,8,2026
6619,JUNDIAI,6653-1,CONDUZIR O VEICULO COM DESCARGA LIVRE,SP,AUTOMOVEL,PARTICULAR,1,8,2026
7091,SAO JOSE DA BELA VISTA,5274-1,UTILIZ VEIC DEMONST/EXIBIR MANOBRA PERIGOSA MEDIANTE ARRANCADA BRUSCA,SP,AUTOMOVEL,PARTICULAR,1,8,2026
6435,GARCA,6599-2,CONDUZIR O VEICULO REGISTRADO QUE NAO ESTEJA DEVIDAMENTE LICENCIADO,SP,MOTOCICLO,PARTICULAR,2,8,2026
3055,ITAPIRAPUA PAULISTA,6637-1,CONDUZIR O VEICULO SEM EQUIPAMENTO OBRIGATORIO,SP,MOTOCICLO,PARTICULAR,1,8,2026
6875,PIRACICABA,5738-0,TRANSITAR PELA CONTRAMAO DE DIRECAO EM VIA C/ SINALIZACAO DE REGUL SENTIDO UNICO,SP,AUTOMOVEL,PARTICULAR,1,8,2026
6539,ITAJOBI,6050-1,AVAN O SIN VERM DO SEMAF EXC SE HOUVER SINALIZ PERM LIVRE CONV A DIR,SP,AUTOMOVEL,PARTICULAR,1,8,2026
7109,SAO PEDRO,7633-2,Dirigir veiculo manuseando telefone celular,SP,AUTOMOVEL,PARTICULAR,1,8,2026
7107,SAO PAULO,5185-1,Deixar o condutor de usar o cinto seguranca,SP,MICROONIB,ALUGUEL,1,8,2026
7107,SAO PAULO,7633-1,Dirigir veiculo segurando telefone celular,Outras UFs,UTILITARIO,PARTICULAR,1,8,2026
6425,FRANCA,7544-1,Falta de escrituracao livro registro entrada/saida e de uso placa de experiencia,SP,UTILITARIO,PARTICULAR,1,8,2026
6969,RIBEIRAO PRETO,6971-0,RECUSAR-SE A ENTREGAR CNH/CRV/CRLV/ OUTROS DOCUMENTOS,SP,MOTONETA,PARTICULAR,1,8,2026
6823,PARDINHO,7579-0,"REC SUB TEST, EX CLIN, PERIC OU PROC Q PERM CERT INFL ALC/SUB PSIC FOR ART. 277",SP,AUTOMOVEL,PARTICULAR,1,8,2026
6475,GUARUJA,5207-0,Dirigir sem atencao ou sem os cuidados indispensaveis a seguranca,SP,MOTONETA,PARTICULAR,1,8,2026
7107,SAO PAULO,6858-0,Transitar com o veiculo com lotacao excedente,SP,MOTOCICLO,PARTICULAR,1,8,2026
6563,ITAQUAQUECETUBA,5118-0,PERMITIR POSSE/CONDUCAO DO VEICULO A PESSOA SEM CNH/PPD/ACC,SP,AUTOMOVEL,PARTICULAR,1,8,2026
7183,TAUBATE,6726-1,"CONDUZIR O VEICULO EM MAU ESTADO DE CONSERVACAO, COMPROMETENDO A SEGURANCA",SP,AUTOMOVEL,PARTICULAR,1,8,2026
6619,JUNDIAI,7633-1,Dirigir veiculo segurando telefone celular,SP,AUTOMOVEL,PARTICULAR,1,8,2026
7107,SAO PAULO,7633-1,Dirigir veiculo segurando telefone celular,SP,CAMIONETA,PARTICULAR,7,8,2026
6281,CAIEIRAS,6637-1,CONDUZIR O VEICULO SEM EQUIPAMENTO OBRIGATORIO,SP,AUTOMOVEL,PARTICULAR,1,8,2026
6955,RESTINGA,6599-2,CONDUZIR O VEICULO REGISTRADO QUE NAO ESTEJA DEVIDAMENTE LICENCIADO,SP,AUTOMOVEL,PARTICULAR,1,8,2026
6373,CUNHA,7684-1,Cond motoc/moton/ciclom c/ util cap de seg s/ vis/ocul prot,SP,MOTOCICLO,PARTICULAR,2,8,2026
7121,SAO VICENTE,7544-1,Falta de escrituracao livro registro entrada/saida e de uso placa de experiencia,Outras UFs,CAMINHONET,PARTICULAR,1,8,2026
7145,SOROCABA,5819-1,"TRANSITAR COM O VEICULO EM CALCADAS, PASSEIOS",SP,CAMINHONET,PARTICULAR,1,8,2026
6179,ASSIS,6050-1,AVAN O SIN VERM DO SEMAF EXC SE HOUVER SINALIZ PERM LIVRE CONV A DIR,SP,AUTOMOVEL,PARTICULAR,2,8,2026
6131,AMERICANA,7366-2,DIRIGIR VEICULO UTILIZANDO-SE DE TELEFONE CELULAR,SP,CAMINHONET,PARTICULAR,1,8,2026
6377,DIADEMA,7030-1,Conduzir motoc/moton/ciclom s/ capacete de seguranca,SP,MOTOCICLO,PARTICULAR,2,8,2026
7167,TAMBAU,7633-2,Dirigir veiculo manuseando telefone celular,SP,AUTOMOVEL,PARTICULAR,1,8,2026
6465,GUARARAPES,5738-0,TRANSITAR PELA CONTRAMAO DE DIRECAO EM VIA C/ SINALIZACAO DE REGUL SENTIDO UNICO,SP,MOTOCICLO,PARTICULAR,1,8,2026
6931,PRESIDENTE VENCESLAU,5061-0,ENTREGAR VEICULO A PESSOA SEM CNH/PPD/ACC,SP,MOTOCICLO,PARTICULAR,1,8,2026
6357,COSMOPOLIS,6726-1,"CONDUZIR O VEICULO EM MAU ESTADO DE CONSERVACAO, COMPROMETENDO A SEGURANCA",SP,MOTOCICLO,PARTICULAR,1,8,2026
6921,PRAIA GRANDE,5738-0,TRANSITAR PELA CONTRAMAO DE DIRECAO EM VIA C/ SINALIZACAO DE REGUL SENTIDO UNICO,SP,MOTOCICLO,PARTICULAR,1,8,2026
7107,SAO PAULO,5185-1,Deixar o condutor de usar o cinto seguranca,Outras UFs,CAMINHONET,ALUGUEL,1,8,2026
6563,ITAQUAQUECETUBA,6726-1,"CONDUZIR O VEICULO EM MAU ESTADO DE CONSERVACAO, COMPROMETENDO A SEGURANCA",SP,MOTOCICLO,PARTICULAR,1,8,2026
6323,CATANDUVA,5207-0,Dirigir sem atencao ou sem os cuidados indispensaveis a seguranca,SP,MOTOCICLO,PARTICULAR,1,8,2026
6703,MIRANDOPOLIS,7072-1,CONDUZIR MOTOC/MOTON/CICLOM TRANSP CRIANCA MENOR DE 10 ANOS DE IDADE,SP,MOTOCICLO,PARTICULAR,1,8,2026
7107,SAO PAULO,5029-2,DIRIGIR VEICULO COM CNH/PPD/ACC COM SUSPENSAO DO DIREITO DE DIRIGIR,SP,C. TRATOR,ALUGUEL,1,8,2026
7167,TAMBAU,5045-0,DIRIGIR VEICULO COM VALIDADE DE CNH/PPD VENCIDA HA MAIS DE 30 DIAS,SP,MOTOCICLO,PARTICULAR,1,8,2026
6687,MATAO,7714-1,Cond motoc/moton/ciclom transp pass c/ cap de seg s/ vis/ocul de protecao,SP,MOTOCICLO,PARTICULAR,1,8,2026
7105,SAO MIGUEL ARCANJO,6637-1,CONDUZIR O VEICULO SEM EQUIPAMENTO OBRIGATORIO,SP,CAMINHONET,PARTICULAR,1,8,2026
7187,TEODORO SAMPAIO,5878-0,"ULTRAPASSAR PELA DIREITA, SALVO QDO VEIC DA FRENTE DER SINAL P/ ENTRAR ESQUERDA",Outras UFs,MOTOCICLO,PARTICULAR,1,8,2026
6601,JANDIRA,5070-2,ENTREGAR VEICULO A PESSOA COM CNH/PPD/ACC COM SUSP. DO DIREITO DE DIRIGIR,SP,MOTONETA,PARTICULAR,1,8,2026
6291,CAMPINAS,5045-0,DIRIGIR VEICULO COM VALIDADE DE CNH/PPD VENCIDA HA MAIS DE 30 DIAS,SP,MOTOCICLO,PARTICULAR,1,8,2026
6955,RESTINGA,6530-0,USAR NO VEICULO EQUIP C/ SOM EM VOLUME/FREQUENCIA NAO AUTORIZADOS PELO CONTRAN,SP,AUTOMOVEL,PARTICULAR,1,8,2026
6211,BARRINHA,7579-0,"REC SUB TEST, EX CLIN, PERIC OU PROC Q PERM CERT INFL ALC/SUB PSIC FOR ART. 277",SP,MOTOCICLO,PARTICULAR,1,8,2026
6619,JUNDIAI,7030-1,Conduzir motoc/moton/ciclom s/ capacete de seguranca,SP,MOTOCICLO,PARTICULAR,1,8,2026
6619,JUNDIAI,7633-2,Dirigir veiculo manuseando telefone celular,SP,CAMIONETA,PARTICULAR,3,8,2026
6365,CRISTAIS PAULISTA,6599-2,CONDUZIR O VEICULO REGISTRADO QUE NAO ESTEJA DEVIDAMENTE LICENCIADO,SP,CAMINHONET,PARTICULAR,1,8,2026
6509,ILHABELA,5010-0,DIRIGIR VEICULO SEM POSSUIR CNH/PPD/ACC,Outras UFs,MOTOCICLO,PARTICULAR,1,8,2026
6873,PIRACAIA,6599-2,CONDUZIR O VEICULO REGISTRADO QUE NAO ESTEJA DEVIDAMENTE LICENCIADO,Outras UFs,AUTOMOVEL,PARTICULAR,1,8,2026
6131,AMERICANA,7684-1,Cond motoc/moton/ciclom c/ util cap de seg s/ vis/ocul prot,SP,MOTOCICLO,PARTICULAR,1,8,2026
6935,QUATA,6599-2,CONDUZIR O VEICULO REGISTRADO QUE NAO ESTEJA DEVIDAMENTE LICENCIADO,SP,MOTOCICLO,PARTICULAR,1,8,2026
6291,CAMPINAS,5827-0,"TRANSITAR EM MARCHA RE, SALVO NA DISTANCIA NECESSARIA A PEQUENAS MANOBRAS",SP,AUTOMOVEL,PARTICULAR,1,8,2026
6969,RIBEIRAO PRETO,7684-1,Cond motoc/moton/ciclom c/ util cap de seg s/ vis/ocul prot,SP,MOTOCICLO,PARTICULAR,2,8,2026
6875,PIRACICABA,6726-1,"CONDUZIR O VEICULO EM MAU ESTADO DE CONSERVACAO, COMPROMETENDO A SEGURANCA",SP,MOTOCICLO,PARTICULAR,4,8,2026
6163,ARARAQUARA,5207-0,Dirigir sem atencao ou sem os cuidados indispensaveis a seguranca,SP,MOTOCICLO,PARTICULAR,2,8,2026
6827,PATROCINIO PAULISTA,6637-1,CONDUZIR O VEICULO SEM EQUIPAMENTO OBRIGATORIO,SP,MOTOCICLO,PARTICULAR,1,8,2026
6635,LEME,6599-2,CONDUZIR O VEICULO REGISTRADO QUE NAO ESTEJA DEVIDAMENTE LICENCIADO,SP,MOTOCICLO,PARTICULAR,3,8,2026
7107,SAO PAULO,7374-0,BLOQUEAR A VIA COM VEICULO,Outras UFs,AUTOMOVEL,PARTICULAR,3,8,2026
6477,GUARULHOS,5266-3,PARTICIPAR COMO CONDUTOR EXIB/DEMONST PERICIA EM MANOBRA DE VEIC S/ PERMISSAO,SP,MOTOCICLO,PARTICULAR,1,8,2026
7105,SAO MIGUEL ARCANJO,6050-1,AVAN O SIN VERM DO SEMAF EXC SE HOUVER SINALIZ PERM LIVRE CONV A DIR,SP,UTILITARIO,PARTICULAR,1,8,2026
6425,FRANCA,6599-2,CONDUZIR O VEICULO REGISTRADO QUE NAO ESTEJA DEVIDAMENTE LICENCIADO,SP,MOTONETA,PARTICULAR,1,8,2026
6573,ITIRAPINA,7099-1,CONDUZIR MOTOCICLETA/MOTONETA/CICLOMOTOR SEM SEGURAR O GUIDOM COM AMBAS AS MAOS,SP,MOTOCICLO,PARTICULAR,1,8,2026
6801,PALESTINA,7633-2,Dirigir veiculo manuseando telefone celular,SP,CAMINHONET,PARTICULAR,1,8,2026
7089,SAO JOAQUIM DA BARRA,6610-2,CONDUZIR O VEICULO COM CARACTERISTICA ALTERADA,SP,CAMINHONET,PARTICULAR,1,8,2026
7079,SAO CARLOS,6599-2,CONDUZIR O VEICULO REGISTRADO QUE NAO ESTEJA DEVIDAMENTE LICENCIADO,SP,AUTOMOVEL,PARTICULAR,3,8,2026
6177,ARUJA,5088-1,ENTREGAR VEICULO A PESSOA COM CNH DE CATEGORIA DIFERENTE DA DO VEICULO,SP,MOTOCICLO,PARTICULAR,1,8,2026
6817,PARANAPANEMA,5010-0,DIRIGIR VEICULO SEM POSSUIR CNH/PPD/ACC,SP,AUTOMOVEL,PARTICULAR,1,8,2026
6959,RIBEIRAO BONITO,5185-1,Deixar o condutor de usar o cinto seguranca,SP,AUTOMOVEL,PARTICULAR,4,8,2026
6933,PROMISSAO,6726-1,"CONDUZIR O VEICULO EM MAU ESTADO DE CONSERVACAO, COMPROMETENDO A SEGURANCA",SP,MOTOCICLO,PARTICULAR,1,8,2026
6313,CARAPICUIBA,6599-2,CONDUZIR O VEICULO REGISTRADO QUE NAO ESTEJA DEVIDAMENTE LICENCIADO,SP,AUTOMOVEL,PARTICULAR,5,8,2026
6451,GUAPIACU,5010-0,DIRIGIR VEICULO SEM POSSUIR CNH/PPD/ACC,SP,MOTONETA,PARTICULAR,1,8,2026
6619,JUNDIAI,7684-2,Cond motoc/moton/ciclom c/ util cap de seg c/ vis/ocul prot des c/ regul Contran,SP,MOTOCICLO,PARTICULAR,1,8,2026
7109,SAO PEDRO,6726-1,"CONDUZIR O VEICULO EM MAU ESTADO DE CONSERVACAO, COMPROMETENDO A SEGURANCA",SP,AUTOMOVEL,PARTICULAR,2,8,2026
6219,BAURU,5169-1,DIRIGIR SOB A INFLUENCIA DE ALCOOL,SP,CAMINHONET,PARTICULAR,1,8,2026
6105,AGUAI,5207-0,Dirigir sem atencao ou sem os cuidados indispensaveis a seguranca,SP,MOTOCICLO,PARTICULAR,1,8,2026
7169,TANABI,6726-1,"CONDUZIR O VEICULO EM MAU ESTADO DE CONSERVACAO, COMPROMETENDO A SEGURANCA",SP,C. TRATOR,APRENDIZAGEM,1,8,2026
7145,SOROCABA,5070-2,ENTREGAR VEICULO A PESSOA COM CNH/PPD/ACC COM SUSP. DO DIREITO DE DIRIGIR,SP,AUTOMOVEL,PARTICULAR,2,8,2026
7119,SAO SIMAO,5045-0,DIRIGIR VEICULO COM VALIDADE DE CNH/PPD VENCIDA HA MAIS DE 30 DIAS,SP,AUTOMOVEL,PARTICULAR,2,8,2026
6579,ITU,7633-2,Dirigir veiculo manuseando telefone celular,SP,CAMIONETA,PARTICULAR,1,8,2026
6281,CAIEIRAS,5061-0,ENTREGAR VEICULO A PESSOA SEM CNH/PPD/ACC,SP,MOTOCICLO,PARTICULAR,2,8,2026
7121,SAO VICENTE,7544-1,Falta de escrituracao livro registro entrada/saida e de uso placa de experiencia,SP,AUTOMOVEL,PARTICULAR,5,8,2026
6637,LENCOIS PAULISTA,6530-0,USAR NO VEICULO EQUIP C/ SOM EM VOLUME/FREQUENCIA NAO AUTORIZADOS PELO CONTRAN,SP,AUTOMOVEL,PARTICULAR,1,8,2026
6563,ITAQUAQUECETUBA,6599-2,CONDUZIR O VEICULO REGISTRADO QUE NAO ESTEJA DEVIDAMENTE LICENCIADO,SP,CAMIONETA,PARTICULAR,1,8,2026
6505,IGARATA,7269-0,EM MOV DE DIA DEIXAR DE MANTER ACESA LUZ BAIXA MOTOC/MOTON/CICLOM,SP,MOTOCICLO,PARTICULAR,1,8,2026
6435,GARCA,7579-0,"REC SUB TEST, EX CLIN, PERIC OU PROC Q PERM CERT INFL ALC/SUB PSIC FOR ART. 277",Outras UFs,AUTOMOVEL,PARTICULAR,1,8,2026
2993,POTIM,5274-1,UTILIZ VEIC DEMONST/EXIBIR MANOBRA PERIGOSA MEDIANTE ARRANCADA BRUSCA,SP,MOTOCICLO,PARTICULAR,1,8,2026
2957,VARGEM,6076-0,TRANSPOR BLOQUEIO VIARIO POLICIAL,SP,MOTOCICLO,PARTICULAR,1,8,2026
6213,BARUERI,5010-0,DIRIGIR VEICULO SEM POSSUIR CNH/PPD/ACC,Outras UFs,MOTOCICLO,PARTICULAR,1,8,2026
7257,GUATAPARA,6530-0,USAR NO VEICULO EQUIP C/ SOM EM VOLUME/FREQUENCIA NAO AUTORIZADOS PELO CONTRAN,SP,AUTOMOVEL,PARTICULAR,1,8,2026
6835,PEDERNEIRAS,7633-2,Dirigir veiculo manuseando telefone celular,SP,CAMINHONET,PARTICULAR,1,8,2026
7151,SUZANO,5010-0,DIRIGIR VEICULO SEM POSSUIR CNH/PPD/ACC,SP,AUTOMOVEL,PARTICULAR,3,8,2026
7107,SAO PAULO,6653-2,CONDUZIR O VEICULO COM SILENCIADOR DE MOTOR DEFEITUOSO/DEFICIENTE/INOPERANTE,SP,CAMIONETA,PARTICULAR,1,8,2026
6259,BROTAS,5037-1,DIRIGIR VEICULO COM CNH DE CATEGORIA DIFERENTE DA DO VEICULO,SP,MOTONETA,PARTICULAR,1,8,2026
6361,COTIA,7340-0,DIRIGIR O VEIC USANDO CALCADO QUE N SE FIRME NOS PES/COMPROMETA UTILIZ PEDAIS,SP,MOTOCICLO,PARTICULAR,2,8,2026
6711,MOCOCA,5274-1,UTILIZ VEIC DEMONST/EXIBIR MANOBRA PERIGOSA MEDIANTE ARRANCADA BRUSCA,SP,MOTOCICLO,PARTICULAR,3,8,2026
6477,GUARULHOS,6580-0,CONDUZIR O VEICULO SEM QUALQUER UMA DAS PLACAS DE IDENTIFICACAO,SP,MOTOCICLO,PARTICULAR,1,8,2026
7013,SANTA ADELIA,6530-0,USAR NO VEICULO EQUIP C/ SOM EM VOLUME/FREQUENCIA NAO AUTORIZADOS PELO CONTRAN,SP,AUTOMOVEL,PARTICULAR,2,8,2026
6477,GUARULHOS,6297-0,DEIXAR DE REDUZIR VELOCIDADE DO VEICULO AO APROXIMAR-SE INTERSECAO N SINALIZADA,SP,MOTOCICLO,PARTICULAR,1,8,2026
6569,ITATIBA,5185-1,Deixar o condutor de usar o cinto seguranca,SP,UTILITARIO,PARTICULAR,1,8,2026
6477,GUARULHOS,5738-0,TRANSITAR PELA CONTRAMAO DE DIRECAO EM VIA C/ SINALIZACAO DE REGUL SENTIDO UNICO,SP,AUTOMOVEL,PARTICULAR,2,8,2026
6313,CARAPICUIBA,5207-0,Dirigir sem atencao ou sem os cuidados indispensaveis a seguranca,SP,AUTOMOVEL,PARTICULAR,1,8,2026
7181,TATUI,5045-0,DIRIGIR VEICULO COM VALIDADE DE CNH/PPD VENCIDA HA MAIS DE 30 DIAS,SP,MOTOCICLO,PARTICULAR,1,8,2026
6221,BEBEDOURO,6599-2,CONDUZIR O VEICULO REGISTRADO QUE NAO ESTEJA DEVIDAMENTE LICENCIADO,SP,CAMINHONET,PARTICULAR,1,8,2026
6313,CARAPICUIBA,7030-1,Conduzir motoc/moton/ciclom s/ capacete de seguranca,SP,MOTOCICLO,PARTICULAR,2,8,2026
6369,CRUZEIRO,5061-0,ENTREGAR VEICULO A PESSOA SEM CNH/PPD/ACC,SP,AUTOMOVEL,PARTICULAR,1,8,2026
7121,SAO VICENTE,5819-1,"TRANSITAR COM O VEICULO EM CALCADAS, PASSEIOS",SP,MOTOCICLO,PARTICULAR,1,8,2026
7097,SAO JOSE DO RIO PRETO,6670-0,CONDUZIR O VEICULO C/ EQUIP DO SISTEMA DE ILUMINACAO E DE SINALIZACAO ALTERADOS,SP,MOTOCICLO,PARTICULAR,3,8,2026
7107,SAO PAULO,5010-0,DIRIGIR VEICULO SEM POSSUIR CNH/PPD/ACC,SP,CICLOMOTO,PARTICULAR,3,8,2026
6175,ARTUR NOGUEIRA,6050-2,AVANCAR O SINAL DE PARADA OBRIGATORIA,SP,MOTOCICLO,PARTICULAR,1,8,2026
6499,IEPE,6599-2,CONDUZIR O VEICULO REGISTRADO QUE NAO ESTEJA DEVIDAMENTE LICENCIADO,SP,AUTOMOVEL,PARTICULAR,1,8,2026
7207,TURMALINA,5010-0,DIRIGIR VEICULO SEM POSSUIR CNH/PPD/ACC,SP,AUTOMOVEL,PARTICULAR,1,8,2026
6563,ITAQUAQUECETUBA,6599-2,CONDUZIR O VEICULO REGISTRADO QUE NAO ESTEJA DEVIDAMENTE LICENCIADO,SP,MOTOCICLO,PARTICULAR,1,8,2026
7213,UCHOA,6599-2,CONDUZIR O VEICULO REGISTRADO QUE NAO ESTEJA DEVIDAMENTE LICENCIADO,SP,MOTOCICLO,PARTICULAR,1,8,2026
6681,MARILIA,5029-2,DIRIGIR VEICULO COM CNH/PPD/ACC COM SUSPENSAO DO DIREITO DE DIRIGIR,SP,MOTOCICLO,PARTICULAR,1,8,2026
6769,NOVA ODESSA,7340-0,DIRIGIR O VEIC USANDO CALCADO QUE N SE FIRME NOS PES/COMPROMETA UTILIZ PEDAIS,SP,MOTOCICLO,PARTICULAR,1,8,2026
6377,DIADEMA,5070-2,ENTREGAR VEICULO A PESSOA COM CNH/PPD/ACC COM SUSP. DO DIREITO DE DIRIGIR,SP,AUTOMOVEL,PARTICULAR,1,8,2026
7107,SAO PAULO,6602-0,CONDUZIR O VEICULO COM QUALQUER UMA DAS PLACAS SEM LEGIBILIDADE E VISIBILIDADE,Outras UFs,CAMINHONET,,1,8,2026
6205,BARRA BONITA,6726-1,"CONDUZIR O VEICULO EM MAU ESTADO DE CONSERVACAO, COMPROMETENDO A SEGURANCA",SP,MOTOCICLO,PARTICULAR,2,8,2026
2943,ILHA SOLTEIRA,5010-0,DIRIGIR VEICULO SEM POSSUIR CNH/PPD/ACC,Outras UFs,MOTONETA,PARTICULAR,1,8,2026
6959,RIBEIRAO BONITO,6599-2,CONDUZIR O VEICULO REGISTRADO QUE NAO ESTEJA DEVIDAMENTE LICENCIADO,SP,AUTOMOVEL,PARTICULAR,1,8,2026
6875,PIRACICABA,7749-2,DIRIGIR VEICULO SEM POSSUIR CURSOS ESPECIFICOS OBRIGATORIOS,SP,MOTOCICLO,PARTICULAR,1,8,2026
6345,CONCHAL,5118-0,PERMITIR POSSE/CONDUCAO DO VEICULO A PESSOA SEM CNH/PPD/ACC,Outras UFs,MOTOCICLO,,1,8,2026
6219,BAURU,7285-0,"EM MOVIMENTO, DEIXAR DE MANTER A PLACA TRASEIRA ILUMINADA A NOITE",SP,MOTOCICLO,PARTICULAR,4,8,2026
2947,CANITAR,6530-0,USAR NO VEICULO EQUIP C/ SOM EM VOLUME/FREQUENCIA NAO AUTORIZADOS PELO CONTRAN,SP,AUTOMOVEL,PARTICULAR,1,8,2026
7083,SAO JOAO DA BOA VISTA,5215-1,Dirigir ameacando os pedestres que estejam atravessando a via publica,SP,MOTOCICLO,PARTICULAR,2,8,2026
7035,SANTA GERTRUDES,6556-4,CONDUZIR O VEICULO COM A PLACA VIOLADA/FALSIFICADA,SP,AUTOMOVEL,PARTICULAR,1,8,2026
6219,BAURU,7773-2,ENTREGAR VEICULO A PESSOA SEM POSSUIR CURSOS ESPECIFICOS OBRIGATORIOS,SP,MOTOCICLO,PARTICULAR,1,8,2026
6689,MAUA,6050-1,AVAN O SIN VERM DO SEMAF EXC SE HOUVER SINALIZ PERM LIVRE CONV A DIR,SP,MOTOCICLO,PARTICULAR,1,8,2026
6493,IBITINGA,6602-0,CONDUZIR O VEICULO COM QUALQUER UMA DAS PLACAS SEM LEGIBILIDADE E VISIBILIDADE,SP,MOTOCICLO,PARTICULAR,1,8,2026
7097,SAO JOSE DO RIO PRETO,5045-0,DIRIGIR VEICULO COM VALIDADE DE CNH/PPD VENCIDA HA MAIS DE 30 DIAS,SP,MOTOCICLO,PARTICULAR,1,8,2026
6553,ITAPIRA,7684-2,Cond motoc/moton/ciclom c/ util cap de seg c/ vis/ocul prot des c/ regul Contran,SP,MOTOCICLO,PARTICULAR,1,8,2026
7149,SUMARE,7579-0,"REC SUB TEST, EX CLIN, PERIC OU PROC Q PERM CERT INFL ALC/SUB PSIC FOR ART. 277",SP,MOTOCICLO,PARTICULAR,1,8,2026
6875,PIRACICABA,5274-1,UTILIZ VEIC DEMONST/EXIBIR MANOBRA PERIGOSA MEDIANTE ARRANCADA BRUSCA,SP,MOTOCICLO,PARTICULAR,1,8,2026
6601,JANDIRA,7749-2,DIRIGIR VEICULO SEM POSSUIR CURSOS ESPECIFICOS OBRIGATORIOS,Outras UFs,AUTOMOVEL,PARTICULAR,1,8,2026
6867,PINHALZINHO,6599-2,CONDUZIR O VEICULO REGISTRADO QUE NAO ESTEJA DEVIDAMENTE LICENCIADO,SP,MOTONETA,PARTICULAR,1,8,2026
7157,TABOAO DA SERRA,6599-2,CONDUZIR O VEICULO REGISTRADO QUE NAO ESTEJA DEVIDAMENTE LICENCIADO,SP,MOTOCICLO,PARTICULAR,1,8,2026
6779,OLIMPIA,5274-1,UTILIZ VEIC DEMONST/EXIBIR MANOBRA PERIGOSA MEDIANTE ARRANCADA BRUSCA,SP,MOTOCICLO,PARTICULAR,1,8,2026
7107,SAO PAULO,5274-2,UTILIZ VEIC DEM/EXIBIR MANOB PERIG MED DERRAP/FRENAG C/DESLIZ/ARRAST PNEUS,SP,AUTOMOVEL,PARTICULAR,2,8,2026
7057,SANTO ANDRE,7030-1,Conduzir motoc/moton/ciclom s/ capacete de seguranca,SP,MOTOCICLO,PARTICULAR,2,8,2026
6477,GUARULHOS,5274-2,UTILIZ VEIC DEM/EXIBIR MANOB PERIG MED DERRAP/FRENAG C/DESLIZ/ARRAST PNEUS,SP,AUTOMOVEL,PARTICULAR,1,8,2026
7107,SAO PAULO,6726-1,"CONDUZIR O VEICULO EM MAU ESTADO DE CONSERVACAO, COMPROMETENDO A SEGURANCA",SP,CAMINHAO,PARTICULAR,1,8,2026
6547,ITAPETININGA,5045-0,DIRIGIR VEICULO COM VALIDADE DE CNH/PPD VENCIDA HA MAIS DE 30 DIAS,SP,MOTOCICLO,PARTICULAR,1,8,2026
6689,MAUA,5738-0,TRANSITAR PELA CONTRAMAO DE DIRECAO EM VIA C/ SINALIZACAO DE REGUL SENTIDO UNICO,SP,AUTOMOVEL,PARTICULAR,2,8,2026
7145,SOROCABA,5010-0,DIRIGIR VEICULO SEM POSSUIR CNH/PPD/ACC,SP,CAMINHONET,PARTICULAR,1,8,2026
7135,SERTAOZINHO,7579-0,"REC SUB TEST, EX CLIN, PERIC OU PROC Q PERM CERT INFL ALC/SUB PSIC FOR ART. 277",SP,CAMIONETA,PARTICULAR,1,8,2026
2951,HORTOLANDIA,7366-2,DIRIGIR VEICULO UTILIZANDO-SE DE TELEFONE CELULAR,Outras UFs,CAMIONETA,PARTICULAR,1,8,2026
7145,SOROCABA,5797-0,FORCAR PASSAGEM ENTRE VEICS TRANS SENT OPOSTOS NA IMINENCIA REALIZ ULTRAPASSAGEM,SP,MOTOCICLO,PARTICULAR,2,8,2026
6689,MAUA,5835-0,Desobedecer as ordens emanadas da autorid compet de transito ou de seus agentes,SP,AUTOMOVEL,PARTICULAR,1,8,2026
6231,BIRITIBA-MIRIM,6726-1,"CONDUZIR O VEICULO EM MAU ESTADO DE CONSERVACAO, COMPROMETENDO A SEGURANCA",SP,MOTOCICLO,PARTICULAR,1,8,2026
6281,CAIEIRAS,5070-2,ENTREGAR VEICULO A PESSOA COM CNH/PPD/ACC COM SUSP. DO DIREITO DE DIRIGIR,SP,MOTOCICLO,PARTICULAR,1,8,2026
7145,SOROCABA,7617-1,"USAR QQ VEICULO PARA, DELIB, INTERROMPER CIRCULACAO NA VIA SEM AUT DO ORGAO",SP,CAMIONETA,PARTICULAR,1,8,2026
6181,ATIBAIA,5045-0,DIRIGIR VEICULO COM VALIDADE DE CNH/PPD VENCIDA HA MAIS DE 30 DIAS,SP,AUTOMOVEL,PARTICULAR,1,8,2026
6789,OSASCO,7056-1,CONDUZIR MOTOC/MOTON/CICLOMOTOR FAZENDO MALABARISMO/EQUILIBRANDO-SE EM UMA RODA,SP,MOTOCICLO,PARTICULAR,2,8,2026
7107,SAO PAULO,5207-0,Dirigir sem atencao ou sem os cuidados indispensaveis a seguranca,SP,CAMIONETA,PARTICULAR,4,8,2026
6931,PRESIDENTE VENCESLAU,6530-0,USAR NO VEICULO EQUIP C/ SOM EM VOLUME/FREQUENCIA NAO AUTORIZADOS PELO CONTRAN,SP,AUTOMOVEL,PARTICULAR,2,8,2026
6711,MOCOCA,6726-1,"CONDUZIR O VEICULO EM MAU ESTADO DE CONSERVACAO, COMPROMETENDO A SEGURANCA",SP,AUTOMOVEL,PARTICULAR,2,8,2026
7175,TAQUARITINGA,5118-0,PERMITIR POSSE/CONDUCAO DO VEICULO A PESSOA SEM CNH/PPD/ACC,SP,AUTOMOVEL,PARTICULAR,1,8,2026
6545,ITAPECERICA DA SERRA,7749-2,DIRIGIR VEICULO SEM POSSUIR CURSOS ESPECIFICOS OBRIGATORIOS,SP,MOTOCICLO,PARTICULAR,1,8,2026
7181,TATUI,7579-0,"REC SUB TEST, EX CLIN, PERIC OU PROC Q PERM CERT INFL ALC/SUB PSIC FOR ART. 277",SP,AUTOMOVEL,PARTICULAR,1,8,2026
6921,PRAIA GRANDE,5207-0,Dirigir sem atencao ou sem os cuidados indispensaveis a seguranca,SP,AUTOMOVEL,PARTICULAR,1,8,2026
6809,PANORAMA,5010-0,DIRIGIR VEICULO SEM POSSUIR CNH/PPD/ACC,SP,AUTOMOVEL,PARTICULAR,1,8,2026
6457,GUARACAI,6645-0,CONDUZIR O VEICULO COM EQUIP OBRIGATORIO EM DESACORDO COM O ESTAB PELO CONTRAN,SP,MOTOCICLO,PARTICULAR,1,8,2026
6291,CAMPINAS,6653-2,CONDUZIR O VEICULO COM SILENCIADOR DE MOTOR DEFEITUOSO/DEFICIENTE/INOPERANTE,SP,MOTOCICLO,PARTICULAR,1,8,2026
6397,ELDORADO,6530-0,USAR NO VEICULO EQUIP C/ SOM EM VOLUME/FREQUENCIA NAO AUTORIZADOS PELO CONTRAN,SP,AUTOMOVEL,PARTICULAR,1,8,2026
7107,SAO PAULO,7269-0,EM MOV DE DIA DEIXAR DE MANTER ACESA LUZ BAIXA MOTOC/MOTON/CICLOM,SP,MOTOCICLO,PARTICULAR,2,8,2026
6429,FRANCO DA ROCHA,7340-0,DIRIGIR O VEIC USANDO CALCADO QUE N SE FIRME NOS PES/COMPROMETA UTILIZ PEDAIS,SP,MOTOCICLO,PARTICULAR,5,8,2026
6781,ONDA VERDE,6637-1,CONDUZIR O VEICULO SEM EQUIPAMENTO OBRIGATORIO,SP,AUTOMOVEL,PARTICULAR,1,8,2026
7083,SAO JOAO DA BOA VISTA,6599-2,CONDUZIR O VEICULO REGISTRADO QUE NAO ESTEJA DEVIDAMENTE LICENCIADO,SP,MOTOCICLO,PARTICULAR,3,8,2026
6861,PINDAMONHANGABA,5142-0,PERMITIR POSSE/CONDUCAO DO VEIC A PESSOA COM CNH/PPD VENCIDA HA MAIS DE 30 DIAS,SP,MOTOCICLO,PARTICULAR,1,8,2026
6457,GUARACAI,7340-0,DIRIGIR O VEIC USANDO CALCADO QUE N SE FIRME NOS PES/COMPROMETA UTILIZ PEDAIS,SP,MOTOCICLO,PARTICULAR,1,8,2026
7075,SAO BERNARDO DO CAMPO,7579-0,"REC SUB TEST, EX CLIN, PERIC OU PROC Q PERM CERT INFL ALC/SUB PSIC FOR ART. 277",SP,CAMIONETA,PARTICULAR,1,8,2026
7107,SAO PAULO,6726-1,"CONDUZIR O VEICULO EM MAU ESTADO DE CONSERVACAO, COMPROMETENDO A SEGURANCA",Outras UFs,CAMINHONET,ALUGUEL,1,8,2026
7107,SAO PAULO,6920-1,"Deixar de efetuar registro do veiculo em 30 dias, qdo for transf a propriedade",SP,UTILITARIO,ALUGUEL,1,8,2026
6401,EMBU DAS ARTES,6599-2,CONDUZIR O VEICULO REGISTRADO QUE NAO ESTEJA DEVIDAMENTE LICENCIADO,SP,CAMIONETA,PARTICULAR,1,8,2026
6469,GUARATINGUETA,5193-0,Transportar crianca sem observancia das normas de seguranca estabelecidas p/ CTB,SP,AUTOMOVEL,PARTICULAR,3,8,2026
7053,SANTA ROSA DE VITERBO,6726-1,"CONDUZIR O VEICULO EM MAU ESTADO DE CONSERVACAO, COMPROMETENDO A SEGURANCA",SP,MOTOCICLO,PARTICULAR,1,8,2026
6361,COTIA,7633-2,Dirigir veiculo manuseando telefone celular,SP,AUTOMOVEL,PARTICULAR,1,8,2026
6313,CARAPICUIBA,5819-1,"TRANSITAR COM O VEICULO EM CALCADAS, PASSEIOS",SP,AUTOMOVEL,PARTICULAR,1,8,2026
7175,TAQUARITINGA,5010-0,DIRIGIR VEICULO SEM POSSUIR CNH/PPD/ACC,SP,AUTOMOVEL,PARTICULAR,2,8,2026
7243,VOTORANTIM,7749-2,DIRIGIR VEICULO SEM POSSUIR CURSOS ESPECIFICOS OBRIGATORIOS,SP,MOTOCICLO,PARTICULAR,1,8,2026
6313,CARAPICUIBA,7048-1,"CONDUZIR MOTOCICLETA, MOTONETA E CICLOMOTOR TRANSPORTANDO PASSAGEIRO S/ CAPACETE",SP,MOTOCICLO,PARTICULAR,2,8,2026
6639,LIMEIRA,5215-2,Dirigir ameacando os demais veiculos,SP,MOTOCICLO,PARTICULAR,1,8,2026
6597,JALES,6599-2,CONDUZIR O VEICULO REGISTRADO QUE NAO ESTEJA DEVIDAMENTE LICENCIADO,SP,MOTOCICLO,PARTICULAR,1,8,2026
6105,AGUAI,5061-0,ENTREGAR VEICULO A PESSOA SEM CNH/PPD/ACC,SP,MOTOCICLO,PARTICULAR,1,8,2026
6769,NOVA ODESSA,6599-2,CONDUZIR O VEICULO REGISTRADO QUE NAO ESTEJA DEVIDAMENTE LICENCIADO,SP,CAMINHONET,PARTICULAR,1,8,2026
6897,POA,5185-1,Deixar o condutor de usar o cinto seguranca,SP,AUTOMOVEL,PARTICULAR,1,8,2026
6681,MARILIA,6599-2,CONDUZIR O VEICULO REGISTRADO QUE NAO ESTEJA DEVIDAMENTE LICENCIADO,SP,MOTOCICLO,PARTICULAR,3,8,2026
6861,PINDAMONHANGABA,7030-1,Conduzir motoc/moton/ciclom s/ capacete de seguranca,SP,MOTOCICLO,PARTICULAR,1,8,2026
6505,IGARATA,5070-2,ENTREGAR VEICULO A PESSOA COM CNH/PPD/ACC COM SUSP. DO DIREITO DE DIRIGIR,SP,MOTOCICLO,PARTICULAR,1,8,2026
6309,CAPIVARI,5193-0,Transportar crianca sem observancia das normas de seguranca estabelecidas p/ CTB,SP,AUTOMOVEL,PARTICULAR,1,8,2026
7105,SAO MIGUEL ARCANJO,5070-2,ENTREGAR VEICULO A PESSOA COM CNH/PPD/ACC COM SUSP. DO DIREITO DE DIRIGIR,SP,AUTOMOVEL,PARTICULAR,1,8,2026
6619,JUNDIAI,5770-3,DEIXAR DE DAR PASSAGEM A VEIC DE POLICIA EM SERVICO DE URGENCIA DEVID IDENTIF,SP,AUTOMOVEL,PARTICULAR,1,8,2026
7035,SANTA GERTRUDES,5142-0,PERMITIR POSSE/CONDUCAO DO VEIC A PESSOA COM CNH/PPD VENCIDA HA MAIS DE 30 DIAS,SP,MOTOCICLO,PARTICULAR,1,8,2026
6979,RIO CLARO,7633-2,Dirigir veiculo manuseando telefone celular,SP,AUTOMOVEL,PARTICULAR,1,8,2026
6125,ALVARES MACHADO,5142-0,PERMITIR POSSE/CONDUCAO DO VEIC A PESSOA COM CNH/PPD VENCIDA HA MAIS DE 30 DIAS,SP,MOTOCICLO,PARTICULAR,1,8,2026
6969,RIBEIRAO PRETO,6050-3,AVAN O SIN VERM DO SEMAF EXC SE HOUVER SINALIZ PERM LIVRE CONV A DIR -FISC ELETR,SP,MOTOCICLO,PARTICULAR,3,8,2026
6317,CASA BRANCA,7684-2,Cond motoc/moton/ciclom c/ util cap de seg c/ vis/ocul prot des c/ regul Contran,SP,MOTOCICLO,PARTICULAR,1,8,2026
6477,GUARULHOS,5720-0,TRANSITAR PELA CONTRAMAO DE DIRECAO EM VIA COM DUPLO SENTIDO DE CIRCULACAO,SP,MOTONETA,PARTICULAR,1,8,2026
7075,SAO BERNARDO DO CAMPO,7749-2,DIRIGIR VEICULO SEM POSSUIR CURSOS ESPECIFICOS OBRIGATORIOS,SP,MOTOCICLO,PARTICULAR,3,8,2026
6163,ARARAQUARA,5010-0,DIRIGIR VEICULO SEM POSSUIR CNH/PPD/ACC,SP,AUTOMOVEL,PARTICULAR,1,8,2026
7209,UBATUBA,6637-2,CONDUZIR O VEICULO COM EQUIPAMENTO OBRIGATORIO INEFICIENTE/INOPERANTE,SP,MOTOCICLO,PARTICULAR,1,8,2026
6109,AGUAS DE LINDOIA,6726-1,"CONDUZIR O VEICULO EM MAU ESTADO DE CONSERVACAO, COMPROMETENDO A SEGURANCA",SP,AUTOMOVEL,PARTICULAR,1,8,2026
6179,ASSIS,7579-0,"REC SUB TEST, EX CLIN, PERIC OU PROC Q PERM CERT INFL ALC/SUB PSIC FOR ART. 277",SP,MOTOCICLO,PARTICULAR,2,8,2026
6915,PORTO FERREIRA,6637-1,CONDUZIR O VEICULO SEM EQUIPAMENTO OBRIGATORIO,SP,MOTOCICLO,PARTICULAR,1,8,2026
7257,GUATAPARA,6394-4,DEIXAR DE REDUZIR VELOC ONDE HAJA INTENSA MOVIMENTACAO DE PEDESTRES,SP,MOTOCICLO,PARTICULAR,1,8,2026
6707,MIRASSOL,6637-2,CONDUZIR O VEICULO COM EQUIPAMENTO OBRIGATORIO INEFICIENTE/INOPERANTE,SP,MOTONETA,PARTICULAR,1,8,2026
6377,DIADEMA,5312-0,"DEIXAR O COND ENVOLVIDO EM ACID, DE REMOVER O VEIC LOCAL QDO DETERM POLIC/AGENTE",SP,MOTOCICLO,PARTICULAR,1,8,2026
6219,BAURU,6050-1,AVAN O SIN VERM DO SEMAF EXC SE HOUVER SINALIZ PERM LIVRE CONV A DIR,SP,CAMIONETA,PARTICULAR,1,8,2026
6563,ITAQUAQUECETUBA,7340-0,DIRIGIR O VEIC USANDO CALCADO QUE N SE FIRME NOS PES/COMPROMETA UTILIZ PEDAIS,SP,AUTOMOVEL,PARTICULAR,1,8,2026
7247,BOREBI,5274-1,UTILIZ VEIC DEMONST/EXIBIR MANOBRA PERIGOSA MEDIANTE ARRANCADA BRUSCA,SP,MOTOCICLO,PARTICULAR,1,8,2026
7037,SANTA ISABEL,5010-0,DIRIGIR VEICULO SEM POSSUIR CNH/PPD/ACC,SP,MOTOCICLO,PARTICULAR,1,8,2026
6807,PALMITAL,6637-2,CONDUZIR O VEICULO COM EQUIPAMENTO OBRIGATORIO INEFICIENTE/INOPERANTE,SP,MOTOCICLO,PARTICULAR,1,8,2026
6379,DIVINOLANDIA,5550-0,ESTACIONAR EM LOCAL/HORARIO PROIBIDO ESPECIFICAMENTE PELA SINALIZACAO,SP,AUTOMOVEL,PARTICULAR,1,8,2026
6281,CAIEIRAS,7579-0,"REC SUB TEST, EX CLIN, PERIC OU PROC Q PERM CERT INFL ALC/SUB PSIC FOR ART. 277",SP,AUTOMOVEL,PARTICULAR,1,8,2026
6875,PIRACICABA,5061-0,ENTREGAR VEICULO A PESSOA SEM CNH/PPD/ACC,SP,MOTOCICLO,PARTICULAR,1,8,2026
6915,PORTO FERREIRA,5185-1,Deixar o condutor de usar o cinto seguranca,SP,AUTOMOVEL,PARTICULAR,1,8,2026
6635,LEME,6602-0,CONDUZIR O VEICULO COM QUALQUER UMA DAS PLACAS SEM LEGIBILIDADE E VISIBILIDADE,SP,MOTOCICLO,PARTICULAR,2,8,2026
6373,CUNHA,5215-2,Dirigir ameacando os demais veiculos,SP,MOTOCICLO,PARTICULAR,1,8,2026
6181,ATIBAIA,6050-1,AVAN O SIN VERM DO SEMAF EXC SE HOUVER SINALIZ PERM LIVRE CONV A DIR,SP,MOTOCICLO,ALUGUEL,1,8,2026
7167,TAMBAU,5010-0,DIRIGIR VEICULO SEM POSSUIR CNH/PPD/ACC,SP,AUTOMOVEL,PARTICULAR,1,8,2026
7107,SAO PAULO,5681-0,TRANSITAR NA FAIXA/PISTA DA DIREITA REGUL CIRCULACAO EXCLUSIVA DETERM VEICULO,SP,CAMINHAO,ALUGUEL,1,8,2026
7259,IARAS,6580-0,CONDUZIR O VEICULO SEM QUALQUER UMA DAS PLACAS DE IDENTIFICACAO,SP,MOTOCICLO,PARTICULAR,1,8,2026
6579,ITU,5185-1,Deixar o condutor de usar o cinto seguranca,SP,AUTOMOVEL,PARTICULAR,6,8,2026
6291,CAMPINAS,5738-0,TRANSITAR PELA CONTRAMAO DE DIRECAO EM VIA C/ SINALIZACAO DE REGUL SENTIDO UNICO,SP,MOTOCICLO,PARTICULAR,1,8,2026
6435,GARCA,5207-0,Dirigir sem atencao ou sem os cuidados indispensaveis a seguranca,SP,AUTOMOVEL,PARTICULAR,1,8,2026
6225,BERNARDINO DE CAMPOS,5118-0,PERMITIR POSSE/CONDUCAO DO VEICULO A PESSOA SEM CNH/PPD/ACC,SP,MOTOCICLO,PARTICULAR,1,8,2026
6357,COSMOPOLIS,5720-0,TRANSITAR PELA CONTRAMAO DE DIRECAO EM VIA COM DUPLO SENTIDO DE CIRCULACAO,SP,MOTOCICLO,PARTICULAR,1,8,2026
6875,PIRACICABA,5029-1,Dirigir veiculo com CNH/PPD/ACC cassada,SP,MOTOCICLO,PARTICULAR,1,8,2026
6285,CAJAMAR,6130-0,DEIXAR DE DAR PREFERENCIA A PEDESTRE/VEIC N MOT QUE N HAJA CONCLUIDO A TRAVESSIA,SP,AUTOMOVEL,PARTICULAR,2,8,2026
7067,SANTO EXPEDITO,5185-1,Deixar o condutor de usar o cinto seguranca,SP,AUTOMOVEL,PARTICULAR,1,8,2026
6125,ALVARES MACHADO,6645-0,CONDUZIR O VEICULO COM EQUIP OBRIGATORIO EM DESACORDO COM O ESTAB PELO CONTRAN,SP,MOTOCICLO,PARTICULAR,1,8,2026
7167,TAMBAU,6599-2,CONDUZIR O VEICULO REGISTRADO QUE NAO ESTEJA DEVIDAMENTE LICENCIADO,SP,MOTOCICLO,PARTICULAR,1,8,2026
6901,POMPEIA,5010-0,DIRIGIR VEICULO SEM POSSUIR CNH/PPD/ACC,SP,AUTOMOVEL,PARTICULAR,1,8,2026
7027,SANTA CRUZ DAS PALMEIRAS,5045-0,DIRIGIR VEICULO COM VALIDADE DE CNH/PPD VENCIDA HA MAIS DE 30 DIAS,SP,AUTOMOVEL,PARTICULAR,1,8,2026
6891,PITANGUEIRAS,7030-1,Conduzir motoc/moton/ciclom s/ capacete de seguranca,SP,MOTOCICLO,PARTICULAR,1,8,2026
6779,OLIMPIA,6610-2,CONDUZIR O VEICULO COM CARACTERISTICA ALTERADA,SP,AUTOMOVEL,PARTICULAR,1,8,2026
6323,CATANDUVA,5010-0,DIRIGIR VEICULO SEM POSSUIR CNH/PPD/ACC,SP,AUTOMOVEL,PARTICULAR,3,8,2026
7149,SUMARE,6530-0,USAR NO VEICULO EQUIP C/ SOM EM VOLUME/FREQUENCIA NAO AUTORIZADOS PELO CONTRAN,SP,AUTOMOVEL,PARTICULAR,1,8,2026
6391,DUARTINA,5169-1,DIRIGIR SOB A INFLUENCIA DE ALCOOL,SP,AUTOMOVEL,PARTICULAR,1,8,2026
7071,SANTOS,6912-0,CONDUZIR VEICULO SEM OS DOCUMENTOS DE PORTE OBRIGATORIO REFERIDOS NO CTB,Outras UFs,AUTOMOVEL,PARTICULAR,1,8,2026
6105,AGUAI,5010-0,DIRIGIR VEICULO SEM POSSUIR CNH/PPD/ACC,SP,MOTOCICLO,PARTICULAR,1,8,2026
7071,SANTOS,6017-5,EXECUTAR OPERACAO DE RETORNO PASSANDO POR CIMA DE FAIXA DE PEDESTRES,SP,AUTOMOVEL,PARTICULAR,1,8,2026
6425,FRANCA,6599-2,CONDUZIR O VEICULO REGISTRADO QUE NAO ESTEJA DEVIDAMENTE LICENCIADO,SP,MOTOCICLO,PARTICULAR,3,8,2026
6873,PIRACAIA,5045-0,DIRIGIR VEICULO COM VALIDADE DE CNH/PPD VENCIDA HA MAIS DE 30 DIAS,SP,AUTOMOVEL,PARTICULAR,2,8,2026
6795,OURINHOS,7579-0,"REC SUB TEST, EX CLIN, PERIC OU PROC Q PERM CERT INFL ALC/SUB PSIC FOR ART. 277",Outras UFs,AUTOMOVEL,PARTICULAR,1,8,2026
6493,IBITINGA,5010-0,DIRIGIR VEICULO SEM POSSUIR CNH/PPD/ACC,SP,AUTOMOVEL,PARTICULAR,1,8,2026
7091,SAO JOSE DA BELA VISTA,5142-0,PERMITIR POSSE/CONDUCAO DO VEIC A PESSOA COM CNH/PPD VENCIDA HA MAIS DE 30 DIAS,SP,AUTOMOVEL,PARTICULAR,1,8,2026
6635,LEME,5207-0,Dirigir sem atencao ou sem os cuidados indispensaveis a seguranca,SP,MOTONETA,PARTICULAR,1,8,2026
7121,SAO VICENTE,7544-1,Falta de escrituracao livro registro entrada/saida e de uso placa de experiencia,Outras UFs,AUTOMOVEL,PARTICULAR,1,8,2026
7109,SAO PEDRO,5185-1,Deixar o condutor de usar o cinto seguranca,SP,CAMIONETA,PARTICULAR,1,8,2026
6807,PALMITAL,5843-3,"Deixar de indicar c/ antec, med gesto de braco/luz indicadora, mudanca direcao",SP,MOTOCICLO,PARTICULAR,1,8,2026
2967,CAJATI,6769-0,"CONDUZIR VEIC C/ DEFEITO NO SIST DE ILUMINACAO, SINALIZ OU LAMPADAS QUEIMADAS",Outras UFs,CAMINHONET,PARTICULAR,1,8,2026
6587,JABOTICABAL,7579-0,"REC SUB TEST, EX CLIN, PERIC OU PROC Q PERM CERT INFL ALC/SUB PSIC FOR ART. 277",SP,MOTOCICLO,PARTICULAR,1,8,2026
6377,DIADEMA,5797-0,FORCAR PASSAGEM ENTRE VEICS TRANS SENT OPOSTOS NA IMINENCIA REALIZ ULTRAPASSAGEM,SP,MOTOCICLO,PARTICULAR,1,8,2026
6429,FRANCO DA ROCHA,6653-1,CONDUZIR O VEICULO COM DESCARGA LIVRE,SP,AUTOMOVEL,PARTICULAR,1,8,2026
6857,PIEDADE,7684-1,Cond motoc/moton/ciclom c/ util cap de seg s/ vis/ocul prot,SP,MOTOCICLO,PARTICULAR,1,8,2026
6789,OSASCO,5274-1,UTILIZ VEIC DEMONST/EXIBIR MANOBRA PERIGOSA MEDIANTE ARRANCADA BRUSCA,SP,CAMINHONET,PARTICULAR,1,8,2026
6945,RANCHARIA,5037-1,DIRIGIR VEICULO COM CNH DE CATEGORIA DIFERENTE DA DO VEICULO,SP,MOTOCICLO,PARTICULAR,1,8,2026
6219,BAURU,5037-1,DIRIGIR VEICULO COM CNH DE CATEGORIA DIFERENTE DA DO VEICULO,SP,MOTONETA,PARTICULAR,1,8,2026
6575,ITIRAPUA,5185-1,Deixar o condutor de usar o cinto seguranca,SP,CAMINHONET,PARTICULAR,1,8,2026
6313,CARAPICUIBA,5738-0,TRANSITAR PELA CONTRAMAO DE DIRECAO EM VIA C/ SINALIZACAO DE REGUL SENTIDO UNICO,SP,AUTOMOVEL,PARTICULAR,1,8,2026
6727,MONTE ALTO,6050-1,AVAN O SIN VERM DO SEMAF EXC SE HOUVER SINALIZ PERM LIVRE CONV A DIR,SP,AUTOMOVEL,PARTICULAR,1,8,2026
6477,GUARULHOS,6637-1,CONDUZIR O VEICULO SEM EQUIPAMENTO OBRIGATORIO,Outras UFs,MOTOCICLO,PARTICULAR,1,8,2026
6285,CAJAMAR,5185-1,Deixar o condutor de usar o cinto seguranca,SP,AUTOMOVEL,PARTICULAR,7,8,2026
7037,SANTA ISABEL,5215-1,Dirigir ameacando os pedestres que estejam atravessando a via publica,SP,MOTOCICLO,PARTICULAR,1,8,2026
6405,ESTRELA D OESTE,5738-0,TRANSITAR PELA CONTRAMAO DE DIRECAO EM VIA C/ SINALIZACAO DE REGUL SENTIDO UNICO,SP,MOTOCICLO,PARTICULAR,1,8,2026
6387,DOURADO,7340-0,DIRIGIR O VEIC USANDO CALCADO QUE N SE FIRME NOS PES/COMPROMETA UTILIZ PEDAIS,SP,MOTOCICLO,PARTICULAR,1,8,2026
6125,ALVARES MACHADO,6050-3,AVAN O SIN VERM DO SEMAF EXC SE HOUVER SINALIZ PERM LIVRE CONV A DIR -FISC ELETR,SP,MOTONETA,PARTICULAR,1,8,2026
7037,SANTA ISABEL,5037-1,DIRIGIR VEICULO COM CNH DE CATEGORIA DIFERENTE DA DO VEICULO,SP,MOTONETA,PARTICULAR,1,8,2026
7121,SAO VICENTE,6637-1,CONDUZIR O VEICULO SEM EQUIPAMENTO OBRIGATORIO,SP,MOTOCICLO,PARTICULAR,3,8,2026
6311,CARAGUATATUBA,6599-2,CONDUZIR O VEICULO REGISTRADO QUE NAO ESTEJA DEVIDAMENTE LICENCIADO,SP,AUTOMOVEL,PARTICULAR,1,8,2026
6505,IGARATA,5118-0,PERMITIR POSSE/CONDUCAO DO VEICULO A PESSOA SEM CNH/PPD/ACC,SP,AUTOMOVEL,PARTICULAR,1,8,2026
6875,PIRACICABA,7030-1,Conduzir motoc/moton/ciclom s/ capacete de seguranca,SP,MOTOCICLO,PARTICULAR,1,8,2026
6377,DIADEMA,5029-2,DIRIGIR VEICULO COM CNH/PPD/ACC COM SUSPENSAO DO DIREITO DE DIRIGIR,SP,MOTONETA,PARTICULAR,1,8,2026
7099,SAO JOSE DOS CAMPOS,5193-0,Transportar crianca sem observancia das normas de seguranca estabelecidas p/ CTB,SP,AUTOMOVEL,PARTICULAR,1,8,2026
6863,PINDORAMA,6653-2,CONDUZIR O VEICULO COM SILENCIADOR DE MOTOR DEFEITUOSO/DEFICIENTE/INOPERANTE,SP,MOTOCICLO,PARTICULAR,1,8,2026
6213,BARUERI,5185-1,Deixar o condutor de usar o cinto seguranca,SP,CAMIONETA,PARTICULAR,1,8,2026
6131,AMERICANA,7579-0,"REC SUB TEST, EX CLIN, PERIC OU PROC Q PERM CERT INFL ALC/SUB PSIC FOR ART. 277",SP,CAMINHONET,PARTICULAR,1,8,2026
7149,SUMARE,6670-0,CONDUZIR O VEICULO C/ EQUIP DO SISTEMA DE ILUMINACAO E DE SINALIZACAO ALTERADOS,SP,MOTOCICLO,PARTICULAR,1,8,2026
6259,BROTAS,6530-0,USAR NO VEICULO EQUIP C/ SOM EM VOLUME/FREQUENCIA NAO AUTORIZADOS PELO CONTRAN,SP,CAMINHONET,PARTICULAR,1,8,2026
6715,MOGI-GUACU,6599-2,CONDUZIR O VEICULO REGISTRADO QUE NAO ESTEJA DEVIDAMENTE LICENCIADO,SP,AUTOMOVEL,PARTICULAR,3,8,2026
7057,SANTO ANDRE,5061-0,ENTREGAR VEICULO A PESSOA SEM CNH/PPD/ACC,SP,MOTOCICLO,PARTICULAR,1,8,2026
6477,GUARULHOS,6726-1,"CONDUZIR O VEICULO EM MAU ESTADO DE CONSERVACAO, COMPROMETENDO A SEGURANCA",Outras UFs,AUTOMOVEL,,1,8,2026
6313,CARAPICUIBA,5991-0,EXECUTAR OPERACAO DE RETORNO EM LOCAIS PROIBIDOS PELA SINALIZACAO,SP,AUTOMOVEL,PARTICULAR,1,8,2026
7245,VOTUPORANGA,6653-1,CONDUZIR O VEICULO COM DESCARGA LIVRE,SP,MOTOCICLO,PARTICULAR,1,8,2026
7107,SAO PAULO,6599-2,CONDUZIR O VEICULO REGISTRADO QUE NAO ESTEJA DEVIDAMENTE LICENCIADO,Outras UFs,MOTOCICLO,PARTICULAR,1,8,2026
6163,ARARAQUARA,5010-0,DIRIGIR VEICULO SEM POSSUIR CNH/PPD/ACC,SP,MOTONETA,PARTICULAR,1,8,2026
6195,BALSAMO,6599-2,CONDUZIR O VEICULO REGISTRADO QUE NAO ESTEJA DEVIDAMENTE LICENCIADO,SP,MOTOCICLO,PARTICULAR,1,8,2026
6195,BALSAMO,6653-2,CONDUZIR O VEICULO COM SILENCIADOR DE MOTOR DEFEITUOSO/DEFICIENTE/INOPERANTE,SP,MOTOCICLO,PARTICULAR,1,8,2026
2967,CAJATI,5045-0,DIRIGIR VEICULO COM VALIDADE DE CNH/PPD VENCIDA HA MAIS DE 30 DIAS,SP,AUTOMOVEL,PARTICULAR,1,8,2026
7121,SAO VICENTE,7684-1,Cond motoc/moton/ciclom c/ util cap de seg s/ vis/ocul prot,SP,MOTOCICLO,PARTICULAR,2,8,2026
6549,ITAPEVA,5835-0,Desobedecer as ordens emanadas da autorid compet de transito ou de seus agentes,SP,MOTOCICLO,PARTICULAR,1,8,2026
6601,JANDIRA,5029-2,DIRIGIR VEICULO COM CNH/PPD/ACC COM SUSPENSAO DO DIREITO DE DIRIGIR,SP,MOTOCICLO,PARTICULAR,1,8,2026
7107,SAO PAULO,5207-0,Dirigir sem atencao ou sem os cuidados indispensaveis a seguranca,SP,UTILITARIO,ALUGUEL,1,8,2026
6425,FRANCA,5118-0,PERMITIR POSSE/CONDUCAO DO VEICULO A PESSOA SEM CNH/PPD/ACC,SP,MOTONETA,PARTICULAR,1,8,2026
6615,JOSE BONIFACIO,6637-1,CONDUZIR O VEICULO SEM EQUIPAMENTO OBRIGATORIO,SP,MOTOCICLO,PARTICULAR,1,8,2026
6603,JARDINOPOLIS,5207-0,Dirigir sem atencao ou sem os cuidados indispensaveis a seguranca,SP,MOTOCICLO,PARTICULAR,1,8,2026
6285,CAJAMAR,6599-2,CONDUZIR O VEICULO REGISTRADO QUE NAO ESTEJA DEVIDAMENTE LICENCIADO,SP,AUTOMOVEL,PARTICULAR,2,8,2026
6247,BORBOREMA,5193-0,Transportar crianca sem observancia das normas de seguranca estabelecidas p/ CTB,SP,AUTOMOVEL,PARTICULAR,1,8,2026
798,GAVIAO PEIXOTO,6653-1,CONDUZIR O VEICULO COM DESCARGA LIVRE,SP,MOTOCICLO,PARTICULAR,1,8,2026
6113,AGUDOS,6653-1,CONDUZIR O VEICULO COM DESCARGA LIVRE,SP,MOTOCICLO,PARTICULAR,1,8,2026
7107,SAO PAULO,7323-2,DIRIGIR O VEICULO TRANSPORT ANIMAIS A SUA ESQUERDA OU ENTRE OS BRACOS E PERNAS,SP,CAMIONETA,PARTICULAR,1,8,2026
7071,SANTOS,5193-0,Transportar crianca sem observancia das normas de seguranca estabelecidas p/ CTB,SP,AUTOMOVEL,PARTICULAR,1,8,2026
7007,SALTO DE PIRAPORA,6599-2,CONDUZIR O VEICULO REGISTRADO QUE NAO ESTEJA DEVIDAMENTE LICENCIADO,SP,AUTOMOVEL,PARTICULAR,1,8,2026
6477,GUARULHOS,5819-2,"TRANSITAR COM O VEICULO EM CICLOVIAS, CICLOFAIXAS",SP,MOTOCICLO,PARTICULAR,2,8,2026
6425,FRANCA,5010-0,DIRIGIR VEICULO SEM POSSUIR CNH/PPD/ACC,SP,MOTONETA,PARTICULAR,2,8,2026
7107,SAO PAULO,5720-0,TRANSITAR PELA CONTRAMAO DE DIRECAO EM VIA COM DUPLO SENTIDO DE CIRCULACAO,SP,CAMIONETA,PARTICULAR,3,8,2026
6375,DESCALVADO,6530-0,USAR NO VEICULO EQUIP C/ SOM EM VOLUME/FREQUENCIA NAO AUTORIZADOS PELO CONTRAN,SP,CAMINHONET,PARTICULAR,1,8,2026
7107,SAO PAULO,6637-2,CONDUZIR O VEICULO COM EQUIPAMENTO OBRIGATORIO INEFICIENTE/INOPERANTE,Outras UFs,AUTOMOVEL,PARTICULAR,1,8,2026
6607,JAU,7633-2,Dirigir veiculo manuseando telefone celular,SP,CAMIONETA,ALUGUEL,1,8,2026
7219,URU,6530-0,USAR NO VEICULO EQUIP C/ SOM EM VOLUME/FREQUENCIA NAO AUTORIZADOS PELO CONTRAN,SP,AUTOMOVEL,PARTICULAR,1,8,2026
7157,TABOAO DA SERRA,5207-0,Dirigir sem atencao ou sem os cuidados indispensaveis a seguranca,SP,MOTOCICLO,PARTICULAR,1,8,2026
7157,TABOAO DA SERRA,5738-0,TRANSITAR PELA CONTRAMAO DE DIRECAO EM VIA C/ SINALIZACAO DE REGUL SENTIDO UNICO,SP,AUTOMOVEL,PARTICULAR,1,8,2026
6247,BORBOREMA,5118-0,PERMITIR POSSE/CONDUCAO DO VEICULO A PESSOA SEM CNH/PPD/ACC,SP,AUTOMOVEL,PARTICULAR,1,8,2026
6477,GUARULHOS,7048-1,"CONDUZIR MOTOCICLETA, MOTONETA E CICLOMOTOR TRANSPORTANDO PASSAGEIRO S/ CAPACETE",SP,MOTOCICLO,PARTICULAR,1,8,2026
7175,TAQUARITINGA,5185-1,Deixar o condutor de usar o cinto seguranca,SP,AUTOMOVEL,PARTICULAR,2,8,2026
6125,ALVARES MACHADO,5452-2,ESTACIONAR SOBRE FAIXA DESTINADA A PEDESTRE,SP,AUTOMOVEL,PARTICULAR,1,8,2026
7187,TEODORO SAMPAIO,7030-1,Conduzir motoc/moton/ciclom s/ capacete de seguranca,SP,MOTOCICLO,PARTICULAR,1,8,2026
6843,PEDREIRA,6726-1,"CONDUZIR O VEICULO EM MAU ESTADO DE CONSERVACAO, COMPROMETENDO A SEGURANCA",SP,AUTOMOVEL,PARTICULAR,1,8,2026
6859,PILAR DO SUL,5061-0,ENTREGAR VEICULO A PESSOA SEM CNH/PPD/ACC,SP,MOTOCICLO,PARTICULAR,1,8,2026
6969,RIBEIRAO PRETO,6610-1,CONDUZIR O VEICULO COM A COR ALTERADA,SP,MOTOCICLO,PARTICULAR,1,8,2026
7151,SUZANO,6041-2,EXECUTAR OPERACAO DE CONVERSAO A ESQUERDA EM LOCAL PROIBIDO PELA SINALIZACAO,SP,C. TRATOR,ALUGUEL,1,8,2026
7071,SANTOS,6050-1,AVAN O SIN VERM DO SEMAF EXC SE HOUVER SINALIZ PERM LIVRE CONV A DIR,SP,AUTOMOVEL,PARTICULAR,1,8,2026
6213,BARUERI,7684-2,Cond motoc/moton/ciclom c/ util cap de seg c/ vis/ocul prot des c/ regul Contran,SP,MOTOCICLO,PARTICULAR,1,8,2026
6555,ITAPOLIS,5185-1,Deixar o condutor de usar o cinto seguranca,SP,AUTOMOVEL,PARTICULAR,1,8,2026
6707,MIRASSOL,7579-0,"REC SUB TEST, EX CLIN, PERIC OU PROC Q PERM CERT INFL ALC/SUB PSIC FOR ART. 277",SP,CAMINHONET,PARTICULAR,4,8,2026
6919,PRADOPOLIS,5010-0,DIRIGIR VEICULO SEM POSSUIR CNH/PPD/ACC,SP,MOTONETA,PARTICULAR,1,8,2026
7167,TAMBAU,5142-0,PERMITIR POSSE/CONDUCAO DO VEIC A PESSOA COM CNH/PPD VENCIDA HA MAIS DE 30 DIAS,SP,MOTOCICLO,PARTICULAR,1,8,2026
7141,SILVEIRAS,7030-1,Conduzir motoc/moton/ciclom s/ capacete de seguranca,SP,MOTOCICLO,PARTICULAR,1,8,2026
7097,SAO JOSE DO RIO PRETO,6556-1,CONDUZIR O VEICULO COM O LACRE DE IDENTIFICACAO VIOLADO/FALSIFICADO,SP,MOTOCICLO,PARTICULAR,1,8,2026
6477,GUARULHOS,5045-0,DIRIGIR VEICULO COM VALIDADE DE CNH/PPD VENCIDA HA MAIS DE 30 DIAS,SP,MOTOCICLO,PARTICULAR,1,8,2026
6475,GUARUJA,6050-1,AVAN O SIN VERM DO SEMAF EXC SE HOUVER SINALIZ PERM LIVRE CONV A DIR,SP,MOTONETA,PARTICULAR,3,8,2026
6875,PIRACICABA,6041-2,EXECUTAR OPERACAO DE CONVERSAO A ESQUERDA EM LOCAL PROIBIDO PELA SINALIZACAO,SP,C. TRATOR,ALUGUEL,1,8,2026
6603,JARDINOPOLIS,7340-0,DIRIGIR O VEIC USANDO CALCADO QUE N SE FIRME NOS PES/COMPROMETA UTILIZ PEDAIS,SP,MOTONETA,PARTICULAR,1,8,2026
6573,ITIRAPINA,5835-0,Desobedecer as ordens emanadas da autorid compet de transito ou de seus agentes,SP,AUTOMOVEL,PARTICULAR,1,8,2026
6699,MIRACATU,7030-1,Conduzir motoc/moton/ciclom s/ capacete de seguranca,SP,MOTOCICLO,PARTICULAR,1,8,2026
6739,MORRO AGUDO,5118-0,PERMITIR POSSE/CONDUCAO DO VEICULO A PESSOA SEM CNH/PPD/ACC,SP,AUTOMOVEL,PARTICULAR,1,8,2026
7107,SAO PAULO,5991-0,EXECUTAR OPERACAO DE RETORNO EM LOCAIS PROIBIDOS PELA SINALIZACAO,SP,MOTONETA,PARTICULAR,1,8,2026
6433,GALIA,5185-1,Deixar o condutor de usar o cinto seguranca,SP,CAMINHONET,PARTICULAR,1,8,2026
6931,PRESIDENTE VENCESLAU,5118-0,PERMITIR POSSE/CONDUCAO DO VEICULO A PESSOA SEM CNH/PPD/ACC,SP,AUTOMOVEL,PARTICULAR,1,8,2026
6435,GARCA,6599-2,CONDUZIR O VEICULO REGISTRADO QUE NAO ESTEJA DEVIDAMENTE LICENCIADO,SP,AUTOMOVEL,PARTICULAR,2,8,2026
7107,SAO PAULO,7374-0,BLOQUEAR A VIA COM VEICULO,SP,CAMINHONET,ALUGUEL,1,8,2026
6581,ITUPEVA,5070-2,ENTREGAR VEICULO A PESSOA COM CNH/PPD/ACC COM SUSP. DO DIREITO DE DIRIGIR,SP,MOTOCICLO,PARTICULAR,1,8,2026
7107,SAO PAULO,7773-2,ENTREGAR VEICULO A PESSOA SEM POSSUIR CURSOS ESPECIFICOS OBRIGATORIOS,Outras UFs,CAMINHONET,PARTICULAR,1,8,2026
6993,SABINO,7633-2,Dirigir veiculo manuseando telefone celular,SP,AUTOMOVEL,PARTICULAR,1,8,2026
7165,TAIUVA,7633-2,Dirigir veiculo manuseando telefone celular,SP,CAMIONETA,PARTICULAR,1,8,2026
6163,ARARAQUARA,6637-2,CONDUZIR O VEICULO COM EQUIPAMENTO OBRIGATORIO INEFICIENTE/INOPERANTE,SP,MOTOCICLO,PARTICULAR,1,8,2026
6225,BERNARDINO DE CAMPOS,6726-1,"CONDUZIR O VEICULO EM MAU ESTADO DE CONSERVACAO, COMPROMETENDO A SEGURANCA",SP,AUTOMOVEL,PARTICULAR,2,8,2026
6569,ITATIBA,5010-0,DIRIGIR VEICULO SEM POSSUIR CNH/PPD/ACC,SP,MOTOCICLO,PARTICULAR,2,8,2026
7107,SAO PAULO,5738-0,TRANSITAR PELA CONTRAMAO DE DIRECAO EM VIA C/ SINALIZACAO DE REGUL SENTIDO UNICO,SP,UTILITARIO,PARTICULAR,1,8,2026
7201,TUPA,6599-2,CONDUZIR O VEICULO REGISTRADO QUE NAO ESTEJA DEVIDAMENTE LICENCIADO,SP,MOTOCICLO,PARTICULAR,1,8,2026
7145,SOROCABA,5835-0,Desobedecer as ordens emanadas da autorid compet de transito ou de seus agentes,SP,MOTOCICLO,PARTICULAR,3,8,2026
6281,CAIEIRAS,5967-0,"ULTRAPASSAR PELA CONTRAMAO LINHA DE DIVISAO DE FLUXOS OPOSTOS, CONTINUA AMARELA",SP,CAMIONETA,PARTICULAR,1,8,2026
6603,JARDINOPOLIS,5118-0,PERMITIR POSSE/CONDUCAO DO VEICULO A PESSOA SEM CNH/PPD/ACC,SP,MOTOCICLO,PARTICULAR,1,8,2026
6209,BARRETOS,5010-0,DIRIGIR VEICULO SEM POSSUIR CNH/PPD/ACC,SP,MOTOCICLO,PARTICULAR,2,8,2026
6125,ALVARES MACHADO,7340-0,DIRIGIR O VEIC USANDO CALCADO QUE N SE FIRME NOS PES/COMPROMETA UTILIZ PEDAIS,SP,MOTONETA,PARTICULAR,1,8,2026
6469,GUARATINGUETA,6599-2,CONDUZIR O VEICULO REGISTRADO QUE NAO ESTEJA DEVIDAMENTE LICENCIADO,Outras UFs,AUTOMOVEL,PARTICULAR,1,8,2026
7107,SAO PAULO,6530-0,USAR NO VEICULO EQUIP C/ SOM EM VOLUME/FREQUENCIA NAO AUTORIZADOS PELO CONTRAN,SP,CAMIONETA,PARTICULAR,3,8,2026
6205,BARRA BONITA,7056-1,CONDUZIR MOTOC/MOTON/CICLOMOTOR FAZENDO MALABARISMO/EQUILIBRANDO-SE EM UMA RODA,SP,MOTOCICLO,PARTICULAR,2,8,2026
6707,MIRASSOL,5118-0,PERMITIR POSSE/CONDUCAO DO VEICULO A PESSOA SEM CNH/PPD/ACC,SP,MOTOCICLO,PARTICULAR,2,8,2026
6281,CAIEIRAS,6530-0,USAR NO VEICULO EQUIP C/ SOM EM VOLUME/FREQUENCIA NAO AUTORIZADOS PELO CONTRAN,SP,AUTOMOVEL,PARTICULAR,2,8,2026
7109,SAO PEDRO,7684-2,Cond motoc/moton/ciclom c/ util cap de seg c/ vis/ocul prot des c/ regul Contran,SP,MOTOCICLO,PARTICULAR,1,8,2026
6643,LINS,5835-0,Desobedecer as ordens emanadas da autorid compet de transito ou de seus agentes,SP,MOTOCICLO,PARTICULAR,2,8,2026
6875,PIRACICABA,5045-0,DIRIGIR VEICULO COM VALIDADE DE CNH/PPD VENCIDA HA MAIS DE 30 DIAS,SP,MOTOCICLO,PARTICULAR,2,8,2026
7107,SAO PAULO,5070-2,ENTREGAR VEICULO A PESSOA COM CNH/PPD/ACC COM SUSP. DO DIREITO DE DIRIGIR,Outras UFs,AUTOMOVEL,,1,8,2026
6681,MARILIA,7030-1,Conduzir motoc/moton/ciclom s/ capacete de seguranca,SP,MOTOCICLO,PARTICULAR,1,8,2026
6705,MIRANTE DO PARANAPANEMA,6637-1,CONDUZIR O VEICULO SEM EQUIPAMENTO OBRIGATORIO,SP,ONIBUS,ALUGUEL,2,8,2026
7099,SAO JOSE DOS CAMPOS,6726-1,"CONDUZIR O VEICULO EM MAU ESTADO DE CONSERVACAO, COMPROMETENDO A SEGURANCA",SP,AUTOMOVEL,PARTICULAR,1,8,2026
7017,SANTA BARBARA DO OESTE,7579-0,"REC SUB TEST, EX CLIN, PERIC OU PROC Q PERM CERT INFL ALC/SUB PSIC FOR ART. 277",SP,CAMINHONET,PARTICULAR,1,8,2026
6189,AVARE,5185-1,Deixar o condutor de usar o cinto seguranca,SP,CAMIONETA,PARTICULAR,1,8,2026
6219,BAURU,5118-0,PERMITIR POSSE/CONDUCAO DO VEICULO A PESSOA SEM CNH/PPD/ACC,SP,MOTOCICLO,PARTICULAR,1,8,2026
7145,SOROCABA,5274-1,UTILIZ VEIC DEMONST/EXIBIR MANOBRA PERIGOSA MEDIANTE ARRANCADA BRUSCA,SP,MOTOCICLO,PARTICULAR,1,8,2026
7075,SAO BERNARDO DO CAMPO,5029-1,Dirigir veiculo com CNH/PPD/ACC cassada,SP,MOTOCICLO,PARTICULAR,3,8,2026
7075,SAO BERNARDO DO CAMPO,5070-1,ENTREGAR VEICULO A PESSOA COM CNH/PPD/ACC CASSADA,SP,MOTOCICLO,PARTICULAR,2,8,2026
6285,CAJAMAR,7340-0,DIRIGIR O VEIC USANDO CALCADO QUE N SE FIRME NOS PES/COMPROMETA UTILIZ PEDAIS,SP,MOTONETA,PARTICULAR,1,8,2026
6281,CAIEIRAS,5185-1,Deixar o condutor de usar o cinto seguranca,SP,AUTOMOVEL,PARTICULAR,6,8,2026
6789,OSASCO,5207-0,Dirigir sem atencao ou sem os cuidados indispensaveis a seguranca,SP,AUTOMOVEL,PARTICULAR,2,8,2026
6475,GUARUJA,6050-1,AVAN O SIN VERM DO SEMAF EXC SE HOUVER SINALIZ PERM LIVRE CONV A DIR,SP,CAMIONETA,PARTICULAR,1,8,2026
6897,POA,6602-0,CONDUZIR O VEICULO COM QUALQUER UMA DAS PLACAS SEM LEGIBILIDADE E VISIBILIDADE,Outras UFs,MOTOCICLO,PARTICULAR,1,8,2026
2959,ESTIVA GERBI,5010-0,DIRIGIR VEICULO SEM POSSUIR CNH/PPD/ACC,SP,MOTOCICLO,PARTICULAR,1,8,2026
6689,MAUA,7048-1,"CONDUZIR MOTOCICLETA, MOTONETA E CICLOMOTOR TRANSPORTANDO PASSAGEIRO S/ CAPACETE",SP,MOTOCICLO,PARTICULAR,1,8,2026
6293,CAMPO LIMPO PAULISTA,6599-2,CONDUZIR O VEICULO REGISTRADO QUE NAO ESTEJA DEVIDAMENTE LICENCIADO,SP,MOTONETA,PARTICULAR,1,8,2026
6603,JARDINOPOLIS,6726-1,"CONDUZIR O VEICULO EM MAU ESTADO DE CONSERVACAO, COMPROMETENDO A SEGURANCA",SP,MOTOCICLO,PARTICULAR,2,8,2026
7071,SANTOS,5088-1,ENTREGAR VEICULO A PESSOA COM CNH DE CATEGORIA DIFERENTE DA DO VEICULO,SP,MOTOCICLO,PARTICULAR,1,8,2026
6209,BARRETOS,7633-2,Dirigir veiculo manuseando telefone celular,SP,CAMINHONET,PARTICULAR,3,8,2026
6477,GUARULHOS,6572-0,CONDUZIR O VEICULO COM DISPOSITIVO ANTIRRADAR,SP,MOTOCICLO,PARTICULAR,1,8,2026
6105,AGUAI,6017-5,EXECUTAR OPERACAO DE RETORNO PASSANDO POR CIMA DE FAIXA DE PEDESTRES,SP,AUTOMOVEL,PARTICULAR,1,8,2026
6875,PIRACICABA,7633-2,Dirigir veiculo manuseando telefone celular,Outras UFs,CAMINHONET,PARTICULAR,1,8,2026
6229,BIRIGUI,5274-1,UTILIZ VEIC DEMONST/EXIBIR MANOBRA PERIGOSA MEDIANTE ARRANCADA BRUSCA,SP,AUTOMOVEL,PARTICULAR,1,8,2026
6875,PIRACICABA,5991-0,EXECUTAR OPERACAO DE RETORNO EM LOCAIS PROIBIDOS PELA SINALIZACAO,SP,CAMINHONET,PARTICULAR,1,8,2026
6485,IACRI,5746-3,TRANSITAR EM LOCAL/HORARIO NAO PERMITIDO PELA REGULAMENTACAO - CAMINHAO,Outras UFs,C. TRATOR,ALUGUEL,5,8,2026
6179,ASSIS,7579-0,"REC SUB TEST, EX CLIN, PERIC OU PROC Q PERM CERT INFL ALC/SUB PSIC FOR ART. 277",SP,AUTOMOVEL,PARTICULAR,1,8,2026
6969,RIBEIRAO PRETO,6530-0,USAR NO VEICULO EQUIP C/ SOM EM VOLUME/FREQUENCIA NAO AUTORIZADOS PELO CONTRAN,SP,AUTOMOVEL,PARTICULAR,2,8,2026
2943,ILHA SOLTEIRA,7340-0,DIRIGIR O VEIC USANDO CALCADO QUE N SE FIRME NOS PES/COMPROMETA UTILIZ PEDAIS,Outras UFs,MOTOCICLO,PARTICULAR,1,8,2026
7149,SUMARE,6025-0,"EXECUTAR RETORNO NAS INTERSECOES, ENTRANDO NA CONTRAMAO DA VIA TRANSVERSAL",SP,MOTOCICLO,PARTICULAR,1,8,2026
6961,RIBEIRAO BRANCO,7684-1,Cond motoc/moton/ciclom c/ util cap de seg s/ vis/ocul prot,SP,MOTOCICLO,PARTICULAR,1,8,2026
7225,VALINHOS,5096-0,ENTREGAR VEICULO A PESSOA COM CNH/PPD VENCIDA HA MAIS DE 30 DIAS,SP,MOTOCICLO,PARTICULAR,1,8,2026
6509,ILHABELA,6530-0,USAR NO VEICULO EQUIP C/ SOM EM VOLUME/FREQUENCIA NAO AUTORIZADOS PELO CONTRAN,SP,CAMINHONET,PARTICULAR,1,8,2026
7107,SAO PAULO,6068-1,TRANSPOR BLOQUEIO VIARIO COM OU SEM SINALIZACAO OU DISPOSITIVOS AUXILIARES,SP,MOTOCICLO,PARTICULAR,2,8,2026
7071,SANTOS,6599-2,CONDUZIR O VEICULO REGISTRADO QUE NAO ESTEJA DEVIDAMENTE LICENCIADO,SP,AUTOMOVEL,PARTICULAR,2,8,2026
6125,ALVARES MACHADO,5274-2,UTILIZ VEIC DEM/EXIBIR MANOB PERIG MED DERRAP/FRENAG C/DESLIZ/ARRAST PNEUS,SP,MOTOCICLO,PARTICULAR,1,8,2026
6289,CAJURU,7340-0,DIRIGIR O VEIC USANDO CALCADO QUE N SE FIRME NOS PES/COMPROMETA UTILIZ PEDAIS,SP,MOTOCICLO,PARTICULAR,1,8,2026
6281,CAIEIRAS,5070-1,ENTREGAR VEICULO A PESSOA COM CNH/PPD/ACC CASSADA,SP,MOTOCICLO,PARTICULAR,1,8,2026
6579,ITU,7544-1,Falta de escrituracao livro registro entrada/saida e de uso placa de experiencia,Outras UFs,AUTOMOVEL,PARTICULAR,1,8,2026
3061,NOVA CAMPINA,6769-0,"CONDUZIR VEIC C/ DEFEITO NO SIST DE ILUMINACAO, SINALIZ OU LAMPADAS QUEIMADAS",SP,AUTOMOVEL,PARTICULAR,1,8,2026
6807,PALMITAL,5550-0,ESTACIONAR EM LOCAL/HORARIO PROIBIDO ESPECIFICAMENTE PELA SINALIZACAO,SP,AUTOMOVEL,PARTICULAR,1,8,2026
6487,IBATE,5193-0,Transportar crianca sem observancia das normas de seguranca estabelecidas p/ CTB,SP,AUTOMOVEL,PARTICULAR,1,8,2026
7109,SAO PEDRO,5010-0,DIRIGIR VEICULO SEM POSSUIR CNH/PPD/ACC,SP,MOTOCICLO,PARTICULAR,1,8,2026
7107,SAO PAULO,7234-0,"EM MOVIMENTO, DEIXAR DE MANTER ACESA A LUZ BAIXA DURANTE A NOITE",SP,CAMINHONET,PARTICULAR,1,8,2026
7197,TREMEMBE,7056-1,CONDUZIR MOTOC/MOTON/CICLOMOTOR FAZENDO MALABARISMO/EQUILIBRANDO-SE EM UMA RODA,SP,MOTOCICLO,PARTICULAR,1,8,2026
6481,HERCULANDIA,6050-2,AVANCAR O SINAL DE PARADA OBRIGATORIA,Outras UFs,MOTOCICLO,,1,8,2026
6581,ITUPEVA,5185-1,Deixar o condutor de usar o cinto seguranca,Outras UFs,AUTOMOVEL,PARTICULAR,1,8,2026
6639,LIMEIRA,5169-1,DIRIGIR SOB A INFLUENCIA DE ALCOOL,SP,CAMINHONET,PARTICULAR,1,8,2026
6921,PRAIA GRANDE,6599-2,CONDUZIR O VEICULO REGISTRADO QUE NAO ESTEJA DEVIDAMENTE LICENCIADO,SP,MOTOCICLO,PARTICULAR,1,8,2026
7107,SAO PAULO,7048-3,CONDUZIR MOTOCICLETA/MOTONETA/CICLOMOTOR TRANSPORTANDO PAS. FORA DO ASSENTO,SP,MOTOCICLO,PARTICULAR,1,8,2026
6713,MOGI DAS CRUZES,5061-0,ENTREGAR VEICULO A PESSOA SEM CNH/PPD/ACC,SP,MOTOCICLO,PARTICULAR,1,8,2026
7201,TUPA,5010-0,DIRIGIR VEICULO SEM POSSUIR CNH/PPD/ACC,Outras UFs,MOTONETA,,1,8,2026
2993,POTIM,7684-2,Cond motoc/moton/ciclom c/ util cap de seg c/ vis/ocul prot des c/ regul Contran,SP,MOTOCICLO,PARTICULAR,2,8,2026
6251,BRAGANCA PAULISTA,6599-2,CONDUZIR O VEICULO REGISTRADO QUE NAO ESTEJA DEVIDAMENTE LICENCIADO,SP,AUTOMOVEL,PARTICULAR,1,8,2026
6619,JUNDIAI,7579-0,"REC SUB TEST, EX CLIN, PERIC OU PROC Q PERM CERT INFL ALC/SUB PSIC FOR ART. 277",SP,AUTOMOVEL,PARTICULAR,1,8,2026
6199,BARBOSA,5118-0,PERMITIR POSSE/CONDUCAO DO VEICULO A PESSOA SEM CNH/PPD/ACC,SP,MOTOCICLO,PARTICULAR,1,8,2026
6551,ITAPEVI,5819-1,"TRANSITAR COM O VEICULO EM CALCADAS, PASSEIOS",SP,MOTOCICLO,PARTICULAR,1,8,2026
6749,NAZARE PAULISTA,7056-1,CONDUZIR MOTOC/MOTON/CICLOMOTOR FAZENDO MALABARISMO/EQUILIBRANDO-SE EM UMA RODA,SP,MOTOCICLO,PARTICULAR,1,8,2026
6749,NAZARE PAULISTA,6602-0,CONDUZIR O VEICULO COM QUALQUER UMA DAS PLACAS SEM LEGIBILIDADE E VISIBILIDADE,SP,MOTOCICLO,PARTICULAR,1,8,2026
7107,SAO PAULO,6408-0,PORTAR NO VEICULO PLACAS DE IDENTIFICACAO EM DESACORDO C/ ESPECIF/MODELO CONTRAN,SP,UTILITARIO,PARTICULAR,1,8,2026
7149,SUMARE,6599-2,CONDUZIR O VEICULO REGISTRADO QUE NAO ESTEJA DEVIDAMENTE LICENCIADO,SP,MOTOCICLO,PARTICULAR,1,8,2026
6987,ROSEIRA,6637-2,CONDUZIR O VEICULO COM EQUIPAMENTO OBRIGATORIO INEFICIENTE/INOPERANTE,SP,MOTOCICLO,PARTICULAR,1,8,2026
6163,ARARAQUARA,5029-1,Dirigir veiculo com CNH/PPD/ACC cassada,SP,CAMIONETA,PARTICULAR,1,8,2026
7107,SAO PAULO,5819-6,TRANSITAR COM O VEICULO EM MARCAS DE CANALIZACAO,SP,MICROONIB,PARTICULAR,1,8,2026
6489,IBIRA,5452-1,ESTACIONAR NO PASSEIO,SP,CAMINHONET,PARTICULAR,1,8,2026
6189,AVARE,6530-0,USAR NO VEICULO EQUIP C/ SOM EM VOLUME/FREQUENCIA NAO AUTORIZADOS PELO CONTRAN,SP,CAMINHONET,PARTICULAR,1,8,2026
7107,SAO PAULO,7358-0,"DIRIGIR O VEICULO COM APENAS UMA DAS MAOS, EXCETO QUANDO PERMITIDO PELO CTB",Outras UFs,AUTOMOVEL,PARTICULAR,1,8,2026
6281,CAIEIRAS,6580-0,CONDUZIR O VEICULO SEM QUALQUER UMA DAS PLACAS DE IDENTIFICACAO,SP,AUTOMOVEL,PARTICULAR,1,8,2026
7149,SUMARE,7340-0,DIRIGIR O VEIC USANDO CALCADO QUE N SE FIRME NOS PES/COMPROMETA UTILIZ PEDAIS,SP,MOTOCICLO,PARTICULAR,4,8,2026
6707,MIRASSOL,6599-2,CONDUZIR O VEICULO REGISTRADO QUE NAO ESTEJA DEVIDAMENTE LICENCIADO,SP,CAMIONETA,PARTICULAR,1,8,2026
6735,MONTEIRO LOBATO,5185-1,Deixar o condutor de usar o cinto seguranca,SP,AUTOMOVEL,PARTICULAR,1,8,2026
6579,ITU,5819-6,TRANSITAR COM O VEICULO EM MARCAS DE CANALIZACAO,SP,AUTOMOVEL,PARTICULAR,2,8,2026
6787,ORLANDIA,6599-2,CONDUZIR O VEICULO REGISTRADO QUE NAO ESTEJA DEVIDAMENTE LICENCIADO,SP,MOTOCICLO,PARTICULAR,1,8,2026
7037,SANTA ISABEL,7340-0,DIRIGIR O VEIC USANDO CALCADO QUE N SE FIRME NOS PES/COMPROMETA UTILIZ PEDAIS,SP,MOTOCICLO,PARTICULAR,1,8,2026
7181,TATUI,5738-0,TRANSITAR PELA CONTRAMAO DE DIRECAO EM VIA C/ SINALIZACAO DE REGUL SENTIDO UNICO,SP,MOTOCICLO,PARTICULAR,1,8,2026
6163,ARARAQUARA,6599-2,CONDUZIR O VEICULO REGISTRADO QUE NAO ESTEJA DEVIDAMENTE LICENCIADO,SP,MOTOCICLO,PARTICULAR,1,8,2026
6581,ITUPEVA,6530-0,USAR NO VEICULO EQUIP C/ SOM EM VOLUME/FREQUENCIA NAO AUTORIZADOS PELO CONTRAN,SP,AUTOMOVEL,PARTICULAR,3,8,2026
7099,SAO JOSE DOS CAMPOS,6025-0,"EXECUTAR RETORNO NAS INTERSECOES, ENTRANDO NA CONTRAMAO DA VIA TRANSVERSAL",SP,AUTOMOVEL,PARTICULAR,1,8,2026
7107,SAO PAULO,7684-2,Cond motoc/moton/ciclom c/ util cap de seg c/ vis/ocul prot des c/ regul Contran,SP,MOTOCICLO,ALUGUEL,1,8,2026
6607,JAU,5185-1,Deixar o condutor de usar o cinto seguranca,SP,AUTOMOVEL,PARTICULAR,1,8,2026
7107,SAO PAULO,7366-1,DIRIGIR O VEICULO UTILIZANDO-SE DE FONES NOS OUVIDOS CONEC A APARELHAGEM SONORA,Outras UFs,AUTOMOVEL,PARTICULAR,1,8,2026
6411,FERNANDOPOLIS,5045-0,DIRIGIR VEICULO COM VALIDADE DE CNH/PPD VENCIDA HA MAIS DE 30 DIAS,Outras UFs,AUTOMOVEL,PARTICULAR,1,8,2026
6607,JAU,5835-0,Desobedecer as ordens emanadas da autorid compet de transito ou de seus agentes,SP,AUTOMOVEL,PARTICULAR,1,8,2026
6639,LIMEIRA,5118-0,PERMITIR POSSE/CONDUCAO DO VEICULO A PESSOA SEM CNH/PPD/ACC,SP,AUTOMOVEL,PARTICULAR,1,8,2026
6739,MORRO AGUDO,5010-0,DIRIGIR VEICULO SEM POSSUIR CNH/PPD/ACC,SP,AUTOMOVEL,PARTICULAR,1,8,2026
6639,LIMEIRA,5843-4,"Deixar de indicar c/ antec, med gesto de braco/luz indicadora, mudanca de faixa",SP,MOTOCICLO,PARTICULAR,1,8,2026
7107,SAO PAULO,5177-0,CONFIAR/ENTREGAR VEIC PESS C/ ESTADO FISICO/PSIQUICO S/ CONDICOES DIRIGIR SEGUR,SP,MOTOCICLO,PARTICULAR,1,8,2026
6411,FERNANDOPOLIS,6726-1,"CONDUZIR O VEICULO EM MAU ESTADO DE CONSERVACAO, COMPROMETENDO A SEGURANCA",SP,MOTOCICLO,PARTICULAR,1,8,2026
6921,PRAIA GRANDE,7684-2,Cond motoc/moton/ciclom c/ util cap de seg c/ vis/ocul prot des c/ regul Contran,SP,MOTOCICLO,PARTICULAR,1,8,2026
6931,PRESIDENTE VENCESLAU,5185-1,Deixar o condutor de usar o cinto seguranca,SP,UTILITARIO,PARTICULAR,1,8,2026
7075,SAO BERNARDO DO CAMPO,7773-2,ENTREGAR VEICULO A PESSOA SEM POSSUIR CURSOS ESPECIFICOS OBRIGATORIOS,SP,MOTOCICLO,PARTICULAR,2,8,2026
6401,EMBU DAS ARTES,7048-1,"CONDUZIR MOTOCICLETA, MOTONETA E CICLOMOTOR TRANSPORTANDO PASSAGEIRO S/ CAPACETE",SP,MOTOCICLO,PARTICULAR,2,8,2026
6205,BARRA BONITA,7579-0,"REC SUB TEST, EX CLIN, PERIC OU PROC Q PERM CERT INFL ALC/SUB PSIC FOR ART. 277",SP,MOTOCICLO,PARTICULAR,2,8,2026
6865,ESPIRITO SANTO DO PINHAL,5096-0,ENTREGAR VEICULO A PESSOA COM CNH/PPD VENCIDA HA MAIS DE 30 DIAS,SP,AUTOMOVEL,PARTICULAR,1,8,2026
7107,SAO PAULO,5843-1,"Deixar de indicar c/ antec, med gesto de braco/luz indicadora, inicio da marcha",SP,MOTOCICLO,ALUGUEL,1,8,2026
7223,VALENTIM GENTIL,6726-1,"CONDUZIR O VEICULO EM MAU ESTADO DE CONSERVACAO, COMPROMETENDO A SEGURANCA",SP,MOTOCICLO,PARTICULAR,2,8,2026
6761,NOVA GRANADA,5207-0,Dirigir sem atencao ou sem os cuidados indispensaveis a seguranca,SP,AUTOMOVEL,PARTICULAR,1,8,2026
7057,SANTO ANDRE,5738-0,TRANSITAR PELA CONTRAMAO DE DIRECAO EM VIA C/ SINALIZACAO DE REGUL SENTIDO UNICO,SP,MOTOCICLO,PARTICULAR,1,8,2026
6377,DIADEMA,5070-2,ENTREGAR VEICULO A PESSOA COM CNH/PPD/ACC COM SUSP. DO DIREITO DE DIRIGIR,SP,MOTOCICLO,PARTICULAR,1,8,2026
6707,MIRASSOL,6599-2,CONDUZIR O VEICULO REGISTRADO QUE NAO ESTEJA DEVIDAMENTE LICENCIADO,SP,MOTOCICLO,PARTICULAR,1,8,2026
6177,ARUJA,6556-1,CONDUZIR O VEICULO COM O LACRE DE IDENTIFICACAO VIOLADO/FALSIFICADO,SP,MOTOCICLO,PARTICULAR,1,8,2026
6313,CARAPICUIBA,7056-1,CONDUZIR MOTOC/MOTON/CICLOMOTOR FAZENDO MALABARISMO/EQUILIBRANDO-SE EM UMA RODA,SP,MOTOCICLO,PARTICULAR,1,8,2026
6209,BARRETOS,7684-2,Cond motoc/moton/ciclom c/ util cap de seg c/ vis/ocul prot des c/ regul Contran,SP,MOTONETA,PARTICULAR,1,8,2026
6717,MOGI-MIRIM,7056-1,CONDUZIR MOTOC/MOTON/CICLOMOTOR FAZENDO MALABARISMO/EQUILIBRANDO-SE EM UMA RODA,SP,MOTOCICLO,PARTICULAR,1,8,2026
6619,JUNDIAI,6866-2,Transitar efetuando transporte remunerado de bens qdo nao licenciado p/ esse fim,SP,MOTOCICLO,PARTICULAR,1,8,2026
6289,CAJURU,5010-0,DIRIGIR VEICULO SEM POSSUIR CNH/PPD/ACC,Outras UFs,AUTOMOVEL,PARTICULAR,1,8,2026
6935,QUATA,5720-0,TRANSITAR PELA CONTRAMAO DE DIRECAO EM VIA COM DUPLO SENTIDO DE CIRCULACAO,SP,MOTOCICLO,PARTICULAR,1,8,2026
6293,CAMPO LIMPO PAULISTA,5010-0,DIRIGIR VEICULO SEM POSSUIR CNH/PPD/ACC,SP,MOTOCICLO,PARTICULAR,2,8,2026
7157,TABOAO DA SERRA,5835-0,Desobedecer as ordens emanadas da autorid compet de transito ou de seus agentes,SP,MOTOCICLO,PARTICULAR,3,8,2026
6969,RIBEIRAO PRETO,7684-2,Cond motoc/moton/ciclom c/ util cap de seg c/ vis/ocul prot des c/ regul Contran,SP,MOTONETA,PARTICULAR,2,8,2026
6131,AMERICANA,6599-2,CONDUZIR O VEICULO REGISTRADO QUE NAO ESTEJA DEVIDAMENTE LICENCIADO,SP,MOTOCICLO,PARTICULAR,2,8,2026
6163,ARARAQUARA,6645-0,CONDUZIR O VEICULO COM EQUIP OBRIGATORIO EM DESACORDO COM O ESTAB PELO CONTRAN,SP,MOTOCICLO,PARTICULAR,1,8,2026
6899,POLONI,6653-1,CONDUZIR O VEICULO COM DESCARGA LIVRE,SP,MOTOCICLO,PARTICULAR,1,8,2026
7121,SAO VICENTE,5185-1,Deixar o condutor de usar o cinto seguranca,SP,UTILITARIO,PARTICULAR,1,8,2026
7017,SANTA BARBARA DO OESTE,6599-2,CONDUZIR O VEICULO REGISTRADO QUE NAO ESTEJA DEVIDAMENTE LICENCIADO,SP,MOTOCICLO,PARTICULAR,1,8,2026
6533,IRAPURU,6637-1,CONDUZIR O VEICULO SEM EQUIPAMENTO OBRIGATORIO,SP,ONIBUS,OFICIAL,2,8,2026
6789,OSASCO,6726-1,"CONDUZIR O VEICULO EM MAU ESTADO DE CONSERVACAO, COMPROMETENDO A SEGURANCA",SP,MOTONETA,PARTICULAR,1,8,2026
6133,AMERICO BRASILIENSE,5207-0,Dirigir sem atencao ou sem os cuidados indispensaveis a seguranca,SP,AUTOMOVEL,PARTICULAR,1,8,2026
6317,CASA BRANCA,5193-0,Transportar crianca sem observancia das normas de seguranca estabelecidas p/ CTB,SP,AUTOMOVEL,PARTICULAR,1,8,2026
6713,MOGI DAS CRUZES,7633-2,Dirigir veiculo manuseando telefone celular,SP,CAMINHONET,PARTICULAR,1,8,2026
7107,SAO PAULO,5185-1,Deixar o condutor de usar o cinto seguranca,Outras UFs,CAMINHONET,,1,8,2026
6863,PINDORAMA,6726-1,"CONDUZIR O VEICULO EM MAU ESTADO DE CONSERVACAO, COMPROMETENDO A SEGURANCA",SP,AUTOMOVEL,PARTICULAR,1,8,2026
6645,LORENA,5118-0,PERMITIR POSSE/CONDUCAO DO VEICULO A PESSOA SEM CNH/PPD/ACC,SP,MOTOCICLO,PARTICULAR,1,8,2026
6401,EMBU DAS ARTES,5738-0,TRANSITAR PELA CONTRAMAO DE DIRECAO EM VIA C/ SINALIZACAO DE REGUL SENTIDO UNICO,SP,MOTOCICLO,PARTICULAR,1,8,2026
7107,SAO PAULO,7366-1,DIRIGIR O VEICULO UTILIZANDO-SE DE FONES NOS OUVIDOS CONEC A APARELHAGEM SONORA,SP,AUTOMOVEL,ALUGUEL,1,8,2026
7107,SAO PAULO,5967-0,"ULTRAPASSAR PELA CONTRAMAO LINHA DE DIVISAO DE FLUXOS OPOSTOS, CONTINUA AMARELA",SP,CAMIONETA,PARTICULAR,1,8,2026
6213,BARUERI,5029-2,DIRIGIR VEICULO COM CNH/PPD/ACC COM SUSPENSAO DO DIREITO DE DIRIGIR,SP,MOTOCICLO,PARTICULAR,2,8,2026
6643,LINS,5118-0,PERMITIR POSSE/CONDUCAO DO VEICULO A PESSOA SEM CNH/PPD/ACC,SP,MOTOCICLO,PARTICULAR,2,8,2026
7063,SANTO ANTONIO DO JARDIM,5045-0,DIRIGIR VEICULO COM VALIDADE DE CNH/PPD VENCIDA HA MAIS DE 30 DIAS,SP,AUTOMOVEL,PARTICULAR,1,8,2026
6435,GARCA,5274-1,UTILIZ VEIC DEMONST/EXIBIR MANOBRA PERIGOSA MEDIANTE ARRANCADA BRUSCA,SP,MOTOCICLO,PARTICULAR,1,8,2026
6897,POA,7366-2,DIRIGIR VEICULO UTILIZANDO-SE DE TELEFONE CELULAR,SP,CAMINHONET,PARTICULAR,1,8,2026
6921,PRAIA GRANDE,5010-0,DIRIGIR VEICULO SEM POSSUIR CNH/PPD/ACC,SP,MOTOCICLO,PARTICULAR,2,8,2026
6545,ITAPECERICA DA SERRA,5045-0,DIRIGIR VEICULO COM VALIDADE DE CNH/PPD VENCIDA HA MAIS DE 30 DIAS,SP,MOTOCICLO,PARTICULAR,1,8,2026
7107,SAO PAULO,6050-1,AVAN O SIN VERM DO SEMAF EXC SE HOUVER SINALIZ PERM LIVRE CONV A DIR,SP,CICLOMOTO,PARTICULAR,1,8,2026
6619,JUNDIAI,6920-1,"Deixar de efetuar registro do veiculo em 30 dias, qdo for transf a propriedade",SP,MOTOCICLO,PARTICULAR,1,8,2026
7099,SAO JOSE DOS CAMPOS,5134-1,PERMITIR POSSE/CONDUCAO VEIC A PESSOA COM CNH CATEGORIA DIFERENTE DA DO VEICULO,SP,MOTOCICLO,PARTICULAR,1,8,2026
6405,ESTRELA D OESTE,6610-2,CONDUZIR O VEICULO COM CARACTERISTICA ALTERADA,SP,MOTOCICLO,PARTICULAR,1,8,2026
6579,ITU,6769-0,"CONDUZIR VEIC C/ DEFEITO NO SIST DE ILUMINACAO, SINALIZ OU LAMPADAS QUEIMADAS",SP,MOTOCICLO,PARTICULAR,1,8,2026
6681,MARILIA,6599-2,CONDUZIR O VEICULO REGISTRADO QUE NAO ESTEJA DEVIDAMENTE LICENCIADO,SP,MOTONETA,PARTICULAR,1,8,2026
6509,ILHABELA,6599-2,CONDUZIR O VEICULO REGISTRADO QUE NAO ESTEJA DEVIDAMENTE LICENCIADO,SP,AUTOMOVEL,PARTICULAR,1,8,2026
6553,ITAPIRA,6599-2,CONDUZIR O VEICULO REGISTRADO QUE NAO ESTEJA DEVIDAMENTE LICENCIADO,SP,MOTOCICLO,PARTICULAR,1,8,2026
6475,GUARUJA,6602-0,CONDUZIR O VEICULO COM QUALQUER UMA DAS PLACAS SEM LEGIBILIDADE E VISIBILIDADE,SP,C. TRATOR,ALUGUEL,1,8,2026
6451,GUAPIACU,7056-1,CONDUZIR MOTOC/MOTON/CICLOMOTOR FAZENDO MALABARISMO/EQUILIBRANDO-SE EM UMA RODA,SP,MOTOCICLO,PARTICULAR,1,8,2026
6821,PARAPUA,5452-1,ESTACIONAR NO PASSEIO,SP,CAMINHONET,PARTICULAR,1,8,2026
7107,SAO PAULO,5002-0,"Multa, por nao identificacao do condutor infrator, imposta a pessoa juridica",Outras UFs,CAMIONETA,PARTICULAR,1,8,2026
6429,FRANCO DA ROCHA,7773-2,ENTREGAR VEICULO A PESSOA SEM POSSUIR CURSOS ESPECIFICOS OBRIGATORIOS,SP,MOTOCICLO,PARTICULAR,1,8,2026
6645,LORENA,6637-1,CONDUZIR O VEICULO SEM EQUIPAMENTO OBRIGATORIO,SP,MOTOCICLO,PARTICULAR,2,8,2026
7243,VOTORANTIM,5274-1,UTILIZ VEIC DEMONST/EXIBIR MANOBRA PERIGOSA MEDIANTE ARRANCADA BRUSCA,SP,AUTOMOVEL,PARTICULAR,1,8,2026
7145,SOROCABA,5215-1,Dirigir ameacando os pedestres que estejam atravessando a via publica,SP,CAMINHONET,PARTICULAR,1,8,2026
6545,ITAPECERICA DA SERRA,6726-1,"CONDUZIR O VEICULO EM MAU ESTADO DE CONSERVACAO, COMPROMETENDO A SEGURANCA",SP,AUTOMOVEL,PARTICULAR,1,8,2026
6345,CONCHAL,7714-2,Cond motoc/moton/ciclom transp pass c/ cap seg c/ vis/oc prot des c/ reg Contran,SP,MOTOCICLO,PARTICULAR,2,8,2026
6189,AVARE,5185-1,Deixar o condutor de usar o cinto seguranca,SP,CAMINHONET,PARTICULAR,2,8,2026
6435,GARCA,7340-0,DIRIGIR O VEIC USANDO CALCADO QUE N SE FIRME NOS PES/COMPROMETA UTILIZ PEDAIS,SP,AUTOMOVEL,PARTICULAR,1,8,2026
7107,SAO PAULO,7773-2,ENTREGAR VEICULO A PESSOA SEM POSSUIR CURSOS ESPECIFICOS OBRIGATORIOS,SP,AUTOMOVEL,ALUGUEL,1,8,2026
6563,ITAQUAQUECETUBA,6599-2,CONDUZIR O VEICULO REGISTRADO QUE NAO ESTEJA DEVIDAMENTE LICENCIADO,SP,CAMINHONET,PARTICULAR,1,8,2026
6715,MOGI-GUACU,6670-0,CONDUZIR O VEICULO C/ EQUIP DO SISTEMA DE ILUMINACAO E DE SINALIZACAO ALTERADOS,SP,MOTOCICLO,PARTICULAR,1,8,2026
6715,MOGI-GUACU,6637-2,CONDUZIR O VEICULO COM EQUIPAMENTO OBRIGATORIO INEFICIENTE/INOPERANTE,SP,MOTOCICLO,PARTICULAR,1,8,2026
7155,TABATINGA,6599-2,CONDUZIR O VEICULO REGISTRADO QUE NAO ESTEJA DEVIDAMENTE LICENCIADO,SP,AUTOMOVEL,PARTICULAR,1,8,2026
7145,SOROCABA,7048-1,"CONDUZIR MOTOCICLETA, MOTONETA E CICLOMOTOR TRANSPORTANDO PASSAGEIRO S/ CAPACETE",SP,MOTOCICLO,PARTICULAR,2,8,2026
6179,ASSIS,6726-1,"CONDUZIR O VEICULO EM MAU ESTADO DE CONSERVACAO, COMPROMETENDO A SEGURANCA",SP,MOTOCICLO,PARTICULAR,1,8,2026
3055,ITAPIRAPUA PAULISTA,6599-1,CONDUZIR O VEICULO QUE NAO ESTEJA REGISTRADO,SP,MOTOCICLO,PARTICULAR,1,8,2026
6797,OURO VERDE,6050-2,AVANCAR O SINAL DE PARADA OBRIGATORIA,SP,MOTOCICLO,PARTICULAR,1,8,2026
6545,ITAPECERICA DA SERRA,5045-0,DIRIGIR VEICULO COM VALIDADE DE CNH/PPD VENCIDA HA MAIS DE 30 DIAS,Outras UFs,AUTOMOVEL,,1,8,2026
6547,ITAPETININGA,6726-1,"CONDUZIR O VEICULO EM MAU ESTADO DE CONSERVACAO, COMPROMETENDO A SEGURANCA",SP,MOTOCICLO,PARTICULAR,1,8,2026
7107,SAO PAULO,6017-1,"EXECUTAR OPERACAO DE RETORNO PASSANDO POR CIMA DE CALCADA, PASSEIO",SP,AUTOMOVEL,PARTICULAR,1,8,2026
6635,LEME,5215-2,Dirigir ameacando os demais veiculos,SP,MOTOCICLO,PARTICULAR,2,8,2026
6543,ITANHAEM,5185-1,Deixar o condutor de usar o cinto seguranca,SP,MICROONIB,ALUGUEL,1,8,2026
6225,BERNARDINO DE CAMPOS,5010-0,DIRIGIR VEICULO SEM POSSUIR CNH/PPD/ACC,SP,AUTOMOVEL,PARTICULAR,1,8,2026
6789,OSASCO,6580-0,CONDUZIR O VEICULO SEM QUALQUER UMA DAS PLACAS DE IDENTIFICACAO,SP,MOTOCICLO,PARTICULAR,1,8,2026
6671,MAIRIPORA,6041-2,EXECUTAR OPERACAO DE CONVERSAO A ESQUERDA EM LOCAL PROIBIDO PELA SINALIZACAO,Outras UFs,CAMINHONET,PARTICULAR,1,8,2026
6975,RINCAO,7579-0,"REC SUB TEST, EX CLIN, PERIC OU PROC Q PERM CERT INFL ALC/SUB PSIC FOR ART. 277",SP,AUTOMOVEL,PARTICULAR,1,8,2026
7107,SAO PAULO,6858-0,Transitar com o veiculo com lotacao excedente,SP,CAMIONETA,PARTICULAR,1,8,2026
6317,CASA BRANCA,6599-2,CONDUZIR O VEICULO REGISTRADO QUE NAO ESTEJA DEVIDAMENTE LICENCIADO,SP,AUTOMOVEL,PARTICULAR,1,8,2026
7201,TUPA,5045-0,DIRIGIR VEICULO COM VALIDADE DE CNH/PPD VENCIDA HA MAIS DE 30 DIAS,SP,MOTOCICLO,PARTICULAR,1,8,2026
6219,BAURU,7579-0,"REC SUB TEST, EX CLIN, PERIC OU PROC Q PERM CERT INFL ALC/SUB PSIC FOR ART. 277",SP,CAMIONETA,PARTICULAR,1,8,2026
6275,CACONDE,6637-1,CONDUZIR O VEICULO SEM EQUIPAMENTO OBRIGATORIO,SP,MOTOCICLO,PARTICULAR,1,8,2026
6639,LIMEIRA,5010-0,DIRIGIR VEICULO SEM POSSUIR CNH/PPD/ACC,SP,AUTOMOVEL,PARTICULAR,3,8,2026
6125,ALVARES MACHADO,5452-1,ESTACIONAR NO PASSEIO,SP,MOTOCICLO,PARTICULAR,1,8,2026
6551,ITAPEVI,5185-1,Deixar o condutor de usar o cinto seguranca,SP,AUTOMOVEL,PARTICULAR,1,8,2026
7047,SANTANA DE PARNAIBA,5274-1,UTILIZ VEIC DEMONST/EXIBIR MANOBRA PERIGOSA MEDIANTE ARRANCADA BRUSCA,SP,MOTOCICLO,PARTICULAR,1,8,2026
7151,SUZANO,7633-2,Dirigir veiculo manuseando telefone celular,SP,S. REBOQUE,ALUGUEL,1,8,2026
6275,CACONDE,5070-1,ENTREGAR VEICULO A PESSOA COM CNH/PPD/ACC CASSADA,SP,AUTOMOVEL,PARTICULAR,1,8,2026
7107,SAO PAULO,5010-0,DIRIGIR VEICULO SEM POSSUIR CNH/PPD/ACC,Outras UFs,MOTOCICLO,PARTICULAR,1,8,2026
6285,CAJAMAR,6599-2,CONDUZIR O VEICULO REGISTRADO QUE NAO ESTEJA DEVIDAMENTE LICENCIADO,SP,MOTOCICLO,PARTICULAR,1,8,2026
6707,MIRASSOL,7056-1,CONDUZIR MOTOC/MOTON/CICLOMOTOR FAZENDO MALABARISMO/EQUILIBRANDO-SE EM UMA RODA,SP,MOTOCICLO,PARTICULAR,1,8,2026
6689,MAUA,6050-1,AVAN O SIN VERM DO SEMAF EXC SE HOUVER SINALIZ PERM LIVRE CONV A DIR,Outras UFs,MOTOCICLO,PARTICULAR,1,8,2026
6131,AMERICANA,5010-0,DIRIGIR VEICULO SEM POSSUIR CNH/PPD/ACC,SP,MOTOCICLO,PARTICULAR,1,8,2026
7105,SAO MIGUEL ARCANJO,6599-2,CONDUZIR O VEICULO REGISTRADO QUE NAO ESTEJA DEVIDAMENTE LICENCIADO,SP,MOTOCICLO,PARTICULAR,1,8,2026
7099,SAO JOSE DOS CAMPOS,6076-0,TRANSPOR BLOQUEIO VIARIO POLICIAL,SP,MOTOCICLO,PARTICULAR,2,8,2026
6359,COSMORAMA,5010-0,DIRIGIR VEICULO SEM POSSUIR CNH/PPD/ACC,SP,AUTOMOVEL,PARTICULAR,1,8,2026
7037,SANTA ISABEL,6050-1,AVAN O SIN VERM DO SEMAF EXC SE HOUVER SINALIZ PERM LIVRE CONV A DIR,SP,MOTOCICLO,PARTICULAR,1,8,2026
7083,SAO JOAO DA BOA VISTA,5169-2,DIRIGIR SOB A INFLUENCIA DE QQUER SUBSTANCIA PSICOATIVA QUE DETER. DEPENDENCIA,SP,MOTONETA,PARTICULAR,1,8,2026
6563,ITAQUAQUECETUBA,7579-0,"REC SUB TEST, EX CLIN, PERIC OU PROC Q PERM CERT INFL ALC/SUB PSIC FOR ART. 277",SP,AUTOMOVEL,PARTICULAR,1,8,2026
6177,ARUJA,5525-0,ESTACIONAR NA CONTRAMAO DE DIRECAO,SP,AUTOMOVEL,PARTICULAR,1,8,2026
6867,PINHALZINHO,6670-0,CONDUZIR O VEICULO C/ EQUIP DO SISTEMA DE ILUMINACAO E DE SINALIZACAO ALTERADOS,SP,MOTOCICLO,PARTICULAR,1,8,2026
6695,MIGUELOPOLIS,5010-0,DIRIGIR VEICULO SEM POSSUIR CNH/PPD/ACC,SP,MOTOCICLO,PARTICULAR,1,8,2026
6711,MOCOCA,5274-2,UTILIZ VEIC DEM/EXIBIR MANOB PERIG MED DERRAP/FRENAG C/DESLIZ/ARRAST PNEUS,SP,MOTOCICLO,PARTICULAR,1,8,2026
7107,SAO PAULO,6050-3,AVAN O SIN VERM DO SEMAF EXC SE HOUVER SINALIZ PERM LIVRE CONV A DIR -FISC ELETR,Outras UFs,AUTOMOVEL,PARTICULAR,1,8,2026
6769,NOVA ODESSA,5967-0,"ULTRAPASSAR PELA CONTRAMAO LINHA DE DIVISAO DE FLUXOS OPOSTOS, CONTINUA AMARELA",SP,CAMINHONET,PARTICULAR,1,8,2026
7107,SAO PAULO,6491-0,USAR BUZINA PROLONGADA E SUCESSIVAMENTE A QUALQUER PRETEXTO,SP,AUTOMOVEL,ALUGUEL,1,8,2026
7183,TAUBATE,7056-1,CONDUZIR MOTOC/MOTON/CICLOMOTOR FAZENDO MALABARISMO/EQUILIBRANDO-SE EM UMA RODA,SP,MOTOCICLO,PARTICULAR,1,8,2026
6101,ADAMANTINA,5207-0,Dirigir sem atencao ou sem os cuidados indispensaveis a seguranca,SP,AUTOMOVEL,PARTICULAR,1,8,2026
7129,SERRA AZUL,7030-1,Conduzir motoc/moton/ciclom s/ capacete de seguranca,SP,MOTOCICLO,PARTICULAR,1,8,2026
6553,ITAPIRA,7579-0,"REC SUB TEST, EX CLIN, PERIC OU PROC Q PERM CERT INFL ALC/SUB PSIC FOR ART. 277",SP,CAMINHONET,PARTICULAR,1,8,2026
6377,DIADEMA,5185-1,Deixar o condutor de usar o cinto seguranca,SP,CAMIONETA,PARTICULAR,1,8,2026
6153,APIAI,5010-0,DIRIGIR VEICULO SEM POSSUIR CNH/PPD/ACC,SP,CAMINHONET,PARTICULAR,1,8,2026
7107,SAO PAULO,7358-0,"DIRIGIR O VEICULO COM APENAS UMA DAS MAOS, EXCETO QUANDO PERMITIDO PELO CTB",SP,CAMINHAO,ALUGUEL,1,8,2026
6589,JACAREI,5088-1,ENTREGAR VEICULO A PESSOA COM CNH DE CATEGORIA DIFERENTE DA DO VEICULO,SP,MOTOCICLO,PARTICULAR,1,8,2026
6309,CAPIVARI,6599-2,CONDUZIR O VEICULO REGISTRADO QUE NAO ESTEJA DEVIDAMENTE LICENCIADO,SP,AUTOMOVEL,PARTICULAR,1,8,2026
6677,MARACAI,5037-1,DIRIGIR VEICULO COM CNH DE CATEGORIA DIFERENTE DA DO VEICULO,SP,MOTONETA,PARTICULAR,1,8,2026
6921,PRAIA GRANDE,5061-0,ENTREGAR VEICULO A PESSOA SEM CNH/PPD/ACC,SP,MOTOCICLO,PARTICULAR,1,8,2026
7029,SANTA CRUZ DO RIO PARDO,6610-2,CONDUZIR O VEICULO COM CARACTERISTICA ALTERADA,SP,MOTOCICLO,PARTICULAR,1,8,2026
6619,JUNDIAI,5835-0,Desobedecer as ordens emanadas da autorid compet de transito ou de seus agentes,SP,MOTOCICLO,PARTICULAR,1,8,2026
6587,JABOTICABAL,7323-2,DIRIGIR O VEICULO TRANSPORT ANIMAIS A SUA ESQUERDA OU ENTRE OS BRACOS E PERNAS,SP,AUTOMOVEL,PARTICULAR,1,8,2026
6935,QUATA,5045-0,DIRIGIR VEICULO COM VALIDADE DE CNH/PPD VENCIDA HA MAIS DE 30 DIAS,SP,MOTOCICLO,PARTICULAR,1,8,2026
6251,BRAGANCA PAULISTA,6726-1,"CONDUZIR O VEICULO EM MAU ESTADO DE CONSERVACAO, COMPROMETENDO A SEGURANCA",SP,AUTOMOVEL,PARTICULAR,1,8,2026
6727,MONTE ALTO,6599-2,CONDUZIR O VEICULO REGISTRADO QUE NAO ESTEJA DEVIDAMENTE LICENCIADO,SP,AUTOMOVEL,PARTICULAR,1,8,2026
6289,CAJURU,7714-2,Cond motoc/moton/ciclom transp pass c/ cap seg c/ vis/oc prot des c/ reg Contran,SP,MOTOCICLO,PARTICULAR,1,8,2026
6415,FERRAZ DE VASCONCELOS,6726-1,"CONDUZIR O VEICULO EM MAU ESTADO DE CONSERVACAO, COMPROMETENDO A SEGURANCA",SP,MOTOCICLO,PARTICULAR,1,8,2026
6547,ITAPETININGA,5118-0,PERMITIR POSSE/CONDUCAO DO VEICULO A PESSOA SEM CNH/PPD/ACC,SP,MOTOCICLO,PARTICULAR,2,8,2026
7107,SAO PAULO,5819-2,"TRANSITAR COM O VEICULO EM CICLOVIAS, CICLOFAIXAS",SP,MOTONETA,PARTICULAR,3,8,2026
6165,ARARAS,7714-2,Cond motoc/moton/ciclom transp pass c/ cap seg c/ vis/oc prot des c/ reg Contran,SP,MOTOCICLO,PARTICULAR,1,8,2026
6209,BARRETOS,6599-1,CONDUZIR O VEICULO QUE NAO ESTEJA REGISTRADO,SP,AUTOMOVEL,PARTICULAR,1,8,2026
6295,CAMPOS DO JORDAO,5274-1,UTILIZ VEIC DEMONST/EXIBIR MANOBRA PERIGOSA MEDIANTE ARRANCADA BRUSCA,SP,MOTOCICLO,PARTICULAR,1,8,2026
7107,SAO PAULO,7366-2,DIRIGIR VEICULO UTILIZANDO-SE DE TELEFONE CELULAR,SP,MICROONIB,ALUGUEL,1,8,2026
6619,JUNDIAI,5070-2,ENTREGAR VEICULO A PESSOA COM CNH/PPD/ACC COM SUSP. DO DIREITO DE DIRIGIR,SP,MOTOCICLO,PARTICULAR,1,8,2026
6493,IBITINGA,6050-1,AVAN O SIN VERM DO SEMAF EXC SE HOUVER SINALIZ PERM LIVRE CONV A DIR,SP,MOTOCICLO,PARTICULAR,2,8,2026
7107,SAO PAULO,5738-0,TRANSITAR PELA CONTRAMAO DE DIRECAO EM VIA C/ SINALIZACAO DE REGUL SENTIDO UNICO,Outras UFs,AUTOMOVEL,PARTICULAR,1,8,2026
6711,MOCOCA,6050-1,AVAN O SIN VERM DO SEMAF EXC SE HOUVER SINALIZ PERM LIVRE CONV A DIR,SP,MOTOCICLO,PARTICULAR,2,8,2026
7107,SAO PAULO,5193-0,Transportar crianca sem observancia das normas de seguranca estabelecidas p/ CTB,Outras UFs,CAMINHONET,PARTICULAR,1,8,2026
2993,POTIM,7579-0,"REC SUB TEST, EX CLIN, PERIC OU PROC Q PERM CERT INFL ALC/SUB PSIC FOR ART. 277",SP,MOTOCICLO,PARTICULAR,1,8,2026
6875,PIRACICABA,7579-0,"REC SUB TEST, EX CLIN, PERIC OU PROC Q PERM CERT INFL ALC/SUB PSIC FOR ART. 277",SP,MOTOCICLO,PARTICULAR,1,8,2026
6729,MONTE APRAZIVEL,7633-2,Dirigir veiculo manuseando telefone celular,SP,CAMINHONET,PARTICULAR,1,8,2026
7107,SAO PAULO,5738-0,TRANSITAR PELA CONTRAMAO DE DIRECAO EM VIA C/ SINALIZACAO DE REGUL SENTIDO UNICO,SP,MOTONETA,PARTICULAR,3,8,2026
6451,GUAPIACU,7030-1,Conduzir motoc/moton/ciclom s/ capacete de seguranca,SP,MOTONETA,PARTICULAR,1,8,2026
6637,LENCOIS PAULISTA,5010-0,DIRIGIR VEICULO SEM POSSUIR CNH/PPD/ACC,SP,MOTOCICLO,PARTICULAR,1,8,2026
6569,ITATIBA,5169-1,DIRIGIR SOB A INFLUENCIA DE ALCOOL,SP,MOTOCICLO,PARTICULAR,1,8,2026
7057,SANTO ANDRE,6050-1,AVAN O SIN VERM DO SEMAF EXC SE HOUVER SINALIZ PERM LIVRE CONV A DIR,SP,CAMIONETA,PARTICULAR,1,8,2026
6475,GUARUJA,5118-0,PERMITIR POSSE/CONDUCAO DO VEICULO A PESSOA SEM CNH/PPD/ACC,SP,MOTONETA,PARTICULAR,1,8,2026
7027,SANTA CRUZ DAS PALMEIRAS,6599-2,CONDUZIR O VEICULO REGISTRADO QUE NAO ESTEJA DEVIDAMENTE LICENCIADO,SP,AUTOMOVEL,PARTICULAR,1,8,2026
7183,TAUBATE,5274-1,UTILIZ VEIC DEMONST/EXIBIR MANOBRA PERIGOSA MEDIANTE ARRANCADA BRUSCA,Outras UFs,MOTOCICLO,PARTICULAR,1,8,2026
6113,AGUDOS,6599-2,CONDUZIR O VEICULO REGISTRADO QUE NAO ESTEJA DEVIDAMENTE LICENCIADO,SP,AUTOMOVEL,PARTICULAR,1,8,2026
6429,FRANCO DA ROCHA,7633-2,Dirigir veiculo manuseando telefone celular,SP,AUTOMOVEL,PARTICULAR,1,8,2026
6251,BRAGANCA PAULISTA,7579-0,"REC SUB TEST, EX CLIN, PERIC OU PROC Q PERM CERT INFL ALC/SUB PSIC FOR ART. 277",SP,AUTOMOVEL,PARTICULAR,1,8,2026
6475,GUARUJA,5010-0,DIRIGIR VEICULO SEM POSSUIR CNH/PPD/ACC,SP,AUTOMOVEL,PARTICULAR,1,8,2026
7057,SANTO ANDRE,5088-1,ENTREGAR VEICULO A PESSOA COM CNH DE CATEGORIA DIFERENTE DA DO VEICULO,SP,MOTOCICLO,PARTICULAR,2,8,2026
7099,SAO JOSE DOS CAMPOS,5207-0,Dirigir sem atencao ou sem os cuidados indispensaveis a seguranca,SP,CAMINHONET,ALUGUEL,1,8,2026
6189,AVARE,7633-2,Dirigir veiculo manuseando telefone celular,SP,AUTOMOVEL,PARTICULAR,1,8,2026
7107,SAO PAULO,5029-1,Dirigir veiculo com CNH/PPD/ACC cassada,SP,CAMINHONET,PARTICULAR,2,8,2026
2949,ENGENHEIRO COELHO,6653-1,CONDUZIR O VEICULO COM DESCARGA LIVRE,SP,MOTOCICLO,PARTICULAR,1,8,2026
6275,CACONDE,5010-0,DIRIGIR VEICULO SEM POSSUIR CNH/PPD/ACC,SP,MOTOCICLO,PARTICULAR,1,8,2026
6935,QUATA,5169-1,DIRIGIR SOB A INFLUENCIA DE ALCOOL,SP,CAMINHAO,PARTICULAR,1,8,2026
6619,JUNDIAI,6769-0,"CONDUZIR VEIC C/ DEFEITO NO SIST DE ILUMINACAO, SINALIZ OU LAMPADAS QUEIMADAS",SP,AUTOMOVEL,PARTICULAR,1,8,2026
7107,SAO PAULO,6017-4,EXECUTAR OPERACAO DE RETORNO PASSANDO POR CIMA DE CANTEIRO DE DIVISOR DE PISTA,SP,MOTOCICLO,PARTICULAR,1,8,2026
6543,ITANHAEM,7056-1,CONDUZIR MOTOC/MOTON/CICLOMOTOR FAZENDO MALABARISMO/EQUILIBRANDO-SE EM UMA RODA,SP,MOTOCICLO,PARTICULAR,1,8,2026
6991,RUBINEIA,6602-0,CONDUZIR O VEICULO COM QUALQUER UMA DAS PLACAS SEM LEGIBILIDADE E VISIBILIDADE,SP,ONIBUS,OFICIAL,1,8,2026
6811,PARAGUACU PAULISTA,6637-2,CONDUZIR O VEICULO COM EQUIPAMENTO OBRIGATORIO INEFICIENTE/INOPERANTE,SP,MOTOCICLO,PARTICULAR,1,8,2026
6969,RIBEIRAO PRETO,5738-0,TRANSITAR PELA CONTRAMAO DE DIRECAO EM VIA C/ SINALIZACAO DE REGUL SENTIDO UNICO,SP,AUTOMOVEL,PARTICULAR,1,8,2026
6969,RIBEIRAO PRETO,6599-2,CONDUZIR O VEICULO REGISTRADO QUE NAO ESTEJA DEVIDAMENTE LICENCIADO,SP,CAMINHONET,PARTICULAR,1,8,2026
7235,VERA CRUZ,7048-1,"CONDUZIR MOTOCICLETA, MOTONETA E CICLOMOTOR TRANSPORTANDO PASSAGEIRO S/ CAPACETE",SP,MOTOCICLO,PARTICULAR,1,8,2026
7099,SAO JOSE DOS CAMPOS,5185-1,Deixar o condutor de usar o cinto seguranca,SP,CAMINHONET,PARTICULAR,1,8,2026
6721,MONCOES,6530-0,USAR NO VEICULO EQUIP C/ SOM EM VOLUME/FREQUENCIA NAO AUTORIZADOS PELO CONTRAN,SP,AUTOMOVEL,PARTICULAR,1,8,2026
6681,MARILIA,6637-2,CONDUZIR O VEICULO COM EQUIPAMENTO OBRIGATORIO INEFICIENTE/INOPERANTE,SP,MOTOCICLO,PARTICULAR,2,8,2026
6427,FRANCISCO MORATO,7579-0,"REC SUB TEST, EX CLIN, PERIC OU PROC Q PERM CERT INFL ALC/SUB PSIC FOR ART. 277",Outras UFs,AUTOMOVEL,PARTICULAR,1,8,2026
7107,SAO PAULO,5819-1,"TRANSITAR COM O VEICULO EM CALCADAS, PASSEIOS",SP,MOTONETA,PARTICULAR,1,8,2026
7077,SAO CAETANO DO SUL,6599-2,CONDUZIR O VEICULO REGISTRADO QUE NAO ESTEJA DEVIDAMENTE LICENCIADO,SP,MOTOCICLO,PARTICULAR,1,8,2026
7085,SAO JOAO DAS DUAS PONTES,6599-2,CONDUZIR O VEICULO REGISTRADO QUE NAO ESTEJA DEVIDAMENTE LICENCIADO,SP,CAMINHONET,PARTICULAR,1,8,2026
6563,ITAQUAQUECETUBA,7234-0,"EM MOVIMENTO, DEIXAR DE MANTER ACESA A LUZ BAIXA DURANTE A NOITE",SP,CAMINHONET,PARTICULAR,1,8,2026
6313,CARAPICUIBA,5193-0,Transportar crianca sem observancia das normas de seguranca estabelecidas p/ CTB,SP,AUTOMOVEL,PARTICULAR,1,8,2026
6729,MONTE APRAZIVEL,5568-0,ESTACIONAR LOCAL/HORARIO DE ESTACIONAMENTO E PARADA PROIBIDOS PELA SINALIZACAO,SP,AUTOMOVEL,PARTICULAR,1,8,2026
6545,ITAPECERICA DA SERRA,5070-1,ENTREGAR VEICULO A PESSOA COM CNH/PPD/ACC CASSADA,SP,MOTOCICLO,PARTICULAR,1,8,2026
6815,PARAISO,6637-1,CONDUZIR O VEICULO SEM EQUIPAMENTO OBRIGATORIO,SP,MOTOCICLO,PARTICULAR,1,8,2026
6795,OURINHOS,5118-0,PERMITIR POSSE/CONDUCAO DO VEICULO A PESSOA SEM CNH/PPD/ACC,SP,MOTOCICLO,PARTICULAR,1,8,2026
6607,JAU,5061-0,ENTREGAR VEICULO A PESSOA SEM CNH/PPD/ACC,SP,MOTOCICLO,PARTICULAR,1,8,2026
7129,SERRA AZUL,6645-0,CONDUZIR O VEICULO COM EQUIP OBRIGATORIO EM DESACORDO COM O ESTAB PELO CONTRAN,SP,MOTOCICLO,PARTICULAR,1,8,2026
6131,AMERICANA,7340-0,DIRIGIR O VEIC USANDO CALCADO QUE N SE FIRME NOS PES/COMPROMETA UTILIZ PEDAIS,SP,MOTONETA,PARTICULAR,1,8,2026
6639,LIMEIRA,7633-2,Dirigir veiculo manuseando telefone celular,SP,CAMINHONET,PARTICULAR,1,8,2026
7017,SANTA BARBARA DO OESTE,6050-1,AVAN O SIN VERM DO SEMAF EXC SE HOUVER SINALIZ PERM LIVRE CONV A DIR,SP,AUTOMOVEL,PARTICULAR,2,8,2026
6291,CAMPINAS,5185-2,Deixar o passageiro de usar o cinto seguranca,SP,AUTOMOVEL,PARTICULAR,1,8,2026
6565,ITARARE,6610-2,CONDUZIR O VEICULO COM CARACTERISTICA ALTERADA,SP,AUTOMOVEL,PARTICULAR,1,8,2026
6361,COTIA,5029-1,Dirigir veiculo com CNH/PPD/ACC cassada,SP,AUTOMOVEL,PARTICULAR,1,8,2026
6219,BAURU,6556-1,CONDUZIR O VEICULO COM O LACRE DE IDENTIFICACAO VIOLADO/FALSIFICADO,SP,MOTOCICLO,PARTICULAR,2,8,2026
7079,SAO CARLOS,5096-0,ENTREGAR VEICULO A PESSOA COM CNH/PPD VENCIDA HA MAIS DE 30 DIAS,SP,MOTOCICLO,PARTICULAR,1,8,2026
7057,SANTO ANDRE,5010-0,DIRIGIR VEICULO SEM POSSUIR CNH/PPD/ACC,SP,AUTOMOVEL,PARTICULAR,2,8,2026
7071,SANTOS,5843-3,"Deixar de indicar c/ antec, med gesto de braco/luz indicadora, mudanca direcao",SP,MOTOCICLO,PARTICULAR,1,8,2026
6329,CERQUEIRA CESAR,5010-0,DIRIGIR VEICULO SEM POSSUIR CNH/PPD/ACC,SP,MOTOCICLO,PARTICULAR,1,8,2026
6969,RIBEIRAO PRETO,6670-0,CONDUZIR O VEICULO C/ EQUIP DO SISTEMA DE ILUMINACAO E DE SINALIZACAO ALTERADOS,SP,MOTOCICLO,PARTICULAR,1,8,2026
6979,RIO CLARO,6599-2,CONDUZIR O VEICULO REGISTRADO QUE NAO ESTEJA DEVIDAMENTE LICENCIADO,SP,MOTOCICLO,PARTICULAR,2,8,2026
6779,OLIMPIA,6653-1,CONDUZIR O VEICULO COM DESCARGA LIVRE,SP,MOTOCICLO,PARTICULAR,2,8,2026
6131,AMERICANA,5207-0,Dirigir sem atencao ou sem os cuidados indispensaveis a seguranca,SP,MOTOCICLO,PARTICULAR,1,8,2026
6953,REGISTRO,5738-0,TRANSITAR PELA CONTRAMAO DE DIRECAO EM VIA C/ SINALIZACAO DE REGUL SENTIDO UNICO,SP,MOTOCICLO,PARTICULAR,1,8,2026
6715,MOGI-GUACU,5967-0,"ULTRAPASSAR PELA CONTRAMAO LINHA DE DIVISAO DE FLUXOS OPOSTOS, CONTINUA AMARELA",SP,MOTOCICLO,PARTICULAR,1,8,2026
7061,SANTO ANTONIO DE POSSE,7684-2,Cond motoc/moton/ciclom c/ util cap de seg c/ vis/ocul prot des c/ regul Contran,SP,MOTOCICLO,PARTICULAR,1,8,2026
6465,GUARARAPES,5835-0,Desobedecer as ordens emanadas da autorid compet de transito ou de seus agentes,SP,MOTOCICLO,PARTICULAR,1,8,2026
6285,CAJAMAR,5185-1,Deixar o condutor de usar o cinto seguranca,SP,C. TRATOR,ALUGUEL,1,8,2026
6795,OURINHOS,6645-0,CONDUZIR O VEICULO COM EQUIP OBRIGATORIO EM DESACORDO COM O ESTAB PELO CONTRAN,Outras UFs,MOTOCICLO,PARTICULAR,2,8,2026
6761,NOVA GRANADA,6653-1,CONDUZIR O VEICULO COM DESCARGA LIVRE,SP,MOTOCICLO,PARTICULAR,1,8,2026
6817,PARANAPANEMA,7285-0,"EM MOVIMENTO, DEIXAR DE MANTER A PLACA TRASEIRA ILUMINADA A NOITE",SP,AUTOMOVEL,PARTICULAR,1,8,2026
6291,CAMPINAS,6408-0,PORTAR NO VEICULO PLACAS DE IDENTIFICACAO EM DESACORDO C/ ESPECIF/MODELO CONTRAN,SP,MOTOCICLO,PARTICULAR,2,8,2026
6425,FRANCA,6637-1,CONDUZIR O VEICULO SEM EQUIPAMENTO OBRIGATORIO,SP,AUTOMOVEL,PARTICULAR,1,8,2026
6291,CAMPINAS,6580-0,CONDUZIR O VEICULO SEM QUALQUER UMA DAS PLACAS DE IDENTIFICACAO,SP,AUTOMOVEL,PARTICULAR,1,8,2026
7063,SANTO ANTONIO DO JARDIM,5010-0,DIRIGIR VEICULO SEM POSSUIR CNH/PPD/ACC,SP,AUTOMOVEL,PARTICULAR,1,8,2026
6635,LEME,6769-0,"CONDUZIR VEIC C/ DEFEITO NO SIST DE ILUMINACAO, SINALIZ OU LAMPADAS QUEIMADAS",SP,MOTOCICLO,PARTICULAR,2,8,2026
7083,SAO JOAO DA BOA VISTA,5142-0,PERMITIR POSSE/CONDUCAO DO VEIC A PESSOA COM CNH/PPD VENCIDA HA MAIS DE 30 DIAS,SP,MOTOCICLO,PARTICULAR,1,8,2026
6979,RIO CLARO,7030-1,Conduzir motoc/moton/ciclom s/ capacete de seguranca,SP,MOTOCICLO,PARTICULAR,1,8,2026
7225,VALINHOS,5053-4,DIRIGIR VEICULO S/ ADAPTACOES IMPOSTAS NA CONCESSAO/RENOVACAO LICENCA CONDUZIR,SP,AUTOMOVEL,PARTICULAR,1,8,2026
6969,RIBEIRAO PRETO,5118-0,PERMITIR POSSE/CONDUCAO DO VEICULO A PESSOA SEM CNH/PPD/ACC,Outras UFs,MOTOCICLO,PARTICULAR,1,8,2026
6681,MARILIA,5274-1,UTILIZ VEIC DEMONST/EXIBIR MANOBRA PERIGOSA MEDIANTE ARRANCADA BRUSCA,SP,MOTONETA,PARTICULAR,1,8,2026
7157,TABOAO DA SERRA,5843-3,"Deixar de indicar c/ antec, med gesto de braco/luz indicadora, mudanca direcao",SP,AUTOMOVEL,PARTICULAR,1,8,2026
7107,SAO PAULO,6599-2,CONDUZIR O VEICULO REGISTRADO QUE NAO ESTEJA DEVIDAMENTE LICENCIADO,SP,AUTOMOVEL,OFICIAL,1,8,2026
6587,JABOTICABAL,6050-1,AVAN O SIN VERM DO SEMAF EXC SE HOUVER SINALIZ PERM LIVRE CONV A DIR,SP,MOTOCICLO,PARTICULAR,1,8,2026
2943,ILHA SOLTEIRA,5045-0,DIRIGIR VEICULO COM VALIDADE DE CNH/PPD VENCIDA HA MAIS DE 30 DIAS,SP,MOTOCICLO,PARTICULAR,1,8,2026
6369,CRUZEIRO,6050-1,AVAN O SIN VERM DO SEMAF EXC SE HOUVER SINALIZ PERM LIVRE CONV A DIR,SP,AUTOMOVEL,PARTICULAR,1,8,2026
7057,SANTO ANDRE,5118-0,PERMITIR POSSE/CONDUCAO DO VEICULO A PESSOA SEM CNH/PPD/ACC,SP,AUTOMOVEL,PARTICULAR,1,8,2026
6177,ARUJA,6599-2,CONDUZIR O VEICULO REGISTRADO QUE NAO ESTEJA DEVIDAMENTE LICENCIADO,SP,AUTOMOVEL,PARTICULAR,1,8,2026
6713,MOGI DAS CRUZES,6599-2,CONDUZIR O VEICULO REGISTRADO QUE NAO ESTEJA DEVIDAMENTE LICENCIADO,SP,CAMINHONET,PARTICULAR,2,8,2026
6579,ITU,7633-2,Dirigir veiculo manuseando telefone celular,SP,UTILITARIO,PARTICULAR,1,8,2026
7107,SAO PAULO,6920-1,"Deixar de efetuar registro do veiculo em 30 dias, qdo for transf a propriedade",Outras UFs,C. TRATOR,PARTICULAR,1,8,2026
6359,COSMORAMA,5118-0,PERMITIR POSSE/CONDUCAO DO VEICULO A PESSOA SEM CNH/PPD/ACC,SP,AUTOMOVEL,PARTICULAR,1,8,2026
7107,SAO PAULO,5819-1,"TRANSITAR COM O VEICULO EM CALCADAS, PASSEIOS",SP,CAMIONETA,PARTICULAR,2,8,2026
6969,RIBEIRAO PRETO,5215-1,Dirigir ameacando os pedestres que estejam atravessando a via publica,SP,MOTOCICLO,PARTICULAR,1,8,2026
6915,PORTO FERREIRA,6670-0,CONDUZIR O VEICULO C/ EQUIP DO SISTEMA DE ILUMINACAO E DE SINALIZACAO ALTERADOS,SP,AUTOMOVEL,PARTICULAR,1,8,2026
6291,CAMPINAS,6599-2,CONDUZIR O VEICULO REGISTRADO QUE NAO ESTEJA DEVIDAMENTE LICENCIADO,Outras UFs,AUTOMOVEL,PARTICULAR,1,8,2026
6863,PINDORAMA,5274-2,UTILIZ VEIC DEM/EXIBIR MANOB PERIG MED DERRAP/FRENAG C/DESLIZ/ARRAST PNEUS,SP,AUTOMOVEL,PARTICULAR,1,8,2026
6291,CAMPINAS,5819-1,"TRANSITAR COM O VEICULO EM CALCADAS, PASSEIOS",SP,MOTOCICLO,PARTICULAR,1,8,2026
6137,AMPARO,6726-1,"CONDUZIR O VEICULO EM MAU ESTADO DE CONSERVACAO, COMPROMETENDO A SEGURANCA",SP,MOTOCICLO,PARTICULAR,3,8,2026
7007,SALTO DE PIRAPORA,5010-0,DIRIGIR VEICULO SEM POSSUIR CNH/PPD/ACC,SP,AUTOMOVEL,PARTICULAR,1,8,2026
6875,PIRACICABA,6602-0,CONDUZIR O VEICULO COM QUALQUER UMA DAS PLACAS SEM LEGIBILIDADE E VISIBILIDADE,SP,AUTOMOVEL,PARTICULAR,1,8,2026
7045,SANTANA DA PONTE PENSA,5045-0,DIRIGIR VEICULO COM VALIDADE DE CNH/PPD VENCIDA HA MAIS DE 30 DIAS,SP,AUTOMOVEL,PARTICULAR,1,8,2026
7005,SALTO,7579-0,"REC SUB TEST, EX CLIN, PERIC OU PROC Q PERM CERT INFL ALC/SUB PSIC FOR ART. 277",SP,MOTOCICLO,PARTICULAR,1,8,2026
6179,ASSIS,6602-0,CONDUZIR O VEICULO COM QUALQUER UMA DAS PLACAS SEM LEGIBILIDADE E VISIBILIDADE,SP,AUTOMOVEL,PARTICULAR,1,8,2026
6469,GUARATINGUETA,6637-2,CONDUZIR O VEICULO COM EQUIPAMENTO OBRIGATORIO INEFICIENTE/INOPERANTE,SP,MOTOCICLO,PARTICULAR,5,8,2026
6543,ITANHAEM,6599-2,CONDUZIR O VEICULO REGISTRADO QUE NAO ESTEJA DEVIDAMENTE LICENCIADO,SP,MOTOCICLO,PARTICULAR,2,8,2026
6589,JACAREI,7684-2,Cond motoc/moton/ciclom c/ util cap de seg c/ vis/ocul prot des c/ regul Contran,SP,MOTOCICLO,PARTICULAR,1,8,2026
2967,CAJATI,6726-1,"CONDUZIR O VEICULO EM MAU ESTADO DE CONSERVACAO, COMPROMETENDO A SEGURANCA",SP,MOTOCICLO,PARTICULAR,1,8,2026
7181,TATUI,5380-0,ESTACIONAR NAS ESQUINAS E A MENOS DE 5M DO ALINHAMENTO DA VIA TRANSVERSAL,SP,AUTOMOVEL,PARTICULAR,3,8,2026
7075,SAO BERNARDO DO CAMPO,5118-0,PERMITIR POSSE/CONDUCAO DO VEICULO A PESSOA SEM CNH/PPD/ACC,SP,MOTOCICLO,PARTICULAR,1,8,2026
6467,GUARAREMA,5169-1,DIRIGIR SOB A INFLUENCIA DE ALCOOL,SP,AUTOMOVEL,PARTICULAR,1,8,2026
6409,FARTURA,5010-0,DIRIGIR VEICULO SEM POSSUIR CNH/PPD/ACC,Outras UFs,AUTOMOVEL,PARTICULAR,1,8,2026
6795,OURINHOS,6637-2,CONDUZIR O VEICULO COM EQUIPAMENTO OBRIGATORIO INEFICIENTE/INOPERANTE,SP,MOTOCICLO,PARTICULAR,1,8,2026
6183,AURIFLAMA,5010-0,DIRIGIR VEICULO SEM POSSUIR CNH/PPD/ACC,SP,AUTOMOVEL,PARTICULAR,1,8,2026
6615,JOSE BONIFACIO,7773-2,ENTREGAR VEICULO A PESSOA SEM POSSUIR CURSOS ESPECIFICOS OBRIGATORIOS,SP,MOTOCICLO,PARTICULAR,1,8,2026
6581,ITUPEVA,6530-0,USAR NO VEICULO EQUIP C/ SOM EM VOLUME/FREQUENCIA NAO AUTORIZADOS PELO CONTRAN,SP,CAMINHONET,PARTICULAR,3,8,2026
6969,RIBEIRAO PRETO,7323-2,DIRIGIR O VEICULO TRANSPORT ANIMAIS A SUA ESQUERDA OU ENTRE OS BRACOS E PERNAS,SP,AUTOMOVEL,PARTICULAR,1,8,2026
6643,LINS,6599-2,CONDUZIR O VEICULO REGISTRADO QUE NAO ESTEJA DEVIDAMENTE LICENCIADO,SP,MOTOCICLO,PARTICULAR,2,8,2026
6931,PRESIDENTE VENCESLAU,7684-2,Cond motoc/moton/ciclom c/ util cap de seg c/ vis/ocul prot des c/ regul Contran,SP,MOTONETA,PARTICULAR,1,8,2026
6845,PEDRO DE TOLEDO,7633-1,Dirigir veiculo segurando telefone celular,SP,CAMIONETA,PARTICULAR,1,8,2026
7181,TATUI,5010-0,DIRIGIR VEICULO SEM POSSUIR CNH/PPD/ACC,SP,AUTOMOVEL,PARTICULAR,2,8,2026
6219,BAURU,7323-2,DIRIGIR O VEICULO TRANSPORT ANIMAIS A SUA ESQUERDA OU ENTRE OS BRACOS E PERNAS,SP,AUTOMOVEL,PARTICULAR,1,8,2026
6715,MOGI-GUACU,7340-0,DIRIGIR O VEIC USANDO CALCADO QUE N SE FIRME NOS PES/COMPROMETA UTILIZ PEDAIS,SP,MOTOCICLO,PARTICULAR,1,8,2026
6229,BIRIGUI,6726-1,"CONDUZIR O VEICULO EM MAU ESTADO DE CONSERVACAO, COMPROMETENDO A SEGURANCA",SP,AUTOMOVEL,PARTICULAR,1,8,2026
7209,UBATUBA,7030-1,Conduzir motoc/moton/ciclom s/ capacete de seguranca,SP,MOTOCICLO,PARTICULAR,1,8,2026
7105,SAO MIGUEL ARCANJO,6653-1,CONDUZIR O VEICULO COM DESCARGA LIVRE,SP,MOTOCICLO,PARTICULAR,1,8,2026
7145,SOROCABA,7293-0,"UTILIZAR O PISCA-ALERTA, EXCETO EM IMOBILIZACOES OU SITUACOES DE EMERGENCIA",SP,UTILITARIO,PARTICULAR,1,8,2026
6607,JAU,7579-0,"REC SUB TEST, EX CLIN, PERIC OU PROC Q PERM CERT INFL ALC/SUB PSIC FOR ART. 277",SP,AUTOMOVEL,PARTICULAR,1,8,2026
6131,AMERICANA,7056-1,CONDUZIR MOTOC/MOTON/CICLOMOTOR FAZENDO MALABARISMO/EQUILIBRANDO-SE EM UMA RODA,SP,MOTOCICLO,PARTICULAR,1,8,2026
6477,GUARULHOS,6602-0,CONDUZIR O VEICULO COM QUALQUER UMA DAS PLACAS SEM LEGIBILIDADE E VISIBILIDADE,SP,MOTONETA,PARTICULAR,1,8,2026
7107,SAO PAULO,5690-0,TRANSITAR NA FAIXA/PISTA DA ESQUERDA REGUL CIRCULACAO EXCLUSIVA DETERM VEICULO,SP,CAMIONETA,PARTICULAR,1,8,2026
6313,CARAPICUIBA,5045-0,DIRIGIR VEICULO COM VALIDADE DE CNH/PPD VENCIDA HA MAIS DE 30 DIAS,SP,MOTOCICLO,PARTICULAR,1,8,2026
2993,POTIM,6637-2,CONDUZIR O VEICULO COM EQUIPAMENTO OBRIGATORIO INEFICIENTE/INOPERANTE,SP,MOTOCICLO,PARTICULAR,1,8,2026
6209,BARRETOS,5185-2,Deixar o passageiro de usar o cinto seguranca,SP,AUTOMOVEL,PARTICULAR,1,8,2026
7109,SAO PEDRO,6408-0,PORTAR NO VEICULO PLACAS DE IDENTIFICACAO EM DESACORDO C/ ESPECIF/MODELO CONTRAN,SP,CAMIONETA,PARTICULAR,1,8,2026
7145,SOROCABA,5843-3,"Deixar de indicar c/ antec, med gesto de braco/luz indicadora, mudanca direcao",SP,AUTOMOVEL,PARTICULAR,1,8,2026
7107,SAO PAULO,6769-0,"CONDUZIR VEIC C/ DEFEITO NO SIST DE ILUMINACAO, SINALIZ OU LAMPADAS QUEIMADAS",SP,CICLOMOTO,PARTICULAR,1,8,2026
6189,AVARE,7269-0,EM MOV DE DIA DEIXAR DE MANTER ACESA LUZ BAIXA MOTOC/MOTON/CICLOM,SP,MOTOCICLO,PARTICULAR,1,8,2026
6455,GUARA,6530-0,USAR NO VEICULO EQUIP C/ SOM EM VOLUME/FREQUENCIA NAO AUTORIZADOS PELO CONTRAN,SP,CAMINHONET,PARTICULAR,1,8,2026
6717,MOGI-MIRIM,5215-2,Dirigir ameacando os demais veiculos,SP,MOTOCICLO,PARTICULAR,1,8,2026
7107,SAO PAULO,6408-0,PORTAR NO VEICULO PLACAS DE IDENTIFICACAO EM DESACORDO C/ ESPECIF/MODELO CONTRAN,Outras UFs,AUTOMOVEL,PARTICULAR,1,8,2026
7113,SAO ROQUE,7340-0,DIRIGIR O VEIC USANDO CALCADO QUE N SE FIRME NOS PES/COMPROMETA UTILIZ PEDAIS,SP,MOTOCICLO,PARTICULAR,1,8,2026
6155,ARACATUBA,5185-1,Deixar o condutor de usar o cinto seguranca,SP,AUTOMOVEL,PARTICULAR,1,8,2026
6713,MOGI DAS CRUZES,6653-1,CONDUZIR O VEICULO COM DESCARGA LIVRE,SP,CAMINHONET,PARTICULAR,1,8,2026
6189,AVARE,6599-2,CONDUZIR O VEICULO REGISTRADO QUE NAO ESTEJA DEVIDAMENTE LICENCIADO,SP,MOTOCICLO,PARTICULAR,1,8,2026
6639,LIMEIRA,5118-0,PERMITIR POSSE/CONDUCAO DO VEICULO A PESSOA SEM CNH/PPD/ACC,SP,MOTOCICLO,PARTICULAR,1,8,2026
6979,RIO CLARO,7048-1,"CONDUZIR MOTOCICLETA, MOTONETA E CICLOMOTOR TRANSPORTANDO PASSAGEIRO S/ CAPACETE",SP,MOTOCICLO,PARTICULAR,1,8,2026
6137,AMPARO,7633-2,Dirigir veiculo manuseando telefone celular,SP,CAMINHONET,PARTICULAR,1,8,2026
7075,SAO BERNARDO DO CAMPO,5835-0,Desobedecer as ordens emanadas da autorid compet de transito ou de seus agentes,SP,MOTOCICLO,PARTICULAR,1,8,2026
7107,SAO PAULO,6645-0,CONDUZIR O VEICULO COM EQUIP OBRIGATORIO EM DESACORDO COM O ESTAB PELO CONTRAN,SP,C. TRATOR,PARTICULAR,1,8,2026
6281,CAIEIRAS,5029-1,Dirigir veiculo com CNH/PPD/ACC cassada,SP,MOTOCICLO,PARTICULAR,1,8,2026
6259,BROTAS,6408-0,PORTAR NO VEICULO PLACAS DE IDENTIFICACAO EM DESACORDO C/ ESPECIF/MODELO CONTRAN,SP,AUTOMOVEL,PARTICULAR,1,8,2026
6825,PARIQUERA-ACU,5568-0,ESTACIONAR LOCAL/HORARIO DE ESTACIONAMENTO E PARADA PROIBIDOS PELA SINALIZACAO,SP,CAMINHONET,PARTICULAR,1,8,2026
6477,GUARULHOS,7684-1,Cond motoc/moton/ciclom c/ util cap de seg s/ vis/ocul prot,SP,MOTOCICLO,PARTICULAR,1,8,2026
6477,GUARULHOS,5967-0,"ULTRAPASSAR PELA CONTRAMAO LINHA DE DIVISAO DE FLUXOS OPOSTOS, CONTINUA AMARELA",SP,CAMINHONET,ALUGUEL,1,8,2026
7197,TREMEMBE,5045-0,DIRIGIR VEICULO COM VALIDADE DE CNH/PPD VENCIDA HA MAIS DE 30 DIAS,SP,MOTOCICLO,PARTICULAR,1,8,2026
7105,SAO MIGUEL ARCANJO,5193-0,Transportar crianca sem observancia das normas de seguranca estabelecidas p/ CTB,SP,AUTOMOVEL,PARTICULAR,2,8,2026
6189,AVARE,6637-1,CONDUZIR O VEICULO SEM EQUIPAMENTO OBRIGATORIO,SP,MOTOCICLO,PARTICULAR,1,8,2026
2949,ENGENHEIRO COELHO,5274-1,UTILIZ VEIC DEMONST/EXIBIR MANOBRA PERIGOSA MEDIANTE ARRANCADA BRUSCA,SP,MOTOCICLO,PARTICULAR,2,8,2026
6795,OURINHOS,7633-2,Dirigir veiculo manuseando telefone celular,SP,AUTOMOVEL,PARTICULAR,1,8,2026
6859,PILAR DO SUL,7366-2,DIRIGIR VEICULO UTILIZANDO-SE DE TELEFONE CELULAR,SP,AUTOMOVEL,PARTICULAR,1,8,2026
7107,SAO PAULO,7072-2,CONDUZIR MOTOC/MOTON/CICLOM TRANSP CRIANCA S/ CONDICAO CUIDAR PROPRIA SEGURANCA,SP,MOTOCICLO,PARTICULAR,1,8,2026
7145,SOROCABA,5819-1,"TRANSITAR COM O VEICULO EM CALCADAS, PASSEIOS",SP,AUTOMOVEL,PARTICULAR,1,8,2026
6537,ITAI,5010-0,DIRIGIR VEICULO SEM POSSUIR CNH/PPD/ACC,SP,CAMIONETA,PARTICULAR,1,8,2026
7029,SANTA CRUZ DO RIO PARDO,5037-1,DIRIGIR VEICULO COM CNH DE CATEGORIA DIFERENTE DA DO VEICULO,SP,MOTOCICLO,PARTICULAR,1,8,2026
6875,PIRACICABA,5118-0,PERMITIR POSSE/CONDUCAO DO VEICULO A PESSOA SEM CNH/PPD/ACC,SP,MOTOCICLO,PARTICULAR,2,8,2026
6177,ARUJA,6602-0,CONDUZIR O VEICULO COM QUALQUER UMA DAS PLACAS SEM LEGIBILIDADE E VISIBILIDADE,SP,MOTOCICLO,PARTICULAR,1,8,2026
6875,PIRACICABA,6653-1,CONDUZIR O VEICULO COM DESCARGA LIVRE,SP,MOTOCICLO,PARTICULAR,1,8,2026
6615,JOSE BONIFACIO,6610-2,CONDUZIR O VEICULO COM CARACTERISTICA ALTERADA,SP,MOTOCICLO,PARTICULAR,1,8,2026
6539,ITAJOBI,6653-1,CONDUZIR O VEICULO COM DESCARGA LIVRE,SP,MOTOCICLO,PARTICULAR,1,8,2026
6377,DIADEMA,5029-2,DIRIGIR VEICULO COM CNH/PPD/ACC COM SUSPENSAO DO DIREITO DE DIRIGIR,SP,AUTOMOVEL,PARTICULAR,1,8,2026
6859,PILAR DO SUL,6653-1,CONDUZIR O VEICULO COM DESCARGA LIVRE,SP,MOTOCICLO,PARTICULAR,1,8,2026
790,ARCO IRIS,6599-2,CONDUZIR O VEICULO REGISTRADO QUE NAO ESTEJA DEVIDAMENTE LICENCIADO,SP,CAMINHONET,PARTICULAR,1,8,2026
6425,FRANCA,6602-0,CONDUZIR O VEICULO COM QUALQUER UMA DAS PLACAS SEM LEGIBILIDADE E VISIBILIDADE,SP,MOTOCICLO,PARTICULAR,1,8,2026
6695,MIGUELOPOLIS,6599-2,CONDUZIR O VEICULO REGISTRADO QUE NAO ESTEJA DEVIDAMENTE LICENCIADO,SP,MOTOCICLO,PARTICULAR,1,8,2026
6209,BARRETOS,7358-0,"DIRIGIR O VEICULO COM APENAS UMA DAS MAOS, EXCETO QUANDO PERMITIDO PELO CTB",SP,AUTOMOVEL,PARTICULAR,2,8,2026
7079,SAO CARLOS,5193-0,Transportar crianca sem observancia das normas de seguranca estabelecidas p/ CTB,SP,MICROONIB,ALUGUEL,1,8,2026
6581,ITUPEVA,6599-2,CONDUZIR O VEICULO REGISTRADO QUE NAO ESTEJA DEVIDAMENTE LICENCIADO,SP,MOTOCICLO,PARTICULAR,4,8,2026
6975,RINCAO,5274-1,UTILIZ VEIC DEMONST/EXIBIR MANOBRA PERIGOSA MEDIANTE ARRANCADA BRUSCA,SP,AUTOMOVEL,PARTICULAR,1,8,2026
6565,ITARARE,6726-1,"CONDUZIR O VEICULO EM MAU ESTADO DE CONSERVACAO, COMPROMETENDO A SEGURANCA",SP,MOTOCICLO,PARTICULAR,1,8,2026
6197,BANANAL,6726-1,"CONDUZIR O VEICULO EM MAU ESTADO DE CONSERVACAO, COMPROMETENDO A SEGURANCA",Outras UFs,MOTOCICLO,PARTICULAR,1,8,2026
6143,ANGATUBA,6599-2,CONDUZIR O VEICULO REGISTRADO QUE NAO ESTEJA DEVIDAMENTE LICENCIADO,SP,MOTOCICLO,PARTICULAR,1,8,2026
7259,IARAS,5118-0,PERMITIR POSSE/CONDUCAO DO VEICULO A PESSOA SEM CNH/PPD/ACC,SP,CAMIONETA,ALUGUEL,1,8,2026
6475,GUARUJA,6599-2,CONDUZIR O VEICULO REGISTRADO QUE NAO ESTEJA DEVIDAMENTE LICENCIADO,SP,CAMIONETA,PARTICULAR,1,8,2026
7181,TATUI,6599-2,CONDUZIR O VEICULO REGISTRADO QUE NAO ESTEJA DEVIDAMENTE LICENCIADO,SP,AUTOMOVEL,PARTICULAR,1,8,2026
6467,GUARAREMA,5010-0,DIRIGIR VEICULO SEM POSSUIR CNH/PPD/ACC,SP,MOTOCICLO,PARTICULAR,1,8,2026
6261,BURI,7030-1,Conduzir motoc/moton/ciclom s/ capacete de seguranca,SP,MOTOCICLO,PARTICULAR,1,8,2026
6551,ITAPEVI,7030-1,Conduzir motoc/moton/ciclom s/ capacete de seguranca,SP,MOTOCICLO,PARTICULAR,3,8,2026
7157,TABOAO DA SERRA,5720-0,TRANSITAR PELA CONTRAMAO DE DIRECAO EM VIA COM DUPLO SENTIDO DE CIRCULACAO,SP,MOTOCICLO,PARTICULAR,1,8,2026
7149,SUMARE,6653-1,CONDUZIR O VEICULO COM DESCARGA LIVRE,SP,MOTOCICLO,PARTICULAR,1,8,2026
6125,ALVARES MACHADO,5452-1,ESTACIONAR NO PASSEIO,SP,AUTOMOVEL,PARTICULAR,1,8,2026
7145,SOROCABA,6173-2,"DEIXAR DE DAR PREFERENCIA EM INTERSECAO N SINALIZ, VEIC CIRCULANDO POR ROTATORIA",SP,CAMINHAO,PARTICULAR,1,8,2026
6969,RIBEIRAO PRETO,7048-1,"CONDUZIR MOTOCICLETA, MOTONETA E CICLOMOTOR TRANSPORTANDO PASSAGEIRO S/ CAPACETE",SP,MOTOCICLO,PARTICULAR,1,8,2026
6295,CAMPOS DO JORDAO,5835-0,Desobedecer as ordens emanadas da autorid compet de transito ou de seus agentes,SP,MOTOCICLO,PARTICULAR,1,8,2026
6137,AMPARO,6599-2,CONDUZIR O VEICULO REGISTRADO QUE NAO ESTEJA DEVIDAMENTE LICENCIADO,SP,MOTOCICLO,PARTICULAR,1,8,2026
6359,COSMORAMA,5045-0,DIRIGIR VEICULO COM VALIDADE DE CNH/PPD VENCIDA HA MAIS DE 30 DIAS,SP,AUTOMOVEL,PARTICULAR,1,8,2026
7107,SAO PAULO,6670-0,CONDUZIR O VEICULO C/ EQUIP DO SISTEMA DE ILUMINACAO E DE SINALIZACAO ALTERADOS,SP,MICROONIB,PARTICULAR,1,8,2026
6493,IBITINGA,7340-0,DIRIGIR O VEIC USANDO CALCADO QUE N SE FIRME NOS PES/COMPROMETA UTILIZ PEDAIS,SP,MOTOCICLO,PARTICULAR,2,8,2026
6291,CAMPINAS,6599-2,CONDUZIR O VEICULO REGISTRADO QUE NAO ESTEJA DEVIDAMENTE LICENCIADO,Outras UFs,MOTOCICLO,PARTICULAR,1,8,2026
6673,MANDURI,7234-0,"EM MOVIMENTO, DEIXAR DE MANTER ACESA A LUZ BAIXA DURANTE A NOITE",SP,AUTOMOVEL,PARTICULAR,1,8,2026
6987,ROSEIRA,6580-0,CONDUZIR O VEICULO SEM QUALQUER UMA DAS PLACAS DE IDENTIFICACAO,SP,MOTOCICLO,PARTICULAR,1,8,2026
7145,SOROCABA,5029-2,DIRIGIR VEICULO COM CNH/PPD/ACC COM SUSPENSAO DO DIREITO DE DIRIGIR,SP,CAMINHONET,PARTICULAR,1,8,2026
6579,ITU,5835-0,Desobedecer as ordens emanadas da autorid compet de transito ou de seus agentes,SP,AUTOMOVEL,PARTICULAR,1,8,2026
7057,SANTO ANDRE,5215-1,Dirigir ameacando os pedestres que estejam atravessando a via publica,SP,MOTOCICLO,PARTICULAR,1,8,2026
7121,SAO VICENTE,5215-1,Dirigir ameacando os pedestres que estejam atravessando a via publica,SP,AUTOMOVEL,PARTICULAR,1,8,2026
6455,GUARA,7633-2,Dirigir veiculo manuseando telefone celular,SP,AUTOMOVEL,PARTICULAR,1,8,2026
7107,SAO PAULO,6050-1,AVAN O SIN VERM DO SEMAF EXC SE HOUVER SINALIZ PERM LIVRE CONV A DIR,Outras UFs,CAMIONETA,,1,8,2026
6793,OSVALDO CRUZ,6645-0,CONDUZIR O VEICULO COM EQUIP OBRIGATORIO EM DESACORDO COM O ESTAB PELO CONTRAN,SP,MOTOCICLO,PARTICULAR,1,8,2026
6213,BARUERI,5738-0,TRANSITAR PELA CONTRAMAO DE DIRECAO EM VIA C/ SINALIZACAO DE REGUL SENTIDO UNICO,SP,AUTOMOVEL,PARTICULAR,2,8,2026
6533,IRAPURU,6726-1,"CONDUZIR O VEICULO EM MAU ESTADO DE CONSERVACAO, COMPROMETENDO A SEGURANCA",SP,ONIBUS,OFICIAL,1,8,2026
7107,SAO PAULO,5037-1,DIRIGIR VEICULO COM CNH DE CATEGORIA DIFERENTE DA DO VEICULO,SP,CAMINHAO,ALUGUEL,1,8,2026
6199,BARBOSA,6726-1,"CONDUZIR O VEICULO EM MAU ESTADO DE CONSERVACAO, COMPROMETENDO A SEGURANCA",SP,MOTOCICLO,PARTICULAR,1,8,2026
6687,MATAO,6599-2,CONDUZIR O VEICULO REGISTRADO QUE NAO ESTEJA DEVIDAMENTE LICENCIADO,SP,MOTONETA,PARTICULAR,1,8,2026
7099,SAO JOSE DOS CAMPOS,5738-0,TRANSITAR PELA CONTRAMAO DE DIRECAO EM VIA C/ SINALIZACAO DE REGUL SENTIDO UNICO,SP,AUTOMOVEL,PARTICULAR,1,8,2026
2967,CAJATI,7234-0,"EM MOVIMENTO, DEIXAR DE MANTER ACESA A LUZ BAIXA DURANTE A NOITE",SP,AUTOMOVEL,PARTICULAR,1,8,2026
6377,DIADEMA,5088-1,ENTREGAR VEICULO A PESSOA COM CNH DE CATEGORIA DIFERENTE DA DO VEICULO,SP,MOTOCICLO,PARTICULAR,1,8,2026
7107,SAO PAULO,6920-1,"Deixar de efetuar registro do veiculo em 30 dias, qdo for transf a propriedade",SP,CAMINHONET,OFICIAL,1,8,2026
7079,SAO CARLOS,6742-0,CONDUZIR O VEICULO SEM PORTAR A AUTORIZACAO PARA CONDUCAO DE ESCOLARES,SP,ONIBUS,ALUGUEL,1,8,2026
6361,COTIA,7579-0,"REC SUB TEST, EX CLIN, PERIC OU PROC Q PERM CERT INFL ALC/SUB PSIC FOR ART. 277",SP,AUTOMOVEL,PARTICULAR,1,8,2026
6789,OSASCO,5843-3,"Deixar de indicar c/ antec, med gesto de braco/luz indicadora, mudanca direcao",SP,AUTOMOVEL,PARTICULAR,1,8,2026
6401,EMBU DAS ARTES,6637-1,CONDUZIR O VEICULO SEM EQUIPAMENTO OBRIGATORIO,SP,MOTOCICLO,PARTICULAR,1,8,2026
2965,BERTIOGA,5010-0,DIRIGIR VEICULO SEM POSSUIR CNH/PPD/ACC,SP,MOTOCICLO,PARTICULAR,1,8,2026
6715,MOGI-GUACU,5088-1,ENTREGAR VEICULO A PESSOA COM CNH DE CATEGORIA DIFERENTE DA DO VEICULO,SP,MOTOCICLO,PARTICULAR,1,8,2026
7107,SAO PAULO,6920-1,"Deixar de efetuar registro do veiculo em 30 dias, qdo for transf a propriedade",Outras UFs,CAMINHAO,PARTICULAR,1,8,2026
6581,ITUPEVA,7579-0,"REC SUB TEST, EX CLIN, PERIC OU PROC Q PERM CERT INFL ALC/SUB PSIC FOR ART. 277",SP,MOTOCICLO,PARTICULAR,1,8,2026
7033,SANTA FE DO SUL,6530-0,USAR NO VEICULO EQUIP C/ SOM EM VOLUME/FREQUENCIA NAO AUTORIZADOS PELO CONTRAN,SP,CAMINHONET,PARTICULAR,2,8,2026
6251,BRAGANCA PAULISTA,5720-0,TRANSITAR PELA CONTRAMAO DE DIRECAO EM VIA COM DUPLO SENTIDO DE CIRCULACAO,SP,AUTOMOVEL,PARTICULAR,1,8,2026
6219,BAURU,7633-1,Dirigir veiculo segurando telefone celular,SP,CAMIONETA,PARTICULAR,1,8,2026
7225,VALINHOS,6726-1,"CONDUZIR O VEICULO EM MAU ESTADO DE CONSERVACAO, COMPROMETENDO A SEGURANCA",SP,AUTOMOVEL,PARTICULAR,1,8,2026
2967,CAJATI,5738-0,TRANSITAR PELA CONTRAMAO DE DIRECAO EM VIA C/ SINALIZACAO DE REGUL SENTIDO UNICO,SP,AUTOMOVEL,PARTICULAR,1,8,2026
6357,COSMOPOLIS,5835-0,Desobedecer as ordens emanadas da autorid compet de transito ou de seus agentes,SP,MOTOCICLO,PARTICULAR,1,8,2026
6209,BARRETOS,6041-2,EXECUTAR OPERACAO DE CONVERSAO A ESQUERDA EM LOCAL PROIBIDO PELA SINALIZACAO,Outras UFs,CAMINHONET,PARTICULAR,1,8,2026
6219,BAURU,6726-1,"CONDUZIR O VEICULO EM MAU ESTADO DE CONSERVACAO, COMPROMETENDO A SEGURANCA",SP,MOTOCICLO,PARTICULAR,2,8,2026
7135,SERTAOZINHO,7633-2,Dirigir veiculo manuseando telefone celular,SP,MOTONETA,PARTICULAR,1,8,2026
6581,ITUPEVA,5029-2,DIRIGIR VEICULO COM CNH/PPD/ACC COM SUSPENSAO DO DIREITO DE DIRIGIR,SP,MOTOCICLO,PARTICULAR,1,8,2026
6521,IPERO,6530-0,USAR NO VEICULO EQUIP C/ SOM EM VOLUME/FREQUENCIA NAO AUTORIZADOS PELO CONTRAN,SP,AUTOMOVEL,PARTICULAR,1,8,2026
6703,MIRANDOPOLIS,5541-4,ESTACIONAR EM DESACORDO COM A REGULAMENTACAO - VAGA DE CARGA/DESCARGA,SP,AUTOMOVEL,PARTICULAR,1,8,2026
6915,PORTO FERREIRA,7579-0,"REC SUB TEST, EX CLIN, PERIC OU PROC Q PERM CERT INFL ALC/SUB PSIC FOR ART. 277",SP,AUTOMOVEL,PARTICULAR,2,8,2026
6835,PEDERNEIRAS,7366-2,DIRIGIR VEICULO UTILIZANDO-SE DE TELEFONE CELULAR,SP,MOTOCICLO,PARTICULAR,1,8,2026
7107,SAO PAULO,6432-2,TRANSITAR COM O FACHO DE LUZ ALTA PERTURBANDO VISAO OUTRO CONDUTOR,SP,CAMINHONET,PARTICULAR,1,8,2026
6469,GUARATINGUETA,6599-2,CONDUZIR O VEICULO REGISTRADO QUE NAO ESTEJA DEVIDAMENTE LICENCIADO,SP,MOTOCICLO,PARTICULAR,6,8,2026
7079,SAO CARLOS,5185-1,Deixar o condutor de usar o cinto seguranca,SP,AUTOMOVEL,PARTICULAR,7,8,2026
7017,SANTA BARBARA DO OESTE,7633-2,Dirigir veiculo manuseando telefone celular,SP,AUTOMOVEL,PARTICULAR,2,8,2026
6289,CAJURU,5118-0,PERMITIR POSSE/CONDUCAO DO VEICULO A PESSOA SEM CNH/PPD/ACC,SP,MOTOCICLO,PARTICULAR,1,8,2026
6169,AREIAS,5118-0,PERMITIR POSSE/CONDUCAO DO VEICULO A PESSOA SEM CNH/PPD/ACC,SP,AUTOMOVEL,PARTICULAR,1,8,2026
7107,SAO PAULO,5827-0,"TRANSITAR EM MARCHA RE, SALVO NA DISTANCIA NECESSARIA A PEQUENAS MANOBRAS",SP,UTILITARIO,PARTICULAR,1,8,2026
7107,SAO PAULO,6912-0,CONDUZIR VEICULO SEM OS DOCUMENTOS DE PORTE OBRIGATORIO REFERIDOS NO CTB,SP,MOTOCICLO,PARTICULAR,1,8,2026
6259,BROTAS,5142-0,PERMITIR POSSE/CONDUCAO DO VEIC A PESSOA COM CNH/PPD VENCIDA HA MAIS DE 30 DIAS,SP,MOTOCICLO,PARTICULAR,1,8,2026
6477,GUARULHOS,6050-1,AVAN O SIN VERM DO SEMAF EXC SE HOUVER SINALIZ PERM LIVRE CONV A DIR,SP,CAMIONETA,PARTICULAR,1,8,2026
6969,RIBEIRAO PRETO,6050-1,AVAN O SIN VERM DO SEMAF EXC SE HOUVER SINALIZ PERM LIVRE CONV A DIR,Outras UFs,CAMINHAO,PARTICULAR,1,8,2026
7145,SOROCABA,5819-6,TRANSITAR COM O VEICULO EM MARCAS DE CANALIZACAO,SP,AUTOMOVEL,PARTICULAR,1,8,2026
6291,CAMPINAS,6050-1,AVAN O SIN VERM DO SEMAF EXC SE HOUVER SINALIZ PERM LIVRE CONV A DIR,SP,ONIBUS,ALUGUEL,1,8,2026
6603,JARDINOPOLIS,5010-0,DIRIGIR VEICULO SEM POSSUIR CNH/PPD/ACC,SP,MOTOCICLO,PARTICULAR,1,8,2026
6141,ANDRADINA,6599-2,CONDUZIR O VEICULO REGISTRADO QUE NAO ESTEJA DEVIDAMENTE LICENCIADO,SP,AUTOMOVEL,PARTICULAR,2,8,2026
6597,JALES,6645-0,CONDUZIR O VEICULO COM EQUIP OBRIGATORIO EM DESACORDO COM O ESTAB PELO CONTRAN,SP,MOTOCICLO,PARTICULAR,1,8,2026
6719,MOMBUCA,5010-0,DIRIGIR VEICULO SEM POSSUIR CNH/PPD/ACC,SP,AUTOMOVEL,PARTICULAR,1,8,2026
6715,MOGI-GUACU,6408-0,PORTAR NO VEICULO PLACAS DE IDENTIFICACAO EM DESACORDO C/ ESPECIF/MODELO CONTRAN,SP,MOTOCICLO,PARTICULAR,1,8,2026
6427,FRANCISCO MORATO,7579-0,"REC SUB TEST, EX CLIN, PERIC OU PROC Q PERM CERT INFL ALC/SUB PSIC FOR ART. 277",SP,AUTOMOVEL,PARTICULAR,1,8,2026
2939,SANTO ANTONIO ARACANGUA,5010-0,DIRIGIR VEICULO SEM POSSUIR CNH/PPD/ACC,SP,AUTOMOVEL,PARTICULAR,1,8,2026
7079,SAO CARLOS,5207-0,Dirigir sem atencao ou sem os cuidados indispensaveis a seguranca,SP,AUTOMOVEL,PARTICULAR,1,8,2026
7107,SAO PAULO,5274-2,UTILIZ VEIC DEM/EXIBIR MANOB PERIG MED DERRAP/FRENAG C/DESLIZ/ARRAST PNEUS,SP,CAMIONETA,PARTICULAR,2,8,2026
6635,LEME,7633-1,Dirigir veiculo segurando telefone celular,SP,MOTONETA,PARTICULAR,1,8,2026
6695,MIGUELOPOLIS,7579-0,"REC SUB TEST, EX CLIN, PERIC OU PROC Q PERM CERT INFL ALC/SUB PSIC FOR ART. 277",SP,AUTOMOVEL,PARTICULAR,1,8,2026
6969,RIBEIRAO PRETO,7633-2,Dirigir veiculo manuseando telefone celular,SP,MOTOCICLO,PARTICULAR,1,8,2026
6687,MATAO,7633-2,Dirigir veiculo manuseando telefone celular,SP,MOTOCICLO,PARTICULAR,1,8,2026
6263,BURITAMA,6599-2,CONDUZIR O VEICULO REGISTRADO QUE NAO ESTEJA DEVIDAMENTE LICENCIADO,SP,MOTOCICLO,PARTICULAR,1,8,2026
6343,COLOMBIA,6580-0,CONDUZIR O VEICULO SEM QUALQUER UMA DAS PLACAS DE IDENTIFICACAO,SP,AUTOMOVEL,PARTICULAR,1,8,2026
7255,EUCLIDES DA CUNHA PAULISTA,6726-1,"CONDUZIR O VEICULO EM MAU ESTADO DE CONSERVACAO, COMPROMETENDO A SEGURANCA",SP,AUTOMOVEL,PARTICULAR,1,8,2026
6563,ITAQUAQUECETUBA,6726-1,"CONDUZIR O VEICULO EM MAU ESTADO DE CONSERVACAO, COMPROMETENDO A SEGURANCA",SP,AUTOMOVEL,PARTICULAR,1,8,2026
6601,JANDIRA,7773-2,ENTREGAR VEICULO A PESSOA SEM POSSUIR CURSOS ESPECIFICOS OBRIGATORIOS,Outras UFs,AUTOMOVEL,PARTICULAR,1,8,2026
6739,MORRO AGUDO,7633-2,Dirigir veiculo manuseando telefone celular,SP,AUTOMOVEL,PARTICULAR,1,8,2026
6179,ASSIS,7633-1,Dirigir veiculo segurando telefone celular,SP,CAMIONETA,PARTICULAR,1,8,2026
6789,OSASCO,6050-1,AVAN O SIN VERM DO SEMAF EXC SE HOUVER SINALIZ PERM LIVRE CONV A DIR,SP,AUTOMOVEL,PARTICULAR,1,8,2026
6493,IBITINGA,6637-1,CONDUZIR O VEICULO SEM EQUIPAMENTO OBRIGATORIO,SP,MOTOCICLO,PARTICULAR,3,8,2026
6137,AMPARO,6653-1,CONDUZIR O VEICULO COM DESCARGA LIVRE,SP,MOTOCICLO,PARTICULAR,3,8,2026
6487,IBATE,6610-2,CONDUZIR O VEICULO COM CARACTERISTICA ALTERADA,SP,CAMINHONET,PARTICULAR,1,8,2026
7079,SAO CARLOS,5207-0,Dirigir sem atencao ou sem os cuidados indispensaveis a seguranca,SP,MOTOCICLO,PARTICULAR,1,8,2026
7009,SALTO GRANDE,6645-0,CONDUZIR O VEICULO COM EQUIP OBRIGATORIO EM DESACORDO COM O ESTAB PELO CONTRAN,SP,MOTOCICLO,PARTICULAR,1,8,2026
6921,PRAIA GRANDE,7030-1,Conduzir motoc/moton/ciclom s/ capacete de seguranca,SP,MOTOCICLO,PARTICULAR,2,8,2026
7091,SAO JOSE DA BELA VISTA,5010-0,DIRIGIR VEICULO SEM POSSUIR CNH/PPD/ACC,SP,AUTOMOVEL,PARTICULAR,1,8,2026
7097,SAO JOSE DO RIO PRETO,6653-2,CONDUZIR O VEICULO COM SILENCIADOR DE MOTOR DEFEITUOSO/DEFICIENTE/INOPERANTE,SP,MOTOCICLO,PARTICULAR,2,8,2026
6475,GUARUJA,6726-1,"CONDUZIR O VEICULO EM MAU ESTADO DE CONSERVACAO, COMPROMETENDO A SEGURANCA",SP,MOTOCICLO,PARTICULAR,1,8,2026
6473,GUARIBA,6599-2,CONDUZIR O VEICULO REGISTRADO QUE NAO ESTEJA DEVIDAMENTE LICENCIADO,SP,MOTONETA,PARTICULAR,1,8,2026
7071,SANTOS,6599-2,CONDUZIR O VEICULO REGISTRADO QUE NAO ESTEJA DEVIDAMENTE LICENCIADO,Outras UFs,CAMINHONET,PARTICULAR,1,8,2026
6931,PRESIDENTE VENCESLAU,6599-2,CONDUZIR O VEICULO REGISTRADO QUE NAO ESTEJA DEVIDAMENTE LICENCIADO,SP,UTILITARIO,PARTICULAR,1,8,2026
6477,GUARULHOS,5029-1,Dirigir veiculo com CNH/PPD/ACC cassada,SP,MOTOCICLO,PARTICULAR,1,8,2026
6511,INDAIATUBA,7030-1,Conduzir motoc/moton/ciclom s/ capacete de seguranca,SP,MOTOCICLO,PARTICULAR,1,8,2026
6317,CASA BRANCA,5878-0,"ULTRAPASSAR PELA DIREITA, SALVO QDO VEIC DA FRENTE DER SINAL P/ ENTRAR ESQUERDA",SP,MOTONETA,PARTICULAR,1,8,2026
7225,VALINHOS,6599-2,CONDUZIR O VEICULO REGISTRADO QUE NAO ESTEJA DEVIDAMENTE LICENCIADO,SP,AUTOMOVEL,PARTICULAR,1,8,2026
7107,SAO PAULO,5843-4,"Deixar de indicar c/ antec, med gesto de braco/luz indicadora, mudanca de faixa",SP,CAMINHONET,ALUGUEL,1,8,2026
6789,OSASCO,7633-2,Dirigir veiculo manuseando telefone celular,SP,AUTOMOVEL,PARTICULAR,1,8,2026
6795,OURINHOS,6599-2,CONDUZIR O VEICULO REGISTRADO QUE NAO ESTEJA DEVIDAMENTE LICENCIADO,Outras UFs,MOTONETA,PARTICULAR,1,8,2026
7149,SUMARE,7579-0,"REC SUB TEST, EX CLIN, PERIC OU PROC Q PERM CERT INFL ALC/SUB PSIC FOR ART. 277",SP,AUTOMOVEL,PARTICULAR,1,8,2026
7145,SOROCABA,5045-0,DIRIGIR VEICULO COM VALIDADE DE CNH/PPD VENCIDA HA MAIS DE 30 DIAS,SP,AUTOMOVEL,PARTICULAR,3,8,2026
6737,MONTE MOR,5118-0,PERMITIR POSSE/CONDUCAO DO VEICULO A PESSOA SEM CNH/PPD/ACC,SP,MOTOCICLO,PARTICULAR,1,8,2026
6477,GUARULHOS,6653-2,CONDUZIR O VEICULO COM SILENCIADOR DE MOTOR DEFEITUOSO/DEFICIENTE/INOPERANTE,SP,MOTOCICLO,PARTICULAR,2,8,2026
6547,ITAPETININGA,7579-0,"REC SUB TEST, EX CLIN, PERIC OU PROC Q PERM CERT INFL ALC/SUB PSIC FOR ART. 277",SP,AUTOMOVEL,PARTICULAR,1,8,2026
7107,SAO PAULO,5266-2,PARTICIPAR NA VIA COMO CONDUTOR EM EVENTOS ORGANIZADOS SEM PERMISSAO,SP,CAMINHONET,ALUGUEL,1,8,2026
6493,IBITINGA,6530-0,USAR NO VEICULO EQUIP C/ SOM EM VOLUME/FREQUENCIA NAO AUTORIZADOS PELO CONTRAN,SP,AUTOMOVEL,PARTICULAR,1,8,2026
7121,SAO VICENTE,5738-0,TRANSITAR PELA CONTRAMAO DE DIRECAO EM VIA C/ SINALIZACAO DE REGUL SENTIDO UNICO,SP,MOTONETA,PARTICULAR,1,8,2026
7071,SANTOS,7579-0,"REC SUB TEST, EX CLIN, PERIC OU PROC Q PERM CERT INFL ALC/SUB PSIC FOR ART. 277",Outras UFs,AUTOMOVEL,PARTICULAR,1,8,2026
7149,SUMARE,6408-0,PORTAR NO VEICULO PLACAS DE IDENTIFICACAO EM DESACORDO C/ ESPECIF/MODELO CONTRAN,SP,MOTOCICLO,PARTICULAR,1,8,2026
6281,CAIEIRAS,7366-2,DIRIGIR VEICULO UTILIZANDO-SE DE TELEFONE CELULAR,SP,CAMINHONET,ALUGUEL,1,8,2026
6313,CARAPICUIBA,5010-0,DIRIGIR VEICULO SEM POSSUIR CNH/PPD/ACC,SP,AUTOMOVEL,PARTICULAR,1,8,2026
7107,SAO PAULO,7293-0,"UTILIZAR O PISCA-ALERTA, EXCETO EM IMOBILIZACOES OU SITUACOES DE EMERGENCIA",SP,AUTOMOVEL,ALUGUEL,2,8,2026
6259,BROTAS,5274-2,UTILIZ VEIC DEM/EXIBIR MANOB PERIG MED DERRAP/FRENAG C/DESLIZ/ARRAST PNEUS,SP,AUTOMOVEL,PARTICULAR,1,8,2026
6511,INDAIATUBA,5010-0,DIRIGIR VEICULO SEM POSSUIR CNH/PPD/ACC,SP,MOTOCICLO,PARTICULAR,2,8,2026
6551,ITAPEVI,6092-0,DEIXAR DE PARAR O VEICULO ANTES DE TRANSPOR LINHA FERREA,SP,MOTOCICLO,PARTICULAR,1,8,2026
6789,OSASCO,5720-0,TRANSITAR PELA CONTRAMAO DE DIRECAO EM VIA COM DUPLO SENTIDO DE CIRCULACAO,SP,MOTOCICLO,PARTICULAR,2,8,2026
7033,SANTA FE DO SUL,5010-0,DIRIGIR VEICULO SEM POSSUIR CNH/PPD/ACC,Outras UFs,MOTONETA,PARTICULAR,1,8,2026
6703,MIRANDOPOLIS,6637-1,CONDUZIR O VEICULO SEM EQUIPAMENTO OBRIGATORIO,SP,MOTOCICLO,PARTICULAR,1,8,2026
7075,SAO BERNARDO DO CAMPO,5096-0,ENTREGAR VEICULO A PESSOA COM CNH/PPD VENCIDA HA MAIS DE 30 DIAS,SP,MOTOCICLO,PARTICULAR,1,8,2026
7007,SALTO DE PIRAPORA,7366-2,DIRIGIR VEICULO UTILIZANDO-SE DE TELEFONE CELULAR,SP,AUTOMOVEL,PARTICULAR,1,8,2026
6779,OLIMPIA,6645-0,CONDUZIR O VEICULO COM EQUIP OBRIGATORIO EM DESACORDO COM O ESTAB PELO CONTRAN,SP,MOTOCICLO,PARTICULAR,1,8,2026
6587,JABOTICABAL,7633-1,Dirigir veiculo segurando telefone celular,SP,MOTOCICLO,PARTICULAR,1,8,2026
6373,CUNHA,5096-0,ENTREGAR VEICULO A PESSOA COM CNH/PPD VENCIDA HA MAIS DE 30 DIAS,SP,AUTOMOVEL,PARTICULAR,1,8,2026
7107,SAO PAULO,6572-0,CONDUZIR O VEICULO COM DISPOSITIVO ANTIRRADAR,SP,MOTOCICLO,PARTICULAR,1,8,2026
6759,NOVA EUROPA,5185-1,Deixar o condutor de usar o cinto seguranca,SP,AUTOMOVEL,PARTICULAR,1,8,2026
7091,SAO JOSE DA BELA VISTA,5185-1,Deixar o condutor de usar o cinto seguranca,SP,CAMIONETA,PARTICULAR,1,8,2026
7099,SAO JOSE DOS CAMPOS,6041-2,EXECUTAR OPERACAO DE CONVERSAO A ESQUERDA EM LOCAL PROIBIDO PELA SINALIZACAO,SP,AUTOMOVEL,PARTICULAR,1,8,2026
7047,SANTANA DE PARNAIBA,6548-0,USAR NO VEIC ALARME/APARELHO PRODUZ SOM PERTURBE SOSSEGO PUB DESAC NORMA CONTRAN,SP,AUTOMOVEL,PARTICULAR,1,8,2026
6697,MINEIROS DO TIETE,6610-2,CONDUZIR O VEICULO COM CARACTERISTICA ALTERADA,SP,AUTOMOVEL,PARTICULAR,1,8,2026
6601,JANDIRA,7340-0,DIRIGIR O VEIC USANDO CALCADO QUE N SE FIRME NOS PES/COMPROMETA UTILIZ PEDAIS,SP,MOTOCICLO,PARTICULAR,1,8,2026
6105,AGUAI,7358-0,"DIRIGIR O VEICULO COM APENAS UMA DAS MAOS, EXCETO QUANDO PERMITIDO PELO CTB",SP,MOTOCICLO,PARTICULAR,1,8,2026
7107,SAO PAULO,6050-3,AVAN O SIN VERM DO SEMAF EXC SE HOUVER SINALIZ PERM LIVRE CONV A DIR -FISC ELETR,SP,CAMINHONET,PARTICULAR,1,8,2026
6713,MOGI DAS CRUZES,5835-0,Desobedecer as ordens emanadas da autorid compet de transito ou de seus agentes,SP,AUTOMOVEL,PARTICULAR,1,8,2026
7203,TUPI PAULISTA,6050-2,AVANCAR O SINAL DE PARADA OBRIGATORIA,SP,MOTOCICLO,PARTICULAR,1,8,2026
6713,MOGI DAS CRUZES,7340-0,DIRIGIR O VEIC USANDO CALCADO QUE N SE FIRME NOS PES/COMPROMETA UTILIZ PEDAIS,SP,MOTOCICLO,PARTICULAR,1,8,2026
6853,PERUIBE,5185-1,Deixar o condutor de usar o cinto seguranca,SP,CAMIONETA,PARTICULAR,1,8,2026
7107,SAO PAULO,5843-2,"Deixar de indicar c/ antec, med gesto de braco/luz indicadora, manobra de parar",Outras UFs,CAMIONETA,PARTICULAR,1,8,2026
7055,SANTO ANASTACIO,6599-2,CONDUZIR O VEICULO REGISTRADO QUE NAO ESTEJA DEVIDAMENTE LICENCIADO,SP,CAMINHONET,PARTICULAR,1,8,2026
6361,COTIA,5185-1,Deixar o condutor de usar o cinto seguranca,SP,AUTOMOVEL,PARTICULAR,1,8,2026
7107,SAO PAULO,6637-1,CONDUZIR O VEICULO SEM EQUIPAMENTO OBRIGATORIO,SP,MOTONETA,PARTICULAR,3,8,2026
6295,CAMPOS DO JORDAO,6599-2,CONDUZIR O VEICULO REGISTRADO QUE NAO ESTEJA DEVIDAMENTE LICENCIADO,SP,MOTOCICLO,PARTICULAR,1,8,2026
6275,CACONDE,7072-1,CONDUZIR MOTOC/MOTON/CICLOM TRANSP CRIANCA MENOR DE 10 ANOS DE IDADE,SP,MOTOCICLO,PARTICULAR,1,8,2026
6293,CAMPO LIMPO PAULISTA,5010-0,DIRIGIR VEICULO SEM POSSUIR CNH/PPD/ACC,SP,AUTOMOVEL,PARTICULAR,1,8,2026
6377,DIADEMA,5215-2,Dirigir ameacando os demais veiculos,SP,CAMINHONET,ALUGUEL,1,8,2026
7107,SAO PAULO,6637-2,CONDUZIR O VEICULO COM EQUIPAMENTO OBRIGATORIO INEFICIENTE/INOPERANTE,Outras UFs,MOTOCICLO,PARTICULAR,1,8,2026
6715,MOGI-GUACU,7579-0,"REC SUB TEST, EX CLIN, PERIC OU PROC Q PERM CERT INFL ALC/SUB PSIC FOR ART. 277",SP,AUTOMOVEL,PARTICULAR,1,8,2026
7125,SARUTAIA,6530-0,USAR NO VEICULO EQUIP C/ SOM EM VOLUME/FREQUENCIA NAO AUTORIZADOS PELO CONTRAN,SP,AUTOMOVEL,PARTICULAR,1,8,2026
7133,SERRA NEGRA,5800-0,DEIXAR GUARDAR DIST SEGURANCA LAT/FRONT ENTRE SEU VEIC E DEMAIS E AO BORDO PISTA,SP,MOTOCICLO,PARTICULAR,1,8,2026
7075,SAO BERNARDO DO CAMPO,6726-1,"CONDUZIR O VEICULO EM MAU ESTADO DE CONSERVACAO, COMPROMETENDO A SEGURANCA",SP,MOTOCICLO,PARTICULAR,1,8,2026
6547,ITAPETININGA,6050-1,AVAN O SIN VERM DO SEMAF EXC SE HOUVER SINALIZ PERM LIVRE CONV A DIR,SP,MOTOCICLO,PARTICULAR,1,8,2026
6259,BROTAS,5835-0,Desobedecer as ordens emanadas da autorid compet de transito ou de seus agentes,SP,MOTOCICLO,PARTICULAR,1,8,2026
6955,RESTINGA,7099-1,CONDUZIR MOTOCICLETA/MOTONETA/CICLOMOTOR SEM SEGURAR O GUIDOM COM AMBAS AS MAOS,SP,MOTOCICLO,PARTICULAR,1,8,2026
6325,CATIGUA,6726-1,"CONDUZIR O VEICULO EM MAU ESTADO DE CONSERVACAO, COMPROMETENDO A SEGURANCA",SP,AUTOMOVEL,PARTICULAR,1,8,2026
6351,COROADOS,7056-1,CONDUZIR MOTOC/MOTON/CICLOMOTOR FAZENDO MALABARISMO/EQUILIBRANDO-SE EM UMA RODA,SP,MOTOCICLO,PARTICULAR,1,8,2026
6477,GUARULHOS,5967-0,"ULTRAPASSAR PELA CONTRAMAO LINHA DE DIVISAO DE FLUXOS OPOSTOS, CONTINUA AMARELA",SP,CAMINHAO,PARTICULAR,1,8,2026
6273,CACHOEIRA PAULISTA,5193-0,Transportar crianca sem observancia das normas de seguranca estabelecidas p/ CTB,SP,AUTOMOVEL,PARTICULAR,1,8,2026
6125,ALVARES MACHADO,7056-1,CONDUZIR MOTOC/MOTON/CICLOMOTOR FAZENDO MALABARISMO/EQUILIBRANDO-SE EM UMA RODA,SP,MOTOCICLO,PARTICULAR,1,8,2026
7079,SAO CARLOS,6130-0,DEIXAR DE DAR PREFERENCIA A PEDESTRE/VEIC N MOT QUE N HAJA CONCLUIDO A TRAVESSIA,SP,CAMINHAO,ALUGUEL,1,8,2026
6713,MOGI DAS CRUZES,5029-2,DIRIGIR VEICULO COM CNH/PPD/ACC COM SUSPENSAO DO DIREITO DE DIRIGIR,SP,MOTOCICLO,PARTICULAR,1,8,2026
7057,SANTO ANDRE,7340-0,DIRIGIR O VEIC USANDO CALCADO QUE N SE FIRME NOS PES/COMPROMETA UTILIZ PEDAIS,SP,MOTOCICLO,PARTICULAR,1,8,2026
6179,ASSIS,7684-2,Cond motoc/moton/ciclom c/ util cap de seg c/ vis/ocul prot des c/ regul Contran,SP,MOTOCICLO,PARTICULAR,1,8,2026
6583,ITUVERAVA,5452-1,ESTACIONAR NO PASSEIO,SP,AUTOMOVEL,PARTICULAR,1,8,2026
6795,OURINHOS,5010-0,DIRIGIR VEICULO SEM POSSUIR CNH/PPD/ACC,SP,MOTONETA,PARTICULAR,1,8,2026
6817,PARANAPANEMA,5193-0,Transportar crianca sem observancia das normas de seguranca estabelecidas p/ CTB,SP,CAMIONETA,PARTICULAR,1,8,2026
6569,ITATIBA,5207-0,Dirigir sem atencao ou sem os cuidados indispensaveis a seguranca,SP,UTILITARIO,PARTICULAR,1,8,2026
6857,PIEDADE,6599-2,CONDUZIR O VEICULO REGISTRADO QUE NAO ESTEJA DEVIDAMENTE LICENCIADO,SP,AUTOMOVEL,PARTICULAR,1,8,2026
6671,MAIRIPORA,6530-0,USAR NO VEICULO EQUIP C/ SOM EM VOLUME/FREQUENCIA NAO AUTORIZADOS PELO CONTRAN,SP,AUTOMOVEL,PARTICULAR,1,8,2026
7075,SAO BERNARDO DO CAMPO,6602-0,CONDUZIR O VEICULO COM QUALQUER UMA DAS PLACAS SEM LEGIBILIDADE E VISIBILIDADE,SP,MOTOCICLO,PARTICULAR,1,8,2026
6401,EMBU DAS ARTES,6530-0,USAR NO VEICULO EQUIP C/ SOM EM VOLUME/FREQUENCIA NAO AUTORIZADOS PELO CONTRAN,SP,CAMINHONET,PARTICULAR,1,8,2026
6865,ESPIRITO SANTO DO PINHAL,5010-0,DIRIGIR VEICULO SEM POSSUIR CNH/PPD/ACC,SP,MOTOCICLO,PARTICULAR,1,8,2026
7071,SANTOS,7048-1,"CONDUZIR MOTOCICLETA, MOTONETA E CICLOMOTOR TRANSPORTANDO PASSAGEIRO S/ CAPACETE",SP,MOTOCICLO,PARTICULAR,1,8,2026
6377,DIADEMA,5045-0,DIRIGIR VEICULO COM VALIDADE DE CNH/PPD VENCIDA HA MAIS DE 30 DIAS,SP,MOTOCICLO,PARTICULAR,1,8,2026
6481,HERCULANDIA,6637-1,CONDUZIR O VEICULO SEM EQUIPAMENTO OBRIGATORIO,SP,MOTOCICLO,PARTICULAR,1,8,2026
6293,CAMPO LIMPO PAULISTA,6050-1,AVAN O SIN VERM DO SEMAF EXC SE HOUVER SINALIZ PERM LIVRE CONV A DIR,SP,CAMIONETA,PARTICULAR,1,8,2026
7145,SOROCABA,7633-1,Dirigir veiculo segurando telefone celular,SP,AUTOMOVEL,PARTICULAR,1,8,2026
7107,SAO PAULO,6920-3,"Deixar de efetuar reg de veic em 30 dias, qdo for alterada qquer caract do veic",SP,UTILITARIO,ALUGUEL,1,8,2026
7057,SANTO ANDRE,5843-4,"Deixar de indicar c/ antec, med gesto de braco/luz indicadora, mudanca de faixa",SP,AUTOMOVEL,PARTICULAR,1,8,2026
6133,AMERICO BRASILIENSE,5274-1,UTILIZ VEIC DEMONST/EXIBIR MANOBRA PERIGOSA MEDIANTE ARRANCADA BRUSCA,SP,AUTOMOVEL,PARTICULAR,1,8,2026
6221,BEBEDOURO,5738-0,TRANSITAR PELA CONTRAMAO DE DIRECAO EM VIA C/ SINALIZACAO DE REGUL SENTIDO UNICO,SP,MOTOCICLO,PARTICULAR,1,8,2026
6425,FRANCA,5738-0,TRANSITAR PELA CONTRAMAO DE DIRECAO EM VIA C/ SINALIZACAO DE REGUL SENTIDO UNICO,SP,MOTOCICLO,PARTICULAR,2,8,2026
6711,MOCOCA,6726-1,"CONDUZIR O VEICULO EM MAU ESTADO DE CONSERVACAO, COMPROMETENDO A SEGURANCA",SP,MOTOCICLO,PARTICULAR,1,8,2026
6425,FRANCA,6408-0,PORTAR NO VEICULO PLACAS DE IDENTIFICACAO EM DESACORDO C/ ESPECIF/MODELO CONTRAN,SP,CAMINHONET,PARTICULAR,1,8,2026
6969,RIBEIRAO PRETO,6602-0,CONDUZIR O VEICULO COM QUALQUER UMA DAS PLACAS SEM LEGIBILIDADE E VISIBILIDADE,SP,MOTOCICLO,PARTICULAR,1,8,2026
6677,MARACAI,5010-0,DIRIGIR VEICULO SEM POSSUIR CNH/PPD/ACC,SP,AUTOMOVEL,PARTICULAR,1,8,2026
6313,CARAPICUIBA,6661-0,CONDUZIR O VEICULO COM EQUIPAMENTO OU ACESSORIO PROIBIDO,SP,AUTOMOVEL,PARTICULAR,1,8,2026
6589,JACAREI,7544-1,Falta de escrituracao livro registro entrada/saida e de uso placa de experiencia,SP,AUTOMOVEL,PARTICULAR,1,8,2026
6635,LEME,6408-0,PORTAR NO VEICULO PLACAS DE IDENTIFICACAO EM DESACORDO C/ ESPECIF/MODELO CONTRAN,SP,MOTOCICLO,PARTICULAR,3,8,2026
7107,SAO PAULO,6807-0,TRANSITAR C/VEIC DERRAMAN/LANCANDO/ARRASTANDO OBJETO POSSA ACARRETAR RISCO ACID,SP,CAMINHAO,ALUGUEL,1,8,2026
6933,PROMISSAO,6637-1,CONDUZIR O VEICULO SEM EQUIPAMENTO OBRIGATORIO,SP,MOTOCICLO,PARTICULAR,1,8,2026
6289,CAJURU,5010-0,DIRIGIR VEICULO SEM POSSUIR CNH/PPD/ACC,SP,MOTOCICLO,PARTICULAR,1,8,2026
6673,MANDURI,6530-0,USAR NO VEICULO EQUIP C/ SOM EM VOLUME/FREQUENCIA NAO AUTORIZADOS PELO CONTRAN,SP,AUTOMOVEL,PARTICULAR,1,8,2026
6595,JAGUARIUNA,5169-1,DIRIGIR SOB A INFLUENCIA DE ALCOOL,SP,MOTOCICLO,PARTICULAR,1,8,2026
6259,BROTAS,5134-1,PERMITIR POSSE/CONDUCAO VEIC A PESSOA COM CNH CATEGORIA DIFERENTE DA DO VEICULO,SP,MOTONETA,PARTICULAR,1,8,2026
6645,LORENA,6653-1,CONDUZIR O VEICULO COM DESCARGA LIVRE,SP,MOTOCICLO,PARTICULAR,1,8,2026
6209,BARRETOS,5819-1,"TRANSITAR COM O VEICULO EM CALCADAS, PASSEIOS",SP,MOTOCICLO,PARTICULAR,1,8,2026
6357,COSMOPOLIS,6670-0,CONDUZIR O VEICULO C/ EQUIP DO SISTEMA DE ILUMINACAO E DE SINALIZACAO ALTERADOS,SP,MOTOCICLO,PARTICULAR,1,8,2026
7267,TARUMA,6599-2,CONDUZIR O VEICULO REGISTRADO QUE NAO ESTEJA DEVIDAMENTE LICENCIADO,SP,MOTOCICLO,PARTICULAR,1,8,2026
7099,SAO JOSE DOS CAMPOS,7544-1,Falta de escrituracao livro registro entrada/saida e de uso placa de experiencia,SP,AUTOMOVEL,PARTICULAR,2,8,2026
6251,BRAGANCA PAULISTA,5274-1,UTILIZ VEIC DEMONST/EXIBIR MANOBRA PERIGOSA MEDIANTE ARRANCADA BRUSCA,SP,MOTOCICLO,PARTICULAR,2,8,2026
6301,CANDIDO MOTA,5010-0,DIRIGIR VEICULO SEM POSSUIR CNH/PPD/ACC,SP,AUTOMOVEL,PARTICULAR,1,8,2026
6313,CARAPICUIBA,7684-1,Cond motoc/moton/ciclom c/ util cap de seg s/ vis/ocul prot,SP,MOTOCICLO,PARTICULAR,1,8,2026
6493,IBITINGA,5274-1,UTILIZ VEIC DEMONST/EXIBIR MANOBRA PERIGOSA MEDIANTE ARRANCADA BRUSCA,SP,CAMINHONET,PARTICULAR,1,8,2026
7071,SANTOS,6769-0,"CONDUZIR VEIC C/ DEFEITO NO SIST DE ILUMINACAO, SINALIZ OU LAMPADAS QUEIMADAS",SP,MOTOCICLO,PARTICULAR,1,8,2026
6137,AMPARO,6602-0,CONDUZIR O VEICULO COM QUALQUER UMA DAS PLACAS SEM LEGIBILIDADE E VISIBILIDADE,SP,MOTOCICLO,PARTICULAR,1,8,2026
6843,PEDREIRA,7340-0,DIRIGIR O VEIC USANDO CALCADO QUE N SE FIRME NOS PES/COMPROMETA UTILIZ PEDAIS,SP,MOTOCICLO,PARTICULAR,2,8,2026
6931,PRESIDENTE VENCESLAU,7633-2,Dirigir veiculo manuseando telefone celular,SP,UTILITARIO,PARTICULAR,1,8,2026
6545,ITAPECERICA DA SERRA,7773-2,ENTREGAR VEICULO A PESSOA SEM POSSUIR CURSOS ESPECIFICOS OBRIGATORIOS,SP,MOTOCICLO,PARTICULAR,1,8,2026
6377,DIADEMA,5967-0,"ULTRAPASSAR PELA CONTRAMAO LINHA DE DIVISAO DE FLUXOS OPOSTOS, CONTINUA AMARELA",SP,MOTOCICLO,PARTICULAR,1,8,2026
7107,SAO PAULO,5185-1,Deixar o condutor de usar o cinto seguranca,SP,CAMINHAO,PARTICULAR,1,8,2026
2951,HORTOLANDIA,6653-1,CONDUZIR O VEICULO COM DESCARGA LIVRE,SP,MOTOCICLO,PARTICULAR,1,8,2026
6969,RIBEIRAO PRETO,5061-0,ENTREGAR VEICULO A PESSOA SEM CNH/PPD/ACC,SP,MOTONETA,PARTICULAR,1,8,2026
7065,SANTO ANTONIO DO PINHAL,5045-0,DIRIGIR VEICULO COM VALIDADE DE CNH/PPD VENCIDA HA MAIS DE 30 DIAS,SP,AUTOMOVEL,PARTICULAR,1,8,2026
6551,ITAPEVI,7714-1,Cond motoc/moton/ciclom transp pass c/ cap de seg s/ vis/ocul de protecao,SP,MOTOCICLO,PARTICULAR,1,8,2026
6931,PRESIDENTE VENCESLAU,5738-0,TRANSITAR PELA CONTRAMAO DE DIRECAO EM VIA C/ SINALIZACAO DE REGUL SENTIDO UNICO,SP,AUTOMOVEL,PARTICULAR,1,8,2026
6313,CARAPICUIBA,5088-1,ENTREGAR VEICULO A PESSOA COM CNH DE CATEGORIA DIFERENTE DA DO VEICULO,SP,MICROONIB,ALUGUEL,1,8,2026
7235,VERA CRUZ,5720-0,TRANSITAR PELA CONTRAMAO DE DIRECAO EM VIA COM DUPLO SENTIDO DE CIRCULACAO,SP,AUTOMOVEL,PARTICULAR,1,8,2026
6853,PERUIBE,6670-0,CONDUZIR O VEICULO C/ EQUIP DO SISTEMA DE ILUMINACAO E DE SINALIZACAO ALTERADOS,SP,CAMIONETA,PARTICULAR,1,8,2026
6313,CARAPICUIBA,6122-0,DEIXAR DE DAR PREFERENCIA A PEDESTRE/VEIC N MOTORIZADO NA FAIXA A ELE DESTINADA,SP,MOTONETA,PARTICULAR,1,8,2026
6219,BAURU,5142-0,PERMITIR POSSE/CONDUCAO DO VEIC A PESSOA COM CNH/PPD VENCIDA HA MAIS DE 30 DIAS,SP,AUTOMOVEL,PARTICULAR,1,8,2026
6927,PRESIDENTE EPITACIO,5045-0,DIRIGIR VEICULO COM VALIDADE DE CNH/PPD VENCIDA HA MAIS DE 30 DIAS,SP,MOTOCICLO,PARTICULAR,1,8,2026
7063,SANTO ANTONIO DO JARDIM,7340-0,DIRIGIR O VEIC USANDO CALCADO QUE N SE FIRME NOS PES/COMPROMETA UTILIZ PEDAIS,SP,AUTOMOVEL,PARTICULAR,1,8,2026
7157,TABOAO DA SERRA,5215-2,Dirigir ameacando os demais veiculos,SP,MOTOCICLO,PARTICULAR,1,8,2026
7107,SAO PAULO,6408-0,PORTAR NO VEICULO PLACAS DE IDENTIFICACAO EM DESACORDO C/ ESPECIF/MODELO CONTRAN,SP,CAMINHONET,ALUGUEL,1,8,2026
7149,SUMARE,5010-0,DIRIGIR VEICULO SEM POSSUIR CNH/PPD/ACC,SP,AUTOMOVEL,PARTICULAR,1,8,2026
6475,GUARUJA,6050-1,AVAN O SIN VERM DO SEMAF EXC SE HOUVER SINALIZ PERM LIVRE CONV A DIR,Outras UFs,AUTOMOVEL,,1,8,2026
6469,GUARATINGUETA,7684-2,Cond motoc/moton/ciclom c/ util cap de seg c/ vis/ocul prot des c/ regul Contran,SP,MOTOCICLO,PARTICULAR,1,8,2026
7095,SAO JOSE DO RIO PARDO,6599-2,CONDUZIR O VEICULO REGISTRADO QUE NAO ESTEJA DEVIDAMENTE LICENCIADO,SP,MOTOCICLO,PARTICULAR,1,8,2026
2947,CANITAR,6645-0,CONDUZIR O VEICULO COM EQUIP OBRIGATORIO EM DESACORDO COM O ESTAB PELO CONTRAN,SP,MOTOCICLO,PARTICULAR,1,8,2026
6563,ITAQUAQUECETUBA,6580-0,CONDUZIR O VEICULO SEM QUALQUER UMA DAS PLACAS DE IDENTIFICACAO,SP,MOTOCICLO,PARTICULAR,1,8,2026
7071,SANTOS,5207-0,Dirigir sem atencao ou sem os cuidados indispensaveis a seguranca,SP,MOTONETA,PARTICULAR,1,8,2026
2943,ILHA SOLTEIRA,5207-0,Dirigir sem atencao ou sem os cuidados indispensaveis a seguranca,Outras UFs,MOTOCICLO,PARTICULAR,1,8,2026
6477,GUARULHOS,5274-1,UTILIZ VEIC DEMONST/EXIBIR MANOBRA PERIGOSA MEDIANTE ARRANCADA BRUSCA,SP,MOTONETA,PARTICULAR,1,8,2026
7135,SERTAOZINHO,7684-2,Cond motoc/moton/ciclom c/ util cap de seg c/ vis/ocul prot des c/ regul Contran,SP,MOTONETA,PARTICULAR,1,8,2026
6167,AREALVA,6599-2,CONDUZIR O VEICULO REGISTRADO QUE NAO ESTEJA DEVIDAMENTE LICENCIADO,SP,MOTOCICLO,PARTICULAR,1,8,2026
6637,LENCOIS PAULISTA,5045-0,DIRIGIR VEICULO COM VALIDADE DE CNH/PPD VENCIDA HA MAIS DE 30 DIAS,SP,AUTOMOVEL,PARTICULAR,2,8,2026
6931,PRESIDENTE VENCESLAU,5738-0,TRANSITAR PELA CONTRAMAO DE DIRECAO EM VIA C/ SINALIZACAO DE REGUL SENTIDO UNICO,SP,MOTONETA,PARTICULAR,1,8,2026
7057,SANTO ANDRE,5010-0,DIRIGIR VEICULO SEM POSSUIR CNH/PPD/ACC,SP,MOTOCICLO,PARTICULAR,4,8,2026
6897,POA,7030-1,Conduzir motoc/moton/ciclom s/ capacete de seguranca,SP,MOTOCICLO,PARTICULAR,1,8,2026
7175,TAQUARITINGA,6050-2,AVANCAR O SINAL DE PARADA OBRIGATORIA,SP,CAMINHONET,PARTICULAR,1,8,2026
6689,MAUA,5118-0,PERMITIR POSSE/CONDUCAO DO VEICULO A PESSOA SEM CNH/PPD/ACC,SP,AUTOMOVEL,PARTICULAR,1,8,2026
2961,EMILIANOPOLIS,6530-0,USAR NO VEICULO EQUIP C/ SOM EM VOLUME/FREQUENCIA NAO AUTORIZADOS PELO CONTRAN,SP,AUTOMOVEL,PARTICULAR,1,8,2026
6681,MARILIA,7579-0,"REC SUB TEST, EX CLIN, PERIC OU PROC Q PERM CERT INFL ALC/SUB PSIC FOR ART. 277",SP,MOTOCICLO,PARTICULAR,1,8,2026
6165,ARARAS,6637-1,CONDUZIR O VEICULO SEM EQUIPAMENTO OBRIGATORIO,SP,AUTOMOVEL,PARTICULAR,1,8,2026
6379,DIVINOLANDIA,5541-1,ESTACIONAR EM DESACORDO COM A REGULAMENTACAO ESPECIFICADA PELA SINALIZACAO,SP,AUTOMOVEL,OFICIAL,1,8,2026
6131,AMERICANA,7323-2,DIRIGIR O VEICULO TRANSPORT ANIMAIS A SUA ESQUERDA OU ENTRE OS BRACOS E PERNAS,SP,AUTOMOVEL,PARTICULAR,1,8,2026
6929,PRESIDENTE PRUDENTE,6599-2,CONDUZIR O VEICULO REGISTRADO QUE NAO ESTEJA DEVIDAMENTE LICENCIADO,SP,MOTOCICLO,PARTICULAR,1,8,2026
6181,ATIBAIA,5010-0,DIRIGIR VEICULO SEM POSSUIR CNH/PPD/ACC,SP,AUTOMOVEL,PARTICULAR,1,8,2026
6131,AMERICANA,7633-2,Dirigir veiculo manuseando telefone celular,SP,UTILITARIO,PARTICULAR,1,8,2026
6921,PRAIA GRANDE,5819-6,TRANSITAR COM O VEICULO EM MARCAS DE CANALIZACAO,SP,AUTOMOVEL,PARTICULAR,1,8,2026
7137,SETE BARRAS,6599-2,CONDUZIR O VEICULO REGISTRADO QUE NAO ESTEJA DEVIDAMENTE LICENCIADO,SP,AUTOMOVEL,PARTICULAR,1,8,2026
7007,SALTO DE PIRAPORA,5118-0,PERMITIR POSSE/CONDUCAO DO VEICULO A PESSOA SEM CNH/PPD/ACC,SP,AUTOMOVEL,PARTICULAR,1,8,2026
6607,JAU,6599-2,CONDUZIR O VEICULO REGISTRADO QUE NAO ESTEJA DEVIDAMENTE LICENCIADO,SP,AUTOMOVEL,PARTICULAR,1,8,2026
6857,PIEDADE,6017-2,"EXECUTAR OPERACAO DE RETORNO PASSANDO POR CIMA DE ILHA, REFUGIO",SP,MOTOCICLO,PARTICULAR,1,8,2026
6927,PRESIDENTE EPITACIO,5835-0,Desobedecer as ordens emanadas da autorid compet de transito ou de seus agentes,SP,MOTOCICLO,PARTICULAR,1,8,2026
6477,GUARULHOS,5720-0,TRANSITAR PELA CONTRAMAO DE DIRECAO EM VIA COM DUPLO SENTIDO DE CIRCULACAO,SP,AUTOMOVEL,PARTICULAR,1,8,2026
7107,SAO PAULO,5002-0,"Multa, por nao identificacao do condutor infrator, imposta a pessoa juridica",SP,MICROONIB,ALUGUEL,2,8,2026
7107,SAO PAULO,7285-0,"EM MOVIMENTO, DEIXAR DE MANTER A PLACA TRASEIRA ILUMINADA A NOITE",SP,CAMIONETA,PARTICULAR,1,8,2026
6425,FRANCA,7579-0,"REC SUB TEST, EX CLIN, PERIC OU PROC Q PERM CERT INFL ALC/SUB PSIC FOR ART. 277",SP,MOTOCICLO,PARTICULAR,1,8,2026
824,TAQUARAL,5045-0,DIRIGIR VEICULO COM VALIDADE DE CNH/PPD VENCIDA HA MAIS DE 30 DIAS,SP,AUTOMOVEL,PARTICULAR,1,8,2026
6571,ITATINGA,6726-1,"CONDUZIR O VEICULO EM MAU ESTADO DE CONSERVACAO, COMPROMETENDO A SEGURANCA",SP,MOTOCICLO,PARTICULAR,1,8,2026
6451,GUAPIACU,6599-2,CONDUZIR O VEICULO REGISTRADO QUE NAO ESTEJA DEVIDAMENTE LICENCIADO,SP,MOTOCICLO,PARTICULAR,1,8,2026
6429,FRANCO DA ROCHA,7366-2,DIRIGIR VEICULO UTILIZANDO-SE DE TELEFONE CELULAR,SP,CAMINHONET,PARTICULAR,2,8,2026
7107,SAO PAULO,6726-1,"CONDUZIR O VEICULO EM MAU ESTADO DE CONSERVACAO, COMPROMETENDO A SEGURANCA",Outras UFs,CAMINHAO,ALUGUEL,1,8,2026
7157,TABOAO DA SERRA,6599-2,CONDUZIR O VEICULO REGISTRADO QUE NAO ESTEJA DEVIDAMENTE LICENCIADO,SP,MOTONETA,PARTICULAR,1,8,2026
7157,TABOAO DA SERRA,5037-2,DIRIGIR VEICULO COM PPD DE CATEGORIA DIFERENTE DA DO VEICULO,SP,AUTOMOVEL,PARTICULAR,1,8,2026
7091,SAO JOSE DA BELA VISTA,5207-0,Dirigir sem atencao ou sem os cuidados indispensaveis a seguranca,SP,MOTOCICLO,PARTICULAR,1,8,2026
7107,SAO PAULO,5193-0,Transportar crianca sem observancia das normas de seguranca estabelecidas p/ CTB,SP,MOTONETA,PARTICULAR,1,8,2026
6603,JARDINOPOLIS,7684-2,Cond motoc/moton/ciclom c/ util cap de seg c/ vis/ocul prot des c/ regul Contran,SP,MOTOCICLO,PARTICULAR,1,8,2026
6635,LEME,5029-2,DIRIGIR VEICULO COM CNH/PPD/ACC COM SUSPENSAO DO DIREITO DE DIRIGIR,SP,MOTOCICLO,PARTICULAR,1,8,2026
6163,ARARAQUARA,5207-0,Dirigir sem atencao ou sem os cuidados indispensaveis a seguranca,Outras UFs,AUTOMOVEL,PARTICULAR,1,8,2026
6569,ITATIBA,5010-0,DIRIGIR VEICULO SEM POSSUIR CNH/PPD/ACC,SP,AUTOMOVEL,PARTICULAR,1,8,2026
6969,RIBEIRAO PRETO,7633-2,Dirigir veiculo manuseando telefone celular,SP,CAMIONETA,PARTICULAR,1,8,2026
6219,BAURU,6017-4,EXECUTAR OPERACAO DE RETORNO PASSANDO POR CIMA DE CANTEIRO DE DIVISOR DE PISTA,SP,MOTOCICLO,PARTICULAR,1,8,2026
6137,AMPARO,5797-0,FORCAR PASSAGEM ENTRE VEICS TRANS SENT OPOSTOS NA IMINENCIA REALIZ ULTRAPASSAGEM,SP,MOTOCICLO,PARTICULAR,2,8,2026
6209,BARRETOS,5185-1,Deixar o condutor de usar o cinto seguranca,SP,CAMINHONET,PARTICULAR,1,8,2026
6309,CAPIVARI,5185-1,Deixar o condutor de usar o cinto seguranca,SP,CAMIONETA,PARTICULAR,1,8,2026
6425,FRANCA,5274-1,UTILIZ VEIC DEMONST/EXIBIR MANOBRA PERIGOSA MEDIANTE ARRANCADA BRUSCA,SP,AUTOMOVEL,PARTICULAR,1,8,2026
7155,TABATINGA,6530-0,USAR NO VEICULO EQUIP C/ SOM EM VOLUME/FREQUENCIA NAO AUTORIZADOS PELO CONTRAN,SP,AUTOMOVEL,PARTICULAR,1,8,2026
7107,SAO PAULO,6858-0,Transitar com o veiculo com lotacao excedente,SP,AUTOMOVEL,PARTICULAR,4,8,2026
7107,SAO PAULO,5819-7,TRANSITAR COM O VEICULO EM ACOSTAMENTOS,Outras UFs,S. REBOQUE,ALUGUEL,1,8,2026
7169,TANABI,6769-0,"CONDUZIR VEIC C/ DEFEITO NO SIST DE ILUMINACAO, SINALIZ OU LAMPADAS QUEIMADAS",SP,ONIBUS,APRENDIZAGEM,1,8,2026
6175,ARTUR NOGUEIRA,6050-2,AVANCAR O SINAL DE PARADA OBRIGATORIA,SP,AUTOMOVEL,PARTICULAR,1,8,2026
7107,SAO PAULO,5045-0,DIRIGIR VEICULO COM VALIDADE DE CNH/PPD VENCIDA HA MAIS DE 30 DIAS,SP,MOTONETA,PARTICULAR,1,8,2026
7145,SOROCABA,6661-0,CONDUZIR O VEICULO COM EQUIPAMENTO OU ACESSORIO PROIBIDO,SP,MOTOCICLO,PARTICULAR,1,8,2026
6201,BARAO DE ANTONINA,5045-0,DIRIGIR VEICULO COM VALIDADE DE CNH/PPD VENCIDA HA MAIS DE 30 DIAS,Outras UFs,CAMINHONET,PARTICULAR,1,8,2026
6619,JUNDIAI,6661-0,CONDUZIR O VEICULO COM EQUIPAMENTO OU ACESSORIO PROIBIDO,SP,MOTOCICLO,PARTICULAR,1,8,2026
7125,SARUTAIA,5185-1,Deixar o condutor de usar o cinto seguranca,SP,AUTOMOVEL,PARTICULAR,1,8,2026
6569,ITATIBA,5037-1,DIRIGIR VEICULO COM CNH DE CATEGORIA DIFERENTE DA DO VEICULO,SP,MOTOCICLO,PARTICULAR,1,8,2026
6377,DIADEMA,5010-0,DIRIGIR VEICULO SEM POSSUIR CNH/PPD/ACC,SP,MOTOCICLO,PARTICULAR,1,8,2026
6901,POMPEIA,5096-0,ENTREGAR VEICULO A PESSOA COM CNH/PPD VENCIDA HA MAIS DE 30 DIAS,SP,MOTOCICLO,PARTICULAR,1,8,2026
6377,DIADEMA,5037-1,DIRIGIR VEICULO COM CNH DE CATEGORIA DIFERENTE DA DO VEICULO,SP,MOTOCICLO,PARTICULAR,1,8,2026
6425,FRANCA,6050-1,AVAN O SIN VERM DO SEMAF EXC SE HOUVER SINALIZ PERM LIVRE CONV A DIR,SP,AUTOMOVEL,PARTICULAR,2,8,2026
7071,SANTOS,7684-1,Cond motoc/moton/ciclom c/ util cap de seg s/ vis/ocul prot,SP,MOTONETA,PARTICULAR,2,8,2026
2943,ILHA SOLTEIRA,6726-1,"CONDUZIR O VEICULO EM MAU ESTADO DE CONSERVACAO, COMPROMETENDO A SEGURANCA",SP,MOTOCICLO,PARTICULAR,1,8,2026
7107,SAO PAULO,7366-2,DIRIGIR VEICULO UTILIZANDO-SE DE TELEFONE CELULAR,SP,AUTOMOVEL,ALUGUEL,2,8,2026
6209,BARRETOS,5274-1,UTILIZ VEIC DEMONST/EXIBIR MANOBRA PERIGOSA MEDIANTE ARRANCADA BRUSCA,SP,MOTOCICLO,PARTICULAR,2,8,2026
6795,OURINHOS,6726-1,"CONDUZIR O VEICULO EM MAU ESTADO DE CONSERVACAO, COMPROMETENDO A SEGURANCA",SP,MOTONETA,PARTICULAR,1,8,2026
6715,MOGI-GUACU,7030-1,Conduzir motoc/moton/ciclom s/ capacete de seguranca,SP,MOTOCICLO,PARTICULAR,1,8,2026
6715,MOGI-GUACU,7579-0,"REC SUB TEST, EX CLIN, PERIC OU PROC Q PERM CERT INFL ALC/SUB PSIC FOR ART. 277",SP,MOTOCICLO,PARTICULAR,1,8,2026
6511,INDAIATUBA,5738-0,TRANSITAR PELA CONTRAMAO DE DIRECAO EM VIA C/ SINALIZACAO DE REGUL SENTIDO UNICO,SP,MOTOCICLO,PARTICULAR,2,8,2026
6401,EMBU DAS ARTES,7072-1,CONDUZIR MOTOC/MOTON/CICLOM TRANSP CRIANCA MENOR DE 10 ANOS DE IDADE,SP,MOTOCICLO,PARTICULAR,1,8,2026
6209,BARRETOS,6394-1,DEIXAR DE REDUZIR A VELOCIDADE NAS PROXIMIDADES DE ESCOLAS,SP,MOTOCICLO,PARTICULAR,1,8,2026
6921,PRAIA GRANDE,7340-0,DIRIGIR O VEIC USANDO CALCADO QUE N SE FIRME NOS PES/COMPROMETA UTILIZ PEDAIS,SP,MOTOCICLO,PARTICULAR,3,8,2026
6715,MOGI-GUACU,6599-2,CONDUZIR O VEICULO REGISTRADO QUE NAO ESTEJA DEVIDAMENTE LICENCIADO,SP,CAMINHONET,PARTICULAR,1,8,2026
7145,SOROCABA,5720-0,TRANSITAR PELA CONTRAMAO DE DIRECAO EM VIA COM DUPLO SENTIDO DE CIRCULACAO,SP,MOTOCICLO,PARTICULAR,2,8,2026
2957,VARGEM,6726-1,"CONDUZIR O VEICULO EM MAU ESTADO DE CONSERVACAO, COMPROMETENDO A SEGURANCA",SP,MOTOCICLO,PARTICULAR,1,8,2026
6427,FRANCISCO MORATO,5207-0,Dirigir sem atencao ou sem os cuidados indispensaveis a seguranca,SP,CAMIONETA,PARTICULAR,1,8,2026
6409,FARTURA,5215-2,Dirigir ameacando os demais veiculos,Outras UFs,AUTOMOVEL,PARTICULAR,1,8,2026
6587,JABOTICABAL,7358-0,"DIRIGIR O VEICULO COM APENAS UMA DAS MAOS, EXCETO QUANDO PERMITIDO PELO CTB",SP,AUTOMOVEL,PARTICULAR,1,8,2026
6409,FARTURA,5207-0,Dirigir sem atencao ou sem os cuidados indispensaveis a seguranca,SP,MOTOCICLO,PARTICULAR,2,8,2026
7079,SAO CARLOS,6530-0,USAR NO VEICULO EQUIP C/ SOM EM VOLUME/FREQUENCIA NAO AUTORIZADOS PELO CONTRAN,SP,AUTOMOVEL,PARTICULAR,2,8,2026
7121,SAO VICENTE,6041-2,EXECUTAR OPERACAO DE CONVERSAO A ESQUERDA EM LOCAL PROIBIDO PELA SINALIZACAO,SP,MOTOCICLO,PARTICULAR,1,8,2026
6139,ANALANDIA,7579-0,"REC SUB TEST, EX CLIN, PERIC OU PROC Q PERM CERT INFL ALC/SUB PSIC FOR ART. 277",SP,AUTOMOVEL,PARTICULAR,1,8,2026
7143,SOCORRO,5010-0,DIRIGIR VEICULO SEM POSSUIR CNH/PPD/ACC,SP,AUTOMOVEL,PARTICULAR,1,8,2026
6469,GUARATINGUETA,5185-2,Deixar o passageiro de usar o cinto seguranca,Outras UFs,AUTOMOVEL,PARTICULAR,1,8,2026
6689,MAUA,5215-2,Dirigir ameacando os demais veiculos,SP,AUTOMOVEL,PARTICULAR,1,8,2026
6875,PIRACICABA,6580-0,CONDUZIR O VEICULO SEM QUALQUER UMA DAS PLACAS DE IDENTIFICACAO,SP,MOTOCICLO,PARTICULAR,1,8,2026
6713,MOGI DAS CRUZES,6637-1,CONDUZIR O VEICULO SEM EQUIPAMENTO OBRIGATORIO,SP,MOTOCICLO,PARTICULAR,1,8,2026
6213,BARUERI,7579-0,"REC SUB TEST, EX CLIN, PERIC OU PROC Q PERM CERT INFL ALC/SUB PSIC FOR ART. 277",SP,AUTOMOVEL,PARTICULAR,1,8,2026
6361,COTIA,5185-1,Deixar o condutor de usar o cinto seguranca,SP,CAMINHONET,ALUGUEL,1,8,2026
7107,SAO PAULO,7056-1,CONDUZIR MOTOC/MOTON/CICLOMOTOR FAZENDO MALABARISMO/EQUILIBRANDO-SE EM UMA RODA,SP,MOTONETA,PARTICULAR,2,8,2026
6291,CAMPINAS,5061-0,ENTREGAR VEICULO A PESSOA SEM CNH/PPD/ACC,SP,MOTOCICLO,PARTICULAR,2,8,2026
6687,MATAO,7030-1,Conduzir motoc/moton/ciclom s/ capacete de seguranca,SP,MOTONETA,PARTICULAR,1,8,2026
6197,BANANAL,7579-0,"REC SUB TEST, EX CLIN, PERIC OU PROC Q PERM CERT INFL ALC/SUB PSIC FOR ART. 277",SP,AUTOMOVEL,PARTICULAR,1,8,2026
6841,PEDREGULHO,5193-0,Transportar crianca sem observancia das normas de seguranca estabelecidas p/ CTB,SP,AUTOMOVEL,PARTICULAR,1,8,2026
7017,SANTA BARBARA DO OESTE,5010-0,DIRIGIR VEICULO SEM POSSUIR CNH/PPD/ACC,SP,MOTOCICLO,PARTICULAR,1,8,2026
6953,REGISTRO,5045-0,DIRIGIR VEICULO COM VALIDADE DE CNH/PPD VENCIDA HA MAIS DE 30 DIAS,SP,AUTOMOVEL,PARTICULAR,1,8,2026
6411,FERNANDOPOLIS,5045-0,DIRIGIR VEICULO COM VALIDADE DE CNH/PPD VENCIDA HA MAIS DE 30 DIAS,SP,AUTOMOVEL,PARTICULAR,1,8,2026
7201,TUPA,5720-0,TRANSITAR PELA CONTRAMAO DE DIRECAO EM VIA COM DUPLO SENTIDO DE CIRCULACAO,SP,MOTOCICLO,PARTICULAR,1,8,2026
7107,SAO PAULO,5835-0,Desobedecer as ordens emanadas da autorid compet de transito ou de seus agentes,SP,CAMIONETA,PARTICULAR,3,8,2026
7151,SUZANO,5053-1,DIRIGIR VEICULO SEM USAR LENTES CORRETORAS DE VISAO,SP,AUTOMOVEL,PARTICULAR,1,8,2026
7099,SAO JOSE DOS CAMPOS,7056-1,CONDUZIR MOTOC/MOTON/CICLOMOTOR FAZENDO MALABARISMO/EQUILIBRANDO-SE EM UMA RODA,SP,MOTOCICLO,PARTICULAR,2,8,2026
7235,VERA CRUZ,7633-1,Dirigir veiculo segurando telefone celular,SP,AUTOMOVEL,PARTICULAR,1,8,2026
6705,MIRANTE DO PARANAPANEMA,6637-1,CONDUZIR O VEICULO SEM EQUIPAMENTO OBRIGATORIO,SP,MICROONIB,ALUGUEL,1,8,2026
7107,SAO PAULO,7749-2,DIRIGIR VEICULO SEM POSSUIR CURSOS ESPECIFICOS OBRIGATORIOS,SP,AUTOMOVEL,ALUGUEL,1,8,2026
6285,CAJAMAR,6122-0,DEIXAR DE DAR PREFERENCIA A PEDESTRE/VEIC N MOTORIZADO NA FAIXA A ELE DESTINADA,SP,AUTOMOVEL,PARTICULAR,1,8,2026
6879,PIRAJUI,5185-1,Deixar o condutor de usar o cinto seguranca,SP,AUTOMOVEL,PARTICULAR,1,8,2026
6337,CHAVANTES,5010-0,DIRIGIR VEICULO SEM POSSUIR CNH/PPD/ACC,SP,MOTOCICLO,PARTICULAR,1,8,2026
6477,GUARULHOS,5843-3,"Deixar de indicar c/ antec, med gesto de braco/luz indicadora, mudanca direcao",SP,AUTOMOVEL,PARTICULAR,1,8,2026
6825,PARIQUERA-ACU,5967-0,"ULTRAPASSAR PELA CONTRAMAO LINHA DE DIVISAO DE FLUXOS OPOSTOS, CONTINUA AMARELA",SP,MOTOCICLO,PARTICULAR,1,8,2026
2959,ESTIVA GERBI,6530-0,USAR NO VEICULO EQUIP C/ SOM EM VOLUME/FREQUENCIA NAO AUTORIZADOS PELO CONTRAN,SP,AUTOMOVEL,PARTICULAR,1,8,2026
6563,ITAQUAQUECETUBA,5991-0,EXECUTAR OPERACAO DE RETORNO EM LOCAIS PROIBIDOS PELA SINALIZACAO,SP,AUTOMOVEL,PARTICULAR,1,8,2026
6285,CAJAMAR,6130-0,DEIXAR DE DAR PREFERENCIA A PEDESTRE/VEIC N MOT QUE N HAJA CONCLUIDO A TRAVESSIA,SP,MOTOCICLO,PARTICULAR,2,8,2026
7185,TEJUPA,5010-0,DIRIGIR VEICULO SEM POSSUIR CNH/PPD/ACC,SP,MOTOCICLO,PARTICULAR,1,8,2026
6713,MOGI DAS CRUZES,7773-2,ENTREGAR VEICULO A PESSOA SEM POSSUIR CURSOS ESPECIFICOS OBRIGATORIOS,SP,AUTOMOVEL,PARTICULAR,1,8,2026
6437,GASTAO VIDIGAL,5460-0,ESTACIONAR EM GUIA DE CALCADA REBAIXADA DESTINADA A ENTRADA/SAIDA DE VEICULOS,SP,CAMIONETA,PARTICULAR,1,8,2026
6717,MOGI-MIRIM,7358-0,"DIRIGIR O VEICULO COM APENAS UMA DAS MAOS, EXCETO QUANDO PERMITIDO PELO CTB",SP,MOTOCICLO,PARTICULAR,1,8,2026
6477,GUARULHOS,7544-1,Falta de escrituracao livro registro entrada/saida e de uso placa de experiencia,SP,ONIBUS,PARTICULAR,1,8,2026
6477,GUARULHOS,6050-2,AVANCAR O SINAL DE PARADA OBRIGATORIA,SP,CAMINHONET,PARTICULAR,1,8,2026
6251,BRAGANCA PAULISTA,5835-0,Desobedecer as ordens emanadas da autorid compet de transito ou de seus agentes,SP,MOTOCICLO,PARTICULAR,1,8,2026
6429,FRANCO DA ROCHA,5185-2,Deixar o passageiro de usar o cinto seguranca,SP,AUTOMOVEL,PARTICULAR,2,8,2026
6863,PINDORAMA,6599-2,CONDUZIR O VEICULO REGISTRADO QUE NAO ESTEJA DEVIDAMENTE LICENCIADO,SP,MOTOCICLO,PARTICULAR,1,8,2026
6689,MAUA,5169-1,DIRIGIR SOB A INFLUENCIA DE ALCOOL,SP,MOTOCICLO,PARTICULAR,1,8,2026
6547,ITAPETININGA,6599-2,CONDUZIR O VEICULO REGISTRADO QUE NAO ESTEJA DEVIDAMENTE LICENCIADO,SP,MOTOCICLO,PARTICULAR,1,8,2026
7145,SOROCABA,5770-3,DEIXAR DE DAR PASSAGEM A VEIC DE POLICIA EM SERVICO DE URGENCIA DEVID IDENTIF,SP,AUTOMOVEL,PARTICULAR,1,8,2026
7107,SAO PAULO,6599-2,CONDUZIR O VEICULO REGISTRADO QUE NAO ESTEJA DEVIDAMENTE LICENCIADO,SP,MICROONIB,ALUGUEL,2,8,2026
6247,BORBOREMA,7684-2,Cond motoc/moton/ciclom c/ util cap de seg c/ vis/ocul prot des c/ regul Contran,SP,MOTOCICLO,PARTICULAR,1,8,2026
7079,SAO CARLOS,5274-1,UTILIZ VEIC DEMONST/EXIBIR MANOBRA PERIGOSA MEDIANTE ARRANCADA BRUSCA,SP,AUTOMOVEL,PARTICULAR,1,8,2026
7075,SAO BERNARDO DO CAMPO,5738-0,TRANSITAR PELA CONTRAMAO DE DIRECAO EM VIA C/ SINALIZACAO DE REGUL SENTIDO UNICO,SP,MOTOCICLO,PARTICULAR,1,8,2026
7157,TABOAO DA SERRA,6637-2,CONDUZIR O VEICULO COM EQUIPAMENTO OBRIGATORIO INEFICIENTE/INOPERANTE,SP,MOTOCICLO,PARTICULAR,1,8,2026
7057,SANTO ANDRE,6050-1,AVAN O SIN VERM DO SEMAF EXC SE HOUVER SINALIZ PERM LIVRE CONV A DIR,SP,AUTOMOVEL,PARTICULAR,2,8,2026
6619,JUNDIAI,6726-1,"CONDUZIR O VEICULO EM MAU ESTADO DE CONSERVACAO, COMPROMETENDO A SEGURANCA",SP,MOTOCICLO,PARTICULAR,2,8,2026
6393,DUMONT,5185-1,Deixar o condutor de usar o cinto seguranca,Outras UFs,CAMINHONET,PARTICULAR,1,8,2026
2949,ENGENHEIRO COELHO,6637-1,CONDUZIR O VEICULO SEM EQUIPAMENTO OBRIGATORIO,SP,MOTOCICLO,PARTICULAR,1,8,2026
6991,RUBINEIA,6637-1,CONDUZIR O VEICULO SEM EQUIPAMENTO OBRIGATORIO,SP,ONIBUS,OFICIAL,2,8,2026
7091,SAO JOSE DA BELA VISTA,7633-1,Dirigir veiculo segurando telefone celular,SP,AUTOMOVEL,PARTICULAR,1,8,2026
6291,CAMPINAS,7358-0,"DIRIGIR O VEICULO COM APENAS UMA DAS MAOS, EXCETO QUANDO PERMITIDO PELO CTB",SP,AUTOMOVEL,PARTICULAR,1,8,2026
7105,SAO MIGUEL ARCANJO,7684-2,Cond motoc/moton/ciclom c/ util cap de seg c/ vis/ocul prot des c/ regul Contran,SP,MOTOCICLO,PARTICULAR,1,8,2026
6843,PEDREIRA,5118-0,PERMITIR POSSE/CONDUCAO DO VEICULO A PESSOA SEM CNH/PPD/ACC,SP,MOTOCICLO,PARTICULAR,2,8,2026
6361,COTIA,5010-0,DIRIGIR VEICULO SEM POSSUIR CNH/PPD/ACC,SP,AUTOMOVEL,PARTICULAR,1,8,2026
6627,LAGOINHA,5215-1,Dirigir ameacando os pedestres que estejam atravessando a via publica,SP,MOTOCICLO,PARTICULAR,1,8,2026
7107,SAO PAULO,5266-2,PARTICIPAR NA VIA COMO CONDUTOR EM EVENTOS ORGANIZADOS SEM PERMISSAO,SP,MOTONETA,PARTICULAR,2,8,2026
7097,SAO JOSE DO RIO PRETO,5037-1,DIRIGIR VEICULO COM CNH DE CATEGORIA DIFERENTE DA DO VEICULO,SP,MOTONETA,PARTICULAR,1,8,2026
7007,SALTO DE PIRAPORA,7684-1,Cond motoc/moton/ciclom c/ util cap de seg s/ vis/ocul prot,SP,MOTOCICLO,PARTICULAR,1,8,2026
6619,JUNDIAI,5185-1,Deixar o condutor de usar o cinto seguranca,SP,CAMINHONET,PARTICULAR,2,8,2026
6555,ITAPOLIS,5819-3,"TRANSITAR COM O VEICULO EM AJARDINAMENTOS, GRAMADOS, JARDINS PUBLICOS",SP,MOTOCICLO,PARTICULAR,1,8,2026
6425,FRANCA,5185-1,Deixar o condutor de usar o cinto seguranca,SP,AUTOMOVEL,PARTICULAR,2,8,2026
6155,ARACATUBA,5185-1,Deixar o condutor de usar o cinto seguranca,SP,CAMINHONET,PARTICULAR,1,8,2026
6581,ITUPEVA,5037-1,DIRIGIR VEICULO COM CNH DE CATEGORIA DIFERENTE DA DO VEICULO,SP,MOTOCICLO,PARTICULAR,1,8,2026
7099,SAO JOSE DOS CAMPOS,6637-1,CONDUZIR O VEICULO SEM EQUIPAMENTO OBRIGATORIO,Outras UFs,MOTOCICLO,PARTICULAR,1,8,2026
7107,SAO PAULO,6076-0,TRANSPOR BLOQUEIO VIARIO POLICIAL,SP,CAMINHONET,PARTICULAR,1,8,2026
7107,SAO PAULO,7234-0,"EM MOVIMENTO, DEIXAR DE MANTER ACESA A LUZ BAIXA DURANTE A NOITE",SP,CAMINHONET,ALUGUEL,2,8,2026
7079,SAO CARLOS,5274-1,UTILIZ VEIC DEMONST/EXIBIR MANOBRA PERIGOSA MEDIANTE ARRANCADA BRUSCA,SP,MOTOCICLO,PARTICULAR,3,8,2026
6713,MOGI DAS CRUZES,7366-2,DIRIGIR VEICULO UTILIZANDO-SE DE TELEFONE CELULAR,SP,MOTOCICLO,PARTICULAR,1,8,2026
7013,SANTA ADELIA,6610-2,CONDUZIR O VEICULO COM CARACTERISTICA ALTERADA,SP,MOTOCICLO,PARTICULAR,1,8,2026
6569,ITATIBA,5738-0,TRANSITAR PELA CONTRAMAO DE DIRECAO EM VIA C/ SINALIZACAO DE REGUL SENTIDO UNICO,SP,AUTOMOVEL,PARTICULAR,1,8,2026
6573,ITIRAPINA,6580-0,CONDUZIR O VEICULO SEM QUALQUER UMA DAS PLACAS DE IDENTIFICACAO,SP,AUTOMOVEL,PARTICULAR,1,8,2026
2957,VARGEM,7765-0,FUGIR O CONDUTOR A ACAO POLICIAL,SP,MOTOCICLO,PARTICULAR,1,8,2026
6441,GETULINA,6530-0,USAR NO VEICULO EQUIP C/ SOM EM VOLUME/FREQUENCIA NAO AUTORIZADOS PELO CONTRAN,SP,AUTOMOVEL,PARTICULAR,2,8,2026
7107,SAO PAULO,6653-2,CONDUZIR O VEICULO COM SILENCIADOR DE MOTOR DEFEITUOSO/DEFICIENTE/INOPERANTE,SP,AUTOMOVEL,PARTICULAR,1,8,2026
7145,SOROCABA,7633-2,Dirigir veiculo manuseando telefone celular,Outras UFs,AUTOMOVEL,PARTICULAR,1,8,2026
6705,MIRANTE DO PARANAPANEMA,6645-0,CONDUZIR O VEICULO COM EQUIP OBRIGATORIO EM DESACORDO COM O ESTAB PELO CONTRAN,SP,ONIBUS,ALUGUEL,1,8,2026
6361,COTIA,5070-1,ENTREGAR VEICULO A PESSOA COM CNH/PPD/ACC CASSADA,SP,MOTONETA,PARTICULAR,1,8,2026
7071,SANTOS,7366-2,DIRIGIR VEICULO UTILIZANDO-SE DE TELEFONE CELULAR,SP,MOTOCICLO,PARTICULAR,1,8,2026
6681,MARILIA,7579-0,"REC SUB TEST, EX CLIN, PERIC OU PROC Q PERM CERT INFL ALC/SUB PSIC FOR ART. 277",SP,AUTOMOVEL,PARTICULAR,1,8,2026
6159,ARAMINA,6726-1,"CONDUZIR O VEICULO EM MAU ESTADO DE CONSERVACAO, COMPROMETENDO A SEGURANCA",SP,AUTOMOVEL,PARTICULAR,1,8,2026
7107,SAO PAULO,7714-1,Cond motoc/moton/ciclom transp pass c/ cap de seg s/ vis/ocul de protecao,SP,MOTONETA,PARTICULAR,1,8,2026
7201,TUPA,6050-2,AVANCAR O SINAL DE PARADA OBRIGATORIA,SP,MOTOCICLO,PARTICULAR,1,8,2026
7107,SAO PAULO,5681-0,TRANSITAR NA FAIXA/PISTA DA DIREITA REGUL CIRCULACAO EXCLUSIVA DETERM VEICULO,SP,CAMINHONET,PARTICULAR,2,8,2026
6181,ATIBAIA,6599-2,CONDUZIR O VEICULO REGISTRADO QUE NAO ESTEJA DEVIDAMENTE LICENCIADO,SP,AUTOMOVEL,PARTICULAR,1,8,2026
7197,TREMEMBE,6599-2,CONDUZIR O VEICULO REGISTRADO QUE NAO ESTEJA DEVIDAMENTE LICENCIADO,SP,MOTOCICLO,PARTICULAR,1,8,2026
6231,BIRITIBA-MIRIM,6726-1,"CONDUZIR O VEICULO EM MAU ESTADO DE CONSERVACAO, COMPROMETENDO A SEGURANCA",SP,AUTOMOVEL,PARTICULAR,1,8,2026
6137,AMPARO,6645-0,CONDUZIR O VEICULO COM EQUIP OBRIGATORIO EM DESACORDO COM O ESTAB PELO CONTRAN,SP,MOTOCICLO,PARTICULAR,1,8,2026
6291,CAMPINAS,5207-0,Dirigir sem atencao ou sem os cuidados indispensaveis a seguranca,Outras UFs,AUTOMOVEL,PARTICULAR,1,8,2026
7107,SAO PAULO,6580-0,CONDUZIR O VEICULO SEM QUALQUER UMA DAS PLACAS DE IDENTIFICACAO,SP,CAMINHAO,ALUGUEL,1,8,2026
7099,SAO JOSE DOS CAMPOS,6670-0,CONDUZIR O VEICULO C/ EQUIP DO SISTEMA DE ILUMINACAO E DE SINALIZACAO ALTERADOS,Outras UFs,MOTOCICLO,PARTICULAR,1,8,2026
6539,ITAJOBI,6653-2,CONDUZIR O VEICULO COM SILENCIADOR DE MOTOR DEFEITUOSO/DEFICIENTE/INOPERANTE,SP,MOTOCICLO,PARTICULAR,1,8,2026
6579,ITU,7234-0,"EM MOVIMENTO, DEIXAR DE MANTER ACESA A LUZ BAIXA DURANTE A NOITE",SP,AUTOMOVEL,PARTICULAR,1,8,2026
6311,CARAGUATATUBA,5169-1,DIRIGIR SOB A INFLUENCIA DE ALCOOL,SP,AUTOMOVEL,PARTICULAR,1,8,2026
7137,SETE BARRAS,5452-2,ESTACIONAR SOBRE FAIXA DESTINADA A PEDESTRE,SP,AUTOMOVEL,PARTICULAR,1,8,2026
6329,CERQUEIRA CESAR,5118-0,PERMITIR POSSE/CONDUCAO DO VEICULO A PESSOA SEM CNH/PPD/ACC,SP,MOTOCICLO,PARTICULAR,1,8,2026
7107,SAO PAULO,5274-1,UTILIZ VEIC DEMONST/EXIBIR MANOBRA PERIGOSA MEDIANTE ARRANCADA BRUSCA,Outras UFs,AUTOMOVEL,PARTICULAR,2,8,2026
7145,SOROCABA,7030-1,Conduzir motoc/moton/ciclom s/ capacete de seguranca,SP,MOTOCICLO,PARTICULAR,1,8,2026
7183,TAUBATE,6599-2,CONDUZIR O VEICULO REGISTRADO QUE NAO ESTEJA DEVIDAMENTE LICENCIADO,SP,MOTONETA,PARTICULAR,1,8,2026
6291,CAMPINAS,7366-2,DIRIGIR VEICULO UTILIZANDO-SE DE TELEFONE CELULAR,SP,MOTOCICLO,PARTICULAR,2,8,2026
7225,VALINHOS,5207-0,Dirigir sem atencao ou sem os cuidados indispensaveis a seguranca,SP,AUTOMOVEL,PARTICULAR,1,8,2026
7107,SAO PAULO,7366-2,DIRIGIR VEICULO UTILIZANDO-SE DE TELEFONE CELULAR,SP,MOTOCICLO,PARTICULAR,3,8,2026
6175,ARTUR NOGUEIRA,5738-0,TRANSITAR PELA CONTRAMAO DE DIRECAO EM VIA C/ SINALIZACAO DE REGUL SENTIDO UNICO,SP,MOTOCICLO,PARTICULAR,1,8,2026
7029,SANTA CRUZ DO RIO PARDO,7749-2,DIRIGIR VEICULO SEM POSSUIR CURSOS ESPECIFICOS OBRIGATORIOS,SP,MOTOCICLO,PARTICULAR,1,8,2026
6113,AGUDOS,6610-2,CONDUZIR O VEICULO COM CARACTERISTICA ALTERADA,SP,MOTOCICLO,PARTICULAR,1,8,2026
6861,PINDAMONHANGABA,5118-0,PERMITIR POSSE/CONDUCAO DO VEICULO A PESSOA SEM CNH/PPD/ACC,SP,AUTOMOVEL,PARTICULAR,2,8,2026
6751,NEVES PAULISTA,7633-1,Dirigir veiculo segurando telefone celular,SP,AUTOMOVEL,PARTICULAR,1,8,2026
6619,JUNDIAI,7340-0,DIRIGIR O VEIC USANDO CALCADO QUE N SE FIRME NOS PES/COMPROMETA UTILIZ PEDAIS,SP,MOTOCICLO,PARTICULAR,1,8,2026
6453,GUAPIARA,6726-1,"CONDUZIR O VEICULO EM MAU ESTADO DE CONSERVACAO, COMPROMETENDO A SEGURANCA",SP,MOTOCICLO,PARTICULAR,1,8,2026
6635,LEME,6599-2,CONDUZIR O VEICULO REGISTRADO QUE NAO ESTEJA DEVIDAMENTE LICENCIADO,SP,MOTONETA,PARTICULAR,2,8,2026
3061,NOVA CAMPINA,5843-2,"Deixar de indicar c/ antec, med gesto de braco/luz indicadora, manobra de parar",SP,AUTOMOVEL,PARTICULAR,1,8,2026
2949,ENGENHEIRO COELHO,7340-0,DIRIGIR O VEIC USANDO CALCADO QUE N SE FIRME NOS PES/COMPROMETA UTILIZ PEDAIS,SP,MOTOCICLO,PARTICULAR,2,8,2026
6181,ATIBAIA,6599-2,CONDUZIR O VEICULO REGISTRADO QUE NAO ESTEJA DEVIDAMENTE LICENCIADO,SP,MOTOCICLO,PARTICULAR,1,8,2026
6177,ARUJA,5274-1,UTILIZ VEIC DEMONST/EXIBIR MANOBRA PERIGOSA MEDIANTE ARRANCADA BRUSCA,SP,MOTOCICLO,PARTICULAR,1,8,2026
7057,SANTO ANDRE,5010-0,DIRIGIR VEICULO SEM POSSUIR CNH/PPD/ACC,SP,UTILITARIO,PARTICULAR,1,8,2026
6475,GUARUJA,5819-1,"TRANSITAR COM O VEICULO EM CALCADAS, PASSEIOS",SP,MOTONETA,PARTICULAR,1,8,2026
7071,SANTOS,5169-1,DIRIGIR SOB A INFLUENCIA DE ALCOOL,SP,AUTOMOVEL,PARTICULAR,1,8,2026
6823,PARDINHO,5045-0,DIRIGIR VEICULO COM VALIDADE DE CNH/PPD VENCIDA HA MAIS DE 30 DIAS,SP,AUTOMOVEL,PARTICULAR,1,8,2026
7107,SAO PAULO,6270-0,DEIXAR DE REDUZIR A VELOC ONDE O TRANSITO ESTEJA SENDO CONTROLADO PELO AGENTE,SP,MOTOCICLO,PARTICULAR,1,8,2026
7107,SAO PAULO,6556-4,CONDUZIR O VEICULO COM A PLACA VIOLADA/FALSIFICADA,SP,AUTOMOVEL,PARTICULAR,1,8,2026
6323,CATANDUVA,5118-0,PERMITIR POSSE/CONDUCAO DO VEICULO A PESSOA SEM CNH/PPD/ACC,SP,AUTOMOVEL,PARTICULAR,1,8,2026
7209,UBATUBA,7048-1,"CONDUZIR MOTOCICLETA, MOTONETA E CICLOMOTOR TRANSPORTANDO PASSAGEIRO S/ CAPACETE",SP,MOTOCICLO,PARTICULAR,1,8,2026
7005,SALTO,5010-0,DIRIGIR VEICULO SEM POSSUIR CNH/PPD/ACC,SP,MOTOCICLO,PARTICULAR,1,8,2026
6945,RANCHARIA,5088-1,ENTREGAR VEICULO A PESSOA COM CNH DE CATEGORIA DIFERENTE DA DO VEICULO,SP,MOTOCICLO,PARTICULAR,1,8,2026
6969,RIBEIRAO PRETO,7544-1,Falta de escrituracao livro registro entrada/saida e de uso placa de experiencia,SP,AUTOMOVEL,PARTICULAR,1,8,2026
7107,SAO PAULO,6041-2,EXECUTAR OPERACAO DE CONVERSAO A ESQUERDA EM LOCAL PROIBIDO PELA SINALIZACAO,SP,MOTOCICLO,PARTICULAR,4,8,2026
6847,PENAPOLIS,7633-1,Dirigir veiculo segurando telefone celular,SP,MOTONETA,PARTICULAR,1,8,2026
6545,ITAPECERICA DA SERRA,6769-0,"CONDUZIR VEIC C/ DEFEITO NO SIST DE ILUMINACAO, SINALIZ OU LAMPADAS QUEIMADAS",SP,MOTOCICLO,PARTICULAR,1,8,2026
6181,ATIBAIA,5010-0,DIRIGIR VEICULO SEM POSSUIR CNH/PPD/ACC,SP,MOTOCICLO,PARTICULAR,1,8,2026
6533,IRAPURU,6769-0,"CONDUZIR VEIC C/ DEFEITO NO SIST DE ILUMINACAO, SINALIZ OU LAMPADAS QUEIMADAS",SP,ONIBUS,OFICIAL,2,8,2026
6877,PIRAJU,7684-2,Cond motoc/moton/ciclom c/ util cap de seg c/ vis/ocul prot des c/ regul Contran,SP,MOTOCICLO,PARTICULAR,1,8,2026
6131,AMERICANA,5185-1,Deixar o condutor de usar o cinto seguranca,SP,CAMIONETA,PARTICULAR,1,8,2026
6543,ITANHAEM,6653-1,CONDUZIR O VEICULO COM DESCARGA LIVRE,SP,MOTOCICLO,PARTICULAR,1,8,2026
6897,POA,6580-0,CONDUZIR O VEICULO SEM QUALQUER UMA DAS PLACAS DE IDENTIFICACAO,SP,AUTOMOVEL,PARTICULAR,1,8,2026
7201,TUPA,5118-0,PERMITIR POSSE/CONDUCAO DO VEICULO A PESSOA SEM CNH/PPD/ACC,SP,MOTOCICLO,PARTICULAR,1,8,2026
2957,VARGEM,6726-1,"CONDUZIR O VEICULO EM MAU ESTADO DE CONSERVACAO, COMPROMETENDO A SEGURANCA",SP,AUTOMOVEL,PARTICULAR,1,8,2026
6477,GUARULHOS,5738-0,TRANSITAR PELA CONTRAMAO DE DIRECAO EM VIA C/ SINALIZACAO DE REGUL SENTIDO UNICO,SP,MOTONETA,PARTICULAR,1,8,2026
6545,ITAPECERICA DA SERRA,5169-1,DIRIGIR SOB A INFLUENCIA DE ALCOOL,SP,AUTOMOVEL,PARTICULAR,1,8,2026
7107,SAO PAULO,5266-3,PARTICIPAR COMO CONDUTOR EXIB/DEMONST PERICIA EM MANOBRA DE VEIC S/ PERMISSAO,SP,AUTOMOVEL,PARTICULAR,1,8,2026
7083,SAO JOAO DA BOA VISTA,5185-1,Deixar o condutor de usar o cinto seguranca,SP,CAMINHONET,PARTICULAR,1,8,2026
6857,PIEDADE,5118-0,PERMITIR POSSE/CONDUCAO DO VEICULO A PESSOA SEM CNH/PPD/ACC,SP,MOTOCICLO,PARTICULAR,1,8,2026
6223,BENTO DE ABREU,6599-2,CONDUZIR O VEICULO REGISTRADO QUE NAO ESTEJA DEVIDAMENTE LICENCIADO,SP,CAMINHONET,PARTICULAR,1,8,2026
6981,RIO DAS PEDRAS,6530-0,USAR NO VEICULO EQUIP C/ SOM EM VOLUME/FREQUENCIA NAO AUTORIZADOS PELO CONTRAN,SP,CAMINHONET,PARTICULAR,1,8,2026
7107,SAO PAULO,5045-0,DIRIGIR VEICULO COM VALIDADE DE CNH/PPD VENCIDA HA MAIS DE 30 DIAS,SP,CAMINHONET,PARTICULAR,2,8,2026
6467,GUARAREMA,5029-2,DIRIGIR VEICULO COM CNH/PPD/ACC COM SUSPENSAO DO DIREITO DE DIRIGIR,SP,UTILITARIO,PARTICULAR,1,8,2026
6579,ITU,5118-0,PERMITIR POSSE/CONDUCAO DO VEICULO A PESSOA SEM CNH/PPD/ACC,Outras UFs,MOTOCICLO,PARTICULAR,1,8,2026
6425,FRANCA,5185-1,Deixar o condutor de usar o cinto seguranca,SP,CAMINHONET,PARTICULAR,1,8,2026
7143,SOCORRO,7579-0,"REC SUB TEST, EX CLIN, PERIC OU PROC Q PERM CERT INFL ALC/SUB PSIC FOR ART. 277",SP,AUTOMOVEL,PARTICULAR,1,8,2026
6429,FRANCO DA ROCHA,5185-1,Deixar o condutor de usar o cinto seguranca,SP,CAMIONETA,PARTICULAR,2,8,2026
6409,FARTURA,5835-0,Desobedecer as ordens emanadas da autorid compet de transito ou de seus agentes,Outras UFs,AUTOMOVEL,PARTICULAR,1,8,2026
7109,SAO PEDRO,7579-0,"REC SUB TEST, EX CLIN, PERIC OU PROC Q PERM CERT INFL ALC/SUB PSIC FOR ART. 277",SP,AUTOMOVEL,PARTICULAR,2,8,2026
6131,AMERICANA,5185-1,Deixar o condutor de usar o cinto seguranca,SP,AUTOMOVEL,PARTICULAR,1,8,2026
6863,PINDORAMA,5843-3,"Deixar de indicar c/ antec, med gesto de braco/luz indicadora, mudanca direcao",SP,MOTOCICLO,PARTICULAR,1,8,2026
6313,CARAPICUIBA,5991-0,EXECUTAR OPERACAO DE RETORNO EM LOCAIS PROIBIDOS PELA SINALIZACAO,SP,MOTOCICLO,PARTICULAR,1,8,2026
6387,DOURADO,5215-2,Dirigir ameacando os demais veiculos,SP,MOTOCICLO,PARTICULAR,1,8,2026
6301,CANDIDO MOTA,6599-2,CONDUZIR O VEICULO REGISTRADO QUE NAO ESTEJA DEVIDAMENTE LICENCIADO,SP,AUTOMOVEL,PARTICULAR,1,8,2026
6251,BRAGANCA PAULISTA,5797-0,FORCAR PASSAGEM ENTRE VEICS TRANS SENT OPOSTOS NA IMINENCIA REALIZ ULTRAPASSAGEM,SP,MOTOCICLO,PARTICULAR,1,8,2026
7057,SANTO ANDRE,5185-1,Deixar o condutor de usar o cinto seguranca,SP,UTILITARIO,PARTICULAR,1,8,2026
7097,SAO JOSE DO RIO PRETO,5215-2,Dirigir ameacando os demais veiculos,SP,MOTOCICLO,PARTICULAR,1,8,2026
6411,FERNANDOPOLIS,5045-0,DIRIGIR VEICULO COM VALIDADE DE CNH/PPD VENCIDA HA MAIS DE 30 DIAS,SP,MOTOCICLO,PARTICULAR,1,8,2026
6595,JAGUARIUNA,7048-1,"CONDUZIR MOTOCICLETA, MOTONETA E CICLOMOTOR TRANSPORTANDO PASSAGEIRO S/ CAPACETE",SP,MOTOCICLO,PARTICULAR,1,8,2026
6101,ADAMANTINA,5169-1,DIRIGIR SOB A INFLUENCIA DE ALCOOL,SP,CAMIONETA,PARTICULAR,1,8,2026
6813,PARAIBUNA,5045-0,DIRIGIR VEICULO COM VALIDADE DE CNH/PPD VENCIDA HA MAIS DE 30 DIAS,SP,AUTOMOVEL,PARTICULAR,1,8,2026
6549,ITAPEVA,6599-2,CONDUZIR O VEICULO REGISTRADO QUE NAO ESTEJA DEVIDAMENTE LICENCIADO,SP,MOTOCICLO,PARTICULAR,1,8,2026
6273,CACHOEIRA PAULISTA,5185-1,Deixar o condutor de usar o cinto seguranca,SP,AUTOMOVEL,PARTICULAR,1,8,2026
6425,FRANCA,7633-2,Dirigir veiculo manuseando telefone celular,SP,CAMINHONET,PARTICULAR,1,8,2026
6857,PIEDADE,5819-1,"TRANSITAR COM O VEICULO EM CALCADAS, PASSEIOS",SP,MOTOCICLO,PARTICULAR,1,8,2026
6415,FERRAZ DE VASCONCELOS,7056-1,CONDUZIR MOTOC/MOTON/CICLOMOTOR FAZENDO MALABARISMO/EQUILIBRANDO-SE EM UMA RODA,SP,MOTOCICLO,PARTICULAR,1,8,2026
6551,ITAPEVI,5193-0,Transportar crianca sem observancia das normas de seguranca estabelecidas p/ CTB,SP,AUTOMOVEL,PARTICULAR,1,8,2026
7145,SOROCABA,6530-0,USAR NO VEICULO EQUIP C/ SOM EM VOLUME/FREQUENCIA NAO AUTORIZADOS PELO CONTRAN,Outras UFs,AUTOMOVEL,PARTICULAR,1,8,2026
7057,SANTO ANDRE,5185-2,Deixar o passageiro de usar o cinto seguranca,SP,CAMINHONET,PARTICULAR,1,8,2026
6789,OSASCO,6726-1,"CONDUZIR O VEICULO EM MAU ESTADO DE CONSERVACAO, COMPROMETENDO A SEGURANCA",SP,MOTOCICLO,PARTICULAR,2,8,2026
6307,CAPELA DO ALTO,7579-0,"REC SUB TEST, EX CLIN, PERIC OU PROC Q PERM CERT INFL ALC/SUB PSIC FOR ART. 277",SP,MOTOCICLO,PARTICULAR,1,8,2026
7135,SERTAOZINHO,7340-0,DIRIGIR O VEIC USANDO CALCADO QUE N SE FIRME NOS PES/COMPROMETA UTILIZ PEDAIS,SP,MOTOCICLO,PARTICULAR,3,8,2026
6221,BEBEDOURO,6599-2,CONDUZIR O VEICULO REGISTRADO QUE NAO ESTEJA DEVIDAMENTE LICENCIADO,SP,MOTOCICLO,PARTICULAR,1,8,2026
6179,ASSIS,6726-1,"CONDUZIR O VEICULO EM MAU ESTADO DE CONSERVACAO, COMPROMETENDO A SEGURANCA",SP,AUTOMOVEL,PARTICULAR,2,8,2026
6165,ARARAS,5274-1,UTILIZ VEIC DEMONST/EXIBIR MANOBRA PERIGOSA MEDIANTE ARRANCADA BRUSCA,SP,AUTOMOVEL,PARTICULAR,1,8,2026
6291,CAMPINAS,7048-1,"CONDUZIR MOTOCICLETA, MOTONETA E CICLOMOTOR TRANSPORTANDO PASSAGEIRO S/ CAPACETE",SP,MOTONETA,PARTICULAR,2,8,2026
6931,PRESIDENTE VENCESLAU,5045-0,DIRIGIR VEICULO COM VALIDADE DE CNH/PPD VENCIDA HA MAIS DE 30 DIAS,SP,MOTOCICLO,PARTICULAR,1,8,2026
2957,VARGEM,7056-1,CONDUZIR MOTOC/MOTON/CICLOMOTOR FAZENDO MALABARISMO/EQUILIBRANDO-SE EM UMA RODA,Outras UFs,MOTOCICLO,PARTICULAR,1,8,2026
6715,MOGI-GUACU,6769-0,"CONDUZIR VEIC C/ DEFEITO NO SIST DE ILUMINACAO, SINALIZ OU LAMPADAS QUEIMADAS",SP,MOTOCICLO,PARTICULAR,1,8,2026
7095,SAO JOSE DO RIO PARDO,6645-0,CONDUZIR O VEICULO COM EQUIP OBRIGATORIO EM DESACORDO COM O ESTAB PELO CONTRAN,SP,MOTOCICLO,PARTICULAR,2,8,2026
6555,ITAPOLIS,5274-1,UTILIZ VEIC DEMONST/EXIBIR MANOBRA PERIGOSA MEDIANTE ARRANCADA BRUSCA,SP,MOTOCICLO,PARTICULAR,1,8,2026
6689,MAUA,6637-1,CONDUZIR O VEICULO SEM EQUIPAMENTO OBRIGATORIO,SP,MOTOCICLO,PARTICULAR,1,8,2026
6789,OSASCO,5207-0,Dirigir sem atencao ou sem os cuidados indispensaveis a seguranca,SP,MOTOCICLO,PARTICULAR,2,8,2026
6469,GUARATINGUETA,6599-2,CONDUZIR O VEICULO REGISTRADO QUE NAO ESTEJA DEVIDAMENTE LICENCIADO,SP,UTILITARIO,PARTICULAR,1,8,2026
6963,RIBEIRAO CORRENTE,5010-0,DIRIGIR VEICULO SEM POSSUIR CNH/PPD/ACC,SP,AUTOMOVEL,PARTICULAR,1,8,2026
6711,MOCOCA,7234-0,"EM MOVIMENTO, DEIXAR DE MANTER ACESA A LUZ BAIXA DURANTE A NOITE",SP,MOTOCICLO,PARTICULAR,1,8,2026
6293,CAMPO LIMPO PAULISTA,5185-1,Deixar o condutor de usar o cinto seguranca,SP,AUTOMOVEL,PARTICULAR,1,8,2026
6639,LIMEIRA,5207-0,Dirigir sem atencao ou sem os cuidados indispensaveis a seguranca,SP,AUTOMOVEL,PARTICULAR,1,8,2026
7097,SAO JOSE DO RIO PRETO,6726-1,"CONDUZIR O VEICULO EM MAU ESTADO DE CONSERVACAO, COMPROMETENDO A SEGURANCA",SP,AUTOMOVEL,PARTICULAR,1,8,2026
7267,TARUMA,6530-0,USAR NO VEICULO EQUIP C/ SOM EM VOLUME/FREQUENCIA NAO AUTORIZADOS PELO CONTRAN,SP,CAMINHONET,PARTICULAR,2,8,2026
6467,GUARAREMA,6408-0,PORTAR NO VEICULO PLACAS DE IDENTIFICACAO EM DESACORDO C/ ESPECIF/MODELO CONTRAN,SP,MOTOCICLO,PARTICULAR,1,8,2026
6313,CARAPICUIBA,7374-0,BLOQUEAR A VIA COM VEICULO,SP,AUTOMOVEL,PARTICULAR,1,8,2026
2951,HORTOLANDIA,7684-2,Cond motoc/moton/ciclom c/ util cap de seg c/ vis/ocul prot des c/ regul Contran,SP,MOTOCICLO,PARTICULAR,2,8,2026
7107,SAO PAULO,6610-2,CONDUZIR O VEICULO COM CARACTERISTICA ALTERADA,SP,MOTOCICLO,PARTICULAR,1,8,2026
7239,VIRADOURO,5169-1,DIRIGIR SOB A INFLUENCIA DE ALCOOL,SP,AUTOMOVEL,PARTICULAR,1,8,2026
6221,BEBEDOURO,6726-1,"CONDUZIR O VEICULO EM MAU ESTADO DE CONSERVACAO, COMPROMETENDO A SEGURANCA",SP,CAMINHONET,PARTICULAR,1,8,2026
6219,BAURU,7633-1,Dirigir veiculo segurando telefone celular,SP,UTILITARIO,PARTICULAR,2,8,2026
2949,ENGENHEIRO COELHO,7056-1,CONDUZIR MOTOC/MOTON/CICLOMOTOR FAZENDO MALABARISMO/EQUILIBRANDO-SE EM UMA RODA,SP,MOTOCICLO,PARTICULAR,1,8,2026
6477,GUARULHOS,5215-2,Dirigir ameacando os demais veiculos,SP,MOTOCICLO,PARTICULAR,1,8,2026
6861,PINDAMONHANGABA,5371-0,TER SEU VEICULO IMOBILIZADO NA VIA POR FALTA DE COMBUSTIVEL,SP,AUTOMOVEL,PARTICULAR,1,8,2026
6425,FRANCA,6408-0,PORTAR NO VEICULO PLACAS DE IDENTIFICACAO EM DESACORDO C/ ESPECIF/MODELO CONTRAN,SP,AUTOMOVEL,PARTICULAR,1,8,2026
7107,SAO PAULO,7749-2,DIRIGIR VEICULO SEM POSSUIR CURSOS ESPECIFICOS OBRIGATORIOS,SP,UTILITARIO,PARTICULAR,1,8,2026
7107,SAO PAULO,5878-0,"ULTRAPASSAR PELA DIREITA, SALVO QDO VEIC DA FRENTE DER SINAL P/ ENTRAR ESQUERDA",SP,MOTOCICLO,PARTICULAR,1,8,2026
6455,GUARA,7366-2,DIRIGIR VEICULO UTILIZANDO-SE DE TELEFONE CELULAR,SP,AUTOMOVEL,PARTICULAR,1,8,2026
6931,PRESIDENTE VENCESLAU,5207-0,Dirigir sem atencao ou sem os cuidados indispensaveis a seguranca,SP,MOTOCICLO,PARTICULAR,1,8,2026
6357,COSMOPOLIS,5118-0,PERMITIR POSSE/CONDUCAO DO VEICULO A PESSOA SEM CNH/PPD/ACC,SP,AUTOMOVEL,PARTICULAR,1,8,2026
6313,CARAPICUIBA,5231-1,ATIRAR DO VEICULO OBJETOS OU SUBSTANCIAS,SP,AUTOMOVEL,PARTICULAR,1,8,2026
7135,SERTAOZINHO,6637-1,CONDUZIR O VEICULO SEM EQUIPAMENTO OBRIGATORIO,SP,MOTOCICLO,PARTICULAR,1,8,2026
7243,VOTORANTIM,7773-2,ENTREGAR VEICULO A PESSOA SEM POSSUIR CURSOS ESPECIFICOS OBRIGATORIOS,SP,MOTOCICLO,PARTICULAR,1,8,2026
6425,FRANCA,5045-0,DIRIGIR VEICULO COM VALIDADE DE CNH/PPD VENCIDA HA MAIS DE 30 DIAS,SP,AUTOMOVEL,PARTICULAR,1,8,2026
6175,ARTUR NOGUEIRA,5169-1,DIRIGIR SOB A INFLUENCIA DE ALCOOL,SP,AUTOMOVEL,PARTICULAR,1,8,2026
6197,BANANAL,5010-0,DIRIGIR VEICULO SEM POSSUIR CNH/PPD/ACC,Outras UFs,MOTOCICLO,PARTICULAR,1,8,2026
7145,SOROCABA,7340-0,DIRIGIR O VEIC USANDO CALCADO QUE N SE FIRME NOS PES/COMPROMETA UTILIZ PEDAIS,SP,MOTONETA,PARTICULAR,1,8,2026
6713,MOGI DAS CRUZES,7056-1,CONDUZIR MOTOC/MOTON/CICLOMOTOR FAZENDO MALABARISMO/EQUILIBRANDO-SE EM UMA RODA,SP,MOTOCICLO,PARTICULAR,1,8,2026
6291,CAMPINAS,7030-1,Conduzir motoc/moton/ciclom s/ capacete de seguranca,SP,MOTOCICLO,PARTICULAR,2,8,2026
6203,BARIRI,7579-0,"REC SUB TEST, EX CLIN, PERIC OU PROC Q PERM CERT INFL ALC/SUB PSIC FOR ART. 277",SP,CAMINHONET,PARTICULAR,1,8,2026
6197,BANANAL,6530-0,USAR NO VEICULO EQUIP C/ SOM EM VOLUME/FREQUENCIA NAO AUTORIZADOS PELO CONTRAN,SP,AUTOMOVEL,PARTICULAR,1,8,2026
6337,CHAVANTES,6726-1,"CONDUZIR O VEICULO EM MAU ESTADO DE CONSERVACAO, COMPROMETENDO A SEGURANCA",SP,AUTOMOVEL,PARTICULAR,1,8,2026
6473,GUARIBA,6050-2,AVANCAR O SINAL DE PARADA OBRIGATORIA,SP,MOTOCICLO,PARTICULAR,1,8,2026
6411,FERNANDOPOLIS,7579-0,"REC SUB TEST, EX CLIN, PERIC OU PROC Q PERM CERT INFL ALC/SUB PSIC FOR ART. 277",SP,MOTONETA,PARTICULAR,1,8,2026
6529,IRACEMAPOLIS,7030-1,Conduzir motoc/moton/ciclom s/ capacete de seguranca,SP,MOTOCICLO,PARTICULAR,1,8,2026
2959,ESTIVA GERBI,5185-1,Deixar o condutor de usar o cinto seguranca,SP,CAMINHONET,ALUGUEL,1,8,2026
6563,ITAQUAQUECETUBA,6050-1,AVAN O SIN VERM DO SEMAF EXC SE HOUVER SINALIZ PERM LIVRE CONV A DIR,SP,MOTOCICLO,PARTICULAR,1,8,2026
7077,SAO CAETANO DO SUL,5070-2,ENTREGAR VEICULO A PESSOA COM CNH/PPD/ACC COM SUSP. DO DIREITO DE DIRIGIR,SP,UTILITARIO,PARTICULAR,1,8,2026
6687,MATAO,6050-1,AVAN O SIN VERM DO SEMAF EXC SE HOUVER SINALIZ PERM LIVRE CONV A DIR,SP,AUTOMOVEL,PARTICULAR,1,8,2026
6811,PARAGUACU PAULISTA,6637-2,CONDUZIR O VEICULO COM EQUIPAMENTO OBRIGATORIO INEFICIENTE/INOPERANTE,SP,AUTOMOVEL,PARTICULAR,1,8,2026
6225,BERNARDINO DE CAMPOS,5010-0,DIRIGIR VEICULO SEM POSSUIR CNH/PPD/ACC,SP,MOTOCICLO,PARTICULAR,1,8,2026
7057,SANTO ANDRE,6050-1,AVAN O SIN VERM DO SEMAF EXC SE HOUVER SINALIZ PERM LIVRE CONV A DIR,SP,MOTOCICLO,PARTICULAR,1,8,2026
6551,ITAPEVI,5274-1,UTILIZ VEIC DEMONST/EXIBIR MANOBRA PERIGOSA MEDIANTE ARRANCADA BRUSCA,SP,MOTOCICLO,PARTICULAR,1,8,2026
6601,JANDIRA,5029-2,DIRIGIR VEICULO COM CNH/PPD/ACC COM SUSPENSAO DO DIREITO DE DIRIGIR,SP,AUTOMOVEL,PARTICULAR,1,8,2026
6179,ASSIS,7633-1,Dirigir veiculo segurando telefone celular,Outras UFs,MOTOCICLO,PARTICULAR,1,8,2026
7039,SANTA LUCIA,5010-0,DIRIGIR VEICULO SEM POSSUIR CNH/PPD/ACC,SP,MOTOCICLO,PARTICULAR,1,8,2026
6219,BAURU,6580-0,CONDUZIR O VEICULO SEM QUALQUER UMA DAS PLACAS DE IDENTIFICACAO,SP,MOTOCICLO,PARTICULAR,1,8,2026
6875,PIRACICABA,6530-0,USAR NO VEICULO EQUIP C/ SOM EM VOLUME/FREQUENCIA NAO AUTORIZADOS PELO CONTRAN,SP,AUTOMOVEL,PARTICULAR,1,8,2026
6889,PIRATININGA,6599-2,CONDUZIR O VEICULO REGISTRADO QUE NAO ESTEJA DEVIDAMENTE LICENCIADO,SP,AUTOMOVEL,PARTICULAR,1,8,2026
6451,GUAPIACU,5118-0,PERMITIR POSSE/CONDUCAO DO VEICULO A PESSOA SEM CNH/PPD/ACC,SP,MOTONETA,PARTICULAR,1,8,2026
6289,CAJURU,7366-2,DIRIGIR VEICULO UTILIZANDO-SE DE TELEFONE CELULAR,SP,CAMINHONET,PARTICULAR,1,8,2026
6645,LORENA,7684-2,Cond motoc/moton/ciclom c/ util cap de seg c/ vis/ocul prot des c/ regul Contran,SP,MOTOCICLO,PARTICULAR,1,8,2026
7157,TABOAO DA SERRA,6726-1,"CONDUZIR O VEICULO EM MAU ESTADO DE CONSERVACAO, COMPROMETENDO A SEGURANCA",SP,AUTOMOVEL,PARTICULAR,1,8,2026
6137,AMPARO,5118-0,PERMITIR POSSE/CONDUCAO DO VEICULO A PESSOA SEM CNH/PPD/ACC,SP,MOTOCICLO,PARTICULAR,1,8,2026
6179,ASSIS,5045-0,DIRIGIR VEICULO COM VALIDADE DE CNH/PPD VENCIDA HA MAIS DE 30 DIAS,SP,AUTOMOVEL,PARTICULAR,1,8,2026
7227,VALPARAISO,5010-0,DIRIGIR VEICULO SEM POSSUIR CNH/PPD/ACC,SP,MOTOCICLO,PARTICULAR,1,8,2026
6377,DIADEMA,7617-2,"USAR QQ VEICULO PARA, DELIB, RESTRINGIR CIRCULACAO NA VIA SEM AUT DO ORGAO",SP,AUTOMOVEL,PARTICULAR,1,8,2026
7025,SANTA CRUZ DA CONCEICAO,6599-2,CONDUZIR O VEICULO REGISTRADO QUE NAO ESTEJA DEVIDAMENTE LICENCIADO,SP,AUTOMOVEL,PARTICULAR,1,8,2026
6113,AGUDOS,5010-0,DIRIGIR VEICULO SEM POSSUIR CNH/PPD/ACC,SP,MOTOCICLO,PARTICULAR,1,8,2026
7017,SANTA BARBARA DO OESTE,5118-0,PERMITIR POSSE/CONDUCAO DO VEICULO A PESSOA SEM CNH/PPD/ACC,SP,AUTOMOVEL,PARTICULAR,1,8,2026
6219,BAURU,6610-2,CONDUZIR O VEICULO COM CARACTERISTICA ALTERADA,SP,AUTOMOVEL,PARTICULAR,1,8,2026
6379,DIVINOLANDIA,5193-0,Transportar crianca sem observancia das normas de seguranca estabelecidas p/ CTB,SP,AUTOMOVEL,PARTICULAR,1,8,2026
6681,MARILIA,6050-1,AVAN O SIN VERM DO SEMAF EXC SE HOUVER SINALIZ PERM LIVRE CONV A DIR,SP,CAMINHONET,PARTICULAR,1,8,2026
6873,PIRACAIA,6599-2,CONDUZIR O VEICULO REGISTRADO QUE NAO ESTEJA DEVIDAMENTE LICENCIADO,SP,AUTOMOVEL,PARTICULAR,1,8,2026
6511,INDAIATUBA,6599-2,CONDUZIR O VEICULO REGISTRADO QUE NAO ESTEJA DEVIDAMENTE LICENCIADO,SP,CAMINHONET,PARTICULAR,1,8,2026
7169,TANABI,6769-0,"CONDUZIR VEIC C/ DEFEITO NO SIST DE ILUMINACAO, SINALIZ OU LAMPADAS QUEIMADAS",SP,C. TRATOR,APRENDIZAGEM,1,8,2026
7107,SAO PAULO,5010-0,DIRIGIR VEICULO SEM POSSUIR CNH/PPD/ACC,SP,MICROONIB,PARTICULAR,1,8,2026
7157,TABOAO DA SERRA,7617-1,"USAR QQ VEICULO PARA, DELIB, INTERROMPER CIRCULACAO NA VIA SEM AUT DO ORGAO",SP,MOTOCICLO,PARTICULAR,1,8,2026
6165,ARARAS,5118-0,PERMITIR POSSE/CONDUCAO DO VEICULO A PESSOA SEM CNH/PPD/ACC,SP,AUTOMOVEL,PARTICULAR,1,8,2026
6377,DIADEMA,6912-0,CONDUZIR VEICULO SEM OS DOCUMENTOS DE PORTE OBRIGATORIO REFERIDOS NO CTB,SP,MOTOCICLO,PARTICULAR,1,8,2026
6209,BARRETOS,5835-0,Desobedecer as ordens emanadas da autorid compet de transito ou de seus agentes,SP,MOTOCICLO,PARTICULAR,1,8,2026
6681,MARILIA,5010-0,DIRIGIR VEICULO SEM POSSUIR CNH/PPD/ACC,Outras UFs,MOTOCICLO,PARTICULAR,1,8,2026
6715,MOGI-GUACU,6610-2,CONDUZIR O VEICULO COM CARACTERISTICA ALTERADA,SP,MOTOCICLO,PARTICULAR,1,8,2026
7099,SAO JOSE DOS CAMPOS,5797-0,FORCAR PASSAGEM ENTRE VEICS TRANS SENT OPOSTOS NA IMINENCIA REALIZ ULTRAPASSAGEM,SP,MOTOCICLO,PARTICULAR,1,8,2026
7107,SAO PAULO,6920-3,"Deixar de efetuar reg de veic em 30 dias, qdo for alterada qquer caract do veic",SP,ONIBUS,PARTICULAR,1,8,2026
7273,VARGEM GRANDE PAULISTA,5274-1,UTILIZ VEIC DEMONST/EXIBIR MANOBRA PERIGOSA MEDIANTE ARRANCADA BRUSCA,SP,MOTOCICLO,PARTICULAR,1,8,2026
6875,PIRACICABA,5126-1,PERMITIR POSSE/CONDUCAO DO VEICULO A PESSOA COM CNH/PPD/ACC CASSADA,SP,MOTOCICLO,PARTICULAR,1,8,2026
6427,FRANCISCO MORATO,7684-2,Cond motoc/moton/ciclom c/ util cap de seg c/ vis/ocul prot des c/ regul Contran,SP,MOTOCICLO,PARTICULAR,1,8,2026
7095,SAO JOSE DO RIO PARDO,5118-0,PERMITIR POSSE/CONDUCAO DO VEICULO A PESSOA SEM CNH/PPD/ACC,SP,MOTONETA,PARTICULAR,1,8,2026
6897,POA,5185-1,Deixar o condutor de usar o cinto seguranca,Outras UFs,C. TRATOR,ALUGUEL,1,8,2026
6557,ITAPORANGA,7366-2,DIRIGIR VEICULO UTILIZANDO-SE DE TELEFONE CELULAR,SP,AUTOMOVEL,PARTICULAR,1,8,2026
6453,GUAPIARA,6653-2,CONDUZIR O VEICULO COM SILENCIADOR DE MOTOR DEFEITUOSO/DEFICIENTE/INOPERANTE,SP,MOTOCICLO,PARTICULAR,1,8,2026
6969,RIBEIRAO PRETO,5207-0,Dirigir sem atencao ou sem os cuidados indispensaveis a seguranca,SP,MOTOCICLO,PARTICULAR,1,8,2026
6233,BOA ESPERANCA DO SUL,5657-0,PARAR NA CONTRAMAO DE DIRECAO,SP,CAMINHONET,PARTICULAR,1,8,2026
6335,CHARQUEADA,6599-2,CONDUZIR O VEICULO REGISTRADO QUE NAO ESTEJA DEVIDAMENTE LICENCIADO,SP,AUTOMOVEL,PARTICULAR,1,8,2026
6711,MOCOCA,5096-0,ENTREGAR VEICULO A PESSOA COM CNH/PPD VENCIDA HA MAIS DE 30 DIAS,SP,AUTOMOVEL,PARTICULAR,1,8,2026
7167,TAMBAU,6599-2,CONDUZIR O VEICULO REGISTRADO QUE NAO ESTEJA DEVIDAMENTE LICENCIADO,SP,AUTOMOVEL,PARTICULAR,1,8,2026
6867,PINHALZINHO,6653-2,CONDUZIR O VEICULO COM SILENCIADOR DE MOTOR DEFEITUOSO/DEFICIENTE/INOPERANTE,SP,MOTONETA,PARTICULAR,1,8,2026
6405,ESTRELA D OESTE,5010-0,DIRIGIR VEICULO SEM POSSUIR CNH/PPD/ACC,SP,MOTOCICLO,PARTICULAR,1,8,2026
6493,IBITINGA,5045-0,DIRIGIR VEICULO COM VALIDADE DE CNH/PPD VENCIDA HA MAIS DE 30 DIAS,SP,CAMINHONET,PARTICULAR,1,8,2026
6261,BURI,6726-1,"CONDUZIR O VEICULO EM MAU ESTADO DE CONSERVACAO, COMPROMETENDO A SEGURANCA",SP,AUTOMOVEL,PARTICULAR,1,8,2026
6689,MAUA,5010-0,DIRIGIR VEICULO SEM POSSUIR CNH/PPD/ACC,SP,AUTOMOVEL,PARTICULAR,2,8,2026
6401,EMBU DAS ARTES,6599-2,CONDUZIR O VEICULO REGISTRADO QUE NAO ESTEJA DEVIDAMENTE LICENCIADO,SP,AUTOMOVEL,PARTICULAR,2,8,2026
6987,ROSEIRA,5835-0,Desobedecer as ordens emanadas da autorid compet de transito ou de seus agentes,SP,MOTOCICLO,PARTICULAR,1,8,2026
7057,SANTO ANDRE,5029-2,DIRIGIR VEICULO COM CNH/PPD/ACC COM SUSPENSAO DO DIREITO DE DIRIGIR,SP,MOTOCICLO,PARTICULAR,1,8,2026
6681,MARILIA,6408-0,PORTAR NO VEICULO PLACAS DE IDENTIFICACAO EM DESACORDO C/ ESPECIF/MODELO CONTRAN,SP,MOTOCICLO,PARTICULAR,1,8,2026
6281,CAIEIRAS,5029-2,DIRIGIR VEICULO COM CNH/PPD/ACC COM SUSPENSAO DO DIREITO DE DIRIGIR,SP,MOTOCICLO,PARTICULAR,1,8,2026
6921,PRAIA GRANDE,5088-1,ENTREGAR VEICULO A PESSOA COM CNH DE CATEGORIA DIFERENTE DA DO VEICULO,SP,AUTOMOVEL,PARTICULAR,1,8,2026
6369,CRUZEIRO,5185-1,Deixar o condutor de usar o cinto seguranca,SP,AUTOMOVEL,PARTICULAR,1,8,2026
6401,EMBU DAS ARTES,5835-0,Desobedecer as ordens emanadas da autorid compet de transito ou de seus agentes,SP,AUTOMOVEL,PARTICULAR,1,8,2026
6931,PRESIDENTE VENCESLAU,5207-0,Dirigir sem atencao ou sem os cuidados indispensaveis a seguranca,SP,UTILITARIO,PARTICULAR,1,8,2026
6369,CRUZEIRO,6955-0,REBOCAR OUTRO VEICULO COM CABO FLEXIVEL OU CORDA,SP,AUTOMOVEL,PARTICULAR,1,8,2026
7201,TUPA,6599-2,CONDUZIR O VEICULO REGISTRADO QUE NAO ESTEJA DEVIDAMENTE LICENCIADO,SP,REBOQUE,PARTICULAR,1,8,2026
6451,GUAPIACU,7048-1,"CONDUZIR MOTOCICLETA, MOTONETA E CICLOMOTOR TRANSPORTANDO PASSAGEIRO S/ CAPACETE",SP,MOTOCICLO,PARTICULAR,1,8,2026
6451,GUAPIACU,6564-0,CONDUZIR O VEICULO TRANSPORTANDO PASSAGEIROS EM COMPARTIMENTO DE CARGA,SP,CAMINHONET,PARTICULAR,1,8,2026
6181,ATIBAIA,6556-4,CONDUZIR O VEICULO COM A PLACA VIOLADA/FALSIFICADA,SP,MICROONIB,ALUGUEL,1,8,2026
6859,PILAR DO SUL,5010-0,DIRIGIR VEICULO SEM POSSUIR CNH/PPD/ACC,SP,MOTOCICLO,PARTICULAR,1,8,2026
6795,OURINHOS,5118-0,PERMITIR POSSE/CONDUCAO DO VEICULO A PESSOA SEM CNH/PPD/ACC,Outras UFs,AUTOMOVEL,PARTICULAR,1,8,2026
7107,SAO PAULO,6050-3,AVAN O SIN VERM DO SEMAF EXC SE HOUVER SINALIZ PERM LIVRE CONV A DIR -FISC ELETR,SP,UTILITARIO,PARTICULAR,1,8,2026
6429,FRANCO DA ROCHA,5185-1,Deixar o condutor de usar o cinto seguranca,Outras UFs,AUTOMOVEL,PARTICULAR,1,8,2026
7183,TAUBATE,7366-2,DIRIGIR VEICULO UTILIZANDO-SE DE TELEFONE CELULAR,SP,MOTONETA,PARTICULAR,1,8,2026
3065,ALUMINIO,5010-0,DIRIGIR VEICULO SEM POSSUIR CNH/PPD/ACC,SP,MOTOCICLO,PARTICULAR,1,8,2026
6545,ITAPECERICA DA SERRA,5070-2,ENTREGAR VEICULO A PESSOA COM CNH/PPD/ACC COM SUSP. DO DIREITO DE DIRIGIR,Outras UFs,AUTOMOVEL,,1,8,2026
6877,PIRAJU,6599-2,CONDUZIR O VEICULO REGISTRADO QUE NAO ESTEJA DEVIDAMENTE LICENCIADO,SP,AUTOMOVEL,PARTICULAR,1,8,2026
6687,MATAO,5045-0,DIRIGIR VEICULO COM VALIDADE DE CNH/PPD VENCIDA HA MAIS DE 30 DIAS,SP,CAMINHONET,PARTICULAR,1,8,2026
6313,CARAPICUIBA,6637-1,CONDUZIR O VEICULO SEM EQUIPAMENTO OBRIGATORIO,SP,MOTOCICLO,PARTICULAR,1,8,2026
6409,FARTURA,6050-2,AVANCAR O SINAL DE PARADA OBRIGATORIA,SP,AUTOMOVEL,PARTICULAR,1,8,2026
2949,ENGENHEIRO COELHO,7684-2,Cond motoc/moton/ciclom c/ util cap de seg c/ vis/ocul prot des c/ regul Contran,SP,MOTOCICLO,PARTICULAR,1,8,2026
6727,MONTE ALTO,7579-0,"REC SUB TEST, EX CLIN, PERIC OU PROC Q PERM CERT INFL ALC/SUB PSIC FOR ART. 277",SP,AUTOMOVEL,PARTICULAR,1,8,2026
7075,SAO BERNARDO DO CAMPO,5029-2,DIRIGIR VEICULO COM CNH/PPD/ACC COM SUSPENSAO DO DIREITO DE DIRIGIR,SP,AUTOMOVEL,PARTICULAR,1,8,2026
6939,QUELUZ,7234-0,"EM MOVIMENTO, DEIXAR DE MANTER ACESA A LUZ BAIXA DURANTE A NOITE",SP,AUTOMOVEL,PARTICULAR,1,8,2026
6163,ARARAQUARA,6050-1,AVAN O SIN VERM DO SEMAF EXC SE HOUVER SINALIZ PERM LIVRE CONV A DIR,SP,MOTOCICLO,PARTICULAR,1,8,2026
6489,IBIRA,6599-2,CONDUZIR O VEICULO REGISTRADO QUE NAO ESTEJA DEVIDAMENTE LICENCIADO,SP,AUTOMOVEL,PARTICULAR,1,8,2026
7005,SALTO,5207-0,Dirigir sem atencao ou sem os cuidados indispensaveis a seguranca,SP,AUTOMOVEL,PARTICULAR,1,8,2026
6875,PIRACICABA,6050-1,AVAN O SIN VERM DO SEMAF EXC SE HOUVER SINALIZ PERM LIVRE CONV A DIR,SP,C. TRATOR,ALUGUEL,1,8,2026
6473,GUARIBA,5274-1,UTILIZ VEIC DEMONST/EXIBIR MANOBRA PERIGOSA MEDIANTE ARRANCADA BRUSCA,SP,MOTOCICLO,PARTICULAR,1,8,2026
6999,SALES OLIVEIRA,7617-1,"USAR QQ VEICULO PARA, DELIB, INTERROMPER CIRCULACAO NA VIA SEM AUT DO ORGAO",SP,AUTOMOVEL,PARTICULAR,1,8,2026
7017,SANTA BARBARA DO OESTE,7340-0,DIRIGIR O VEIC USANDO CALCADO QUE N SE FIRME NOS PES/COMPROMETA UTILIZ PEDAIS,SP,MOTOCICLO,PARTICULAR,1,8,2026
6409,FARTURA,7579-0,"REC SUB TEST, EX CLIN, PERIC OU PROC Q PERM CERT INFL ALC/SUB PSIC FOR ART. 277",Outras UFs,AUTOMOVEL,PARTICULAR,1,8,2026
6405,ESTRELA D OESTE,5010-0,DIRIGIR VEICULO SEM POSSUIR CNH/PPD/ACC,SP,AUTOMOVEL,PARTICULAR,1,8,2026
6553,ITAPIRA,6599-2,CONDUZIR O VEICULO REGISTRADO QUE NAO ESTEJA DEVIDAMENTE LICENCIADO,SP,AUTOMOVEL,PARTICULAR,1,8,2026
6579,ITU,6050-1,AVAN O SIN VERM DO SEMAF EXC SE HOUVER SINALIZ PERM LIVRE CONV A DIR,SP,MOTOCICLO,PARTICULAR,1,8,2026
7145,SOROCABA,5061-0,ENTREGAR VEICULO A PESSOA SEM CNH/PPD/ACC,SP,MOTOCICLO,PARTICULAR,1,8,2026
6403,EMBU-GUACU,6530-0,USAR NO VEICULO EQUIP C/ SOM EM VOLUME/FREQUENCIA NAO AUTORIZADOS PELO CONTRAN,SP,CAMINHONET,PARTICULAR,1,8,2026
7245,VOTUPORANGA,6599-2,CONDUZIR O VEICULO REGISTRADO QUE NAO ESTEJA DEVIDAMENTE LICENCIADO,SP,AUTOMOVEL,PARTICULAR,1,8,2026
6697,MINEIROS DO TIETE,6653-1,CONDUZIR O VEICULO COM DESCARGA LIVRE,SP,MOTOCICLO,PARTICULAR,1,8,2026
7095,SAO JOSE DO RIO PARDO,6530-0,USAR NO VEICULO EQUIP C/ SOM EM VOLUME/FREQUENCIA NAO AUTORIZADOS PELO CONTRAN,SP,AUTOMOVEL,PARTICULAR,2,8,2026
7107,SAO PAULO,6017-5,EXECUTAR OPERACAO DE RETORNO PASSANDO POR CIMA DE FAIXA DE PEDESTRES,SP,CAMINHONET,ALUGUEL,1,8,2026
7107,SAO PAULO,7617-3,"USAR QQ VEICULO PARA, DELIB, PERTURBAR CIRCULACAO NA VIA SEM AUT DO ORGAO",SP,MOTONETA,PARTICULAR,1,8,2026
2957,VARGEM,5010-0,DIRIGIR VEICULO SEM POSSUIR CNH/PPD/ACC,SP,MOTOCICLO,PARTICULAR,1,8,2026
7107,SAO PAULO,6920-1,"Deixar de efetuar registro do veiculo em 30 dias, qdo for transf a propriedade",SP,CAMINHONET,,1,8,2026
6897,POA,5010-0,DIRIGIR VEICULO SEM POSSUIR CNH/PPD/ACC,SP,AUTOMOVEL,APRENDIZAGEM,1,8,2026
6717,MOGI-MIRIM,5185-2,Deixar o passageiro de usar o cinto seguranca,SP,AUTOMOVEL,PARTICULAR,1,8,2026
6483,IACANGA,6530-0,USAR NO VEICULO EQUIP C/ SOM EM VOLUME/FREQUENCIA NAO AUTORIZADOS PELO CONTRAN,SP,AUTOMOVEL,PARTICULAR,1,8,2026
6713,MOGI DAS CRUZES,7684-1,Cond motoc/moton/ciclom c/ util cap de seg s/ vis/ocul prot,SP,MOTOCICLO,PARTICULAR,1,8,2026
6635,LEME,7366-2,DIRIGIR VEICULO UTILIZANDO-SE DE TELEFONE CELULAR,SP,CAMINHONET,PARTICULAR,1,8,2026
7105,SAO MIGUEL ARCANJO,6637-1,CONDUZIR O VEICULO SEM EQUIPAMENTO OBRIGATORIO,SP,MOTOCICLO,PARTICULAR,1,8,2026
6481,HERCULANDIA,5118-0,PERMITIR POSSE/CONDUCAO DO VEICULO A PESSOA SEM CNH/PPD/ACC,SP,AUTOMOVEL,PARTICULAR,1,8,2026
6401,EMBU DAS ARTES,5274-1,UTILIZ VEIC DEMONST/EXIBIR MANOBRA PERIGOSA MEDIANTE ARRANCADA BRUSCA,SP,MOTOCICLO,PARTICULAR,1,8,2026
7029,SANTA CRUZ DO RIO PARDO,6408-0,PORTAR NO VEICULO PLACAS DE IDENTIFICACAO EM DESACORDO C/ ESPECIF/MODELO CONTRAN,SP,MOTOCICLO,PARTICULAR,1,8,2026
6301,CANDIDO MOTA,5010-0,DIRIGIR VEICULO SEM POSSUIR CNH/PPD/ACC,SP,MOTOCICLO,PARTICULAR,1,8,2026
7247,BOREBI,7056-1,CONDUZIR MOTOC/MOTON/CICLOMOTOR FAZENDO MALABARISMO/EQUILIBRANDO-SE EM UMA RODA,SP,MOTOCICLO,PARTICULAR,1,8,2026
6789,OSASCO,7633-2,Dirigir veiculo manuseando telefone celular,SP,UTILITARIO,PARTICULAR,1,8,2026
6373,CUNHA,5738-0,TRANSITAR PELA CONTRAMAO DE DIRECAO EM VIA C/ SINALIZACAO DE REGUL SENTIDO UNICO,SP,CAMIONETA,PARTICULAR,1,8,2026
6569,ITATIBA,7617-2,"USAR QQ VEICULO PARA, DELIB, RESTRINGIR CIRCULACAO NA VIA SEM AUT DO ORGAO",SP,MOTOCICLO,PARTICULAR,1,8,2026
7107,SAO PAULO,7030-1,Conduzir motoc/moton/ciclom s/ capacete de seguranca,Outras UFs,MOTOCICLO,PARTICULAR,1,8,2026
6865,ESPIRITO SANTO DO PINHAL,6599-2,CONDUZIR O VEICULO REGISTRADO QUE NAO ESTEJA DEVIDAMENTE LICENCIADO,SP,MOTOCICLO,PARTICULAR,1,8,2026
6969,RIBEIRAO PRETO,5088-1,ENTREGAR VEICULO A PESSOA COM CNH DE CATEGORIA DIFERENTE DA DO VEICULO,SP,MOTOCICLO,PARTICULAR,1,8,2026
6175,ARTUR NOGUEIRA,6637-1,CONDUZIR O VEICULO SEM EQUIPAMENTO OBRIGATORIO,SP,MOTOCICLO,PARTICULAR,1,8,2026
6205,BARRA BONITA,5738-0,TRANSITAR PELA CONTRAMAO DE DIRECAO EM VIA C/ SINALIZACAO DE REGUL SENTIDO UNICO,SP,AUTOMOVEL,PARTICULAR,1,8,2026
6361,COTIA,5185-1,Deixar o condutor de usar o cinto seguranca,SP,CAMINHONET,PARTICULAR,1,8,2026
7055,SANTO ANASTACIO,7684-2,Cond motoc/moton/ciclom c/ util cap de seg c/ vis/ocul prot des c/ regul Contran,SP,MOTOCICLO,PARTICULAR,1,8,2026
6191,BADY BASSITT,5010-0,DIRIGIR VEICULO SEM POSSUIR CNH/PPD/ACC,SP,AUTOMOVEL,PARTICULAR,1,8,2026
7057,SANTO ANDRE,7773-2,ENTREGAR VEICULO A PESSOA SEM POSSUIR CURSOS ESPECIFICOS OBRIGATORIOS,SP,MOTOCICLO,PARTICULAR,1,8,2026
6969,RIBEIRAO PRETO,5118-0,PERMITIR POSSE/CONDUCAO DO VEICULO A PESSOA SEM CNH/PPD/ACC,SP,CICLOMOTO,PARTICULAR,1,8,2026
6811,PARAGUACU PAULISTA,6726-1,"CONDUZIR O VEICULO EM MAU ESTADO DE CONSERVACAO, COMPROMETENDO A SEGURANCA",SP,AUTOMOVEL,PARTICULAR,1,8,2026
7107,SAO PAULO,5231-2,ABANDONAR NA VIA OBJETOS OU SUBSTANCIAS,SP,AUTOMOVEL,PARTICULAR,1,8,2026
6861,PINDAMONHANGABA,7579-0,"REC SUB TEST, EX CLIN, PERIC OU PROC Q PERM CERT INFL ALC/SUB PSIC FOR ART. 277",SP,CAMIONETA,PARTICULAR,1,8,2026
6239,BOITUVA,6602-0,CONDUZIR O VEICULO COM QUALQUER UMA DAS PLACAS SEM LEGIBILIDADE E VISIBILIDADE,SP,MOTOCICLO,PARTICULAR,1,8,2026
7181,TATUI,5452-1,ESTACIONAR NO PASSEIO,SP,CAMINHONET,PARTICULAR,1,8,2026
6615,JOSE BONIFACIO,6599-2,CONDUZIR O VEICULO REGISTRADO QUE NAO ESTEJA DEVIDAMENTE LICENCIADO,SP,AUTOMOVEL,PARTICULAR,1,8,2026
7007,SALTO DE PIRAPORA,5010-0,DIRIGIR VEICULO SEM POSSUIR CNH/PPD/ACC,SP,MOTOCICLO,PARTICULAR,1,8,2026
6713,MOGI DAS CRUZES,7340-0,DIRIGIR O VEIC USANDO CALCADO QUE N SE FIRME NOS PES/COMPROMETA UTILIZ PEDAIS,SP,AUTOMOVEL,PARTICULAR,1,8,2026
7225,VALINHOS,5282-0,"DEIXAR O COND ENVOLVIDO EM ACIDENTE, DE PRESTAR OU PROVIDENCIAR SOCORRO A VITIMA",SP,AUTOMOVEL,PARTICULAR,1,8,2026
7057,SANTO ANDRE,5193-0,Transportar crianca sem observancia das normas de seguranca estabelecidas p/ CTB,SP,AUTOMOVEL,PARTICULAR,1,8,2026
7107,SAO PAULO,7005-2,Deixar de atualizar o cadastro de habilitacao do condutor,SP,CAMIONETA,PARTICULAR,1,8,2026
6455,GUARA,5185-1,Deixar o condutor de usar o cinto seguranca,SP,UTILITARIO,PARTICULAR,1,8,2026
7227,VALPARAISO,5835-0,Desobedecer as ordens emanadas da autorid compet de transito ou de seus agentes,SP,MOTOCICLO,PARTICULAR,1,8,2026
7107,SAO PAULO,6610-2,CONDUZIR O VEICULO COM CARACTERISTICA ALTERADA,SP,CAMINHONET,ALUGUEL,1,8,2026
7037,SANTA ISABEL,7030-1,Conduzir motoc/moton/ciclom s/ capacete de seguranca,SP,MOTONETA,PARTICULAR,1,8,2026
6857,PIEDADE,6726-1,"CONDUZIR O VEICULO EM MAU ESTADO DE CONSERVACAO, COMPROMETENDO A SEGURANCA",SP,AUTOMOVEL,PARTICULAR,1,8,2026
6789,OSASCO,5010-0,DIRIGIR VEICULO SEM POSSUIR CNH/PPD/ACC,SP,MOTONETA,PARTICULAR,1,8,2026
6825,PARIQUERA-ACU,5517-2,ESTACIONAR NAS PONTES,Outras UFs,UTILITARIO,PARTICULAR,1,8,2026
7105,SAO MIGUEL ARCANJO,7234-0,"EM MOVIMENTO, DEIXAR DE MANTER ACESA A LUZ BAIXA DURANTE A NOITE",SP,AUTOMOVEL,PARTICULAR,2,8,2026
7107,SAO PAULO,6408-0,PORTAR NO VEICULO PLACAS DE IDENTIFICACAO EM DESACORDO C/ ESPECIF/MODELO CONTRAN,SP,CAMINHONET,PARTICULAR,1,8,2026
6887,PIRASSUNUNGA,5169-1,DIRIGIR SOB A INFLUENCIA DE ALCOOL,SP,MOTOCICLO,PARTICULAR,1,8,2026
6351,COROADOS,6653-1,CONDUZIR O VEICULO COM DESCARGA LIVRE,SP,MOTOCICLO,PARTICULAR,1,8,2026
7083,SAO JOAO DA BOA VISTA,6726-1,"CONDUZIR O VEICULO EM MAU ESTADO DE CONSERVACAO, COMPROMETENDO A SEGURANCA",SP,MOTOCICLO,PARTICULAR,1,8,2026
6131,AMERICANA,6050-1,AVAN O SIN VERM DO SEMAF EXC SE HOUVER SINALIZ PERM LIVRE CONV A DIR,SP,AUTOMOVEL,PARTICULAR,1,8,2026
7107,SAO PAULO,6297-0,DEIXAR DE REDUZIR VELOCIDADE DO VEICULO AO APROXIMAR-SE INTERSECAO N SINALIZADA,SP,MOTOCICLO,PARTICULAR,1,8,2026
6643,LINS,5967-0,"ULTRAPASSAR PELA CONTRAMAO LINHA DE DIVISAO DE FLUXOS OPOSTOS, CONTINUA AMARELA",SP,MOTOCICLO,PARTICULAR,1,8,2026
7107,SAO PAULO,6670-0,CONDUZIR O VEICULO C/ EQUIP DO SISTEMA DE ILUMINACAO E DE SINALIZACAO ALTERADOS,Outras UFs,CAMINHAO,ALUGUEL,1,8,2026
6291,CAMPINAS,6610-2,CONDUZIR O VEICULO COM CARACTERISTICA ALTERADA,SP,MOTOCICLO,PARTICULAR,1,8,2026
7107,SAO PAULO,5070-2,ENTREGAR VEICULO A PESSOA COM CNH/PPD/ACC COM SUSP. DO DIREITO DE DIRIGIR,SP,CAMINHAO,ALUGUEL,1,8,2026
7107,SAO PAULO,5029-2,DIRIGIR VEICULO COM CNH/PPD/ACC COM SUSPENSAO DO DIREITO DE DIRIGIR,Outras UFs,AUTOMOVEL,,1,8,2026
6291,CAMPINAS,7684-2,Cond motoc/moton/ciclom c/ util cap de seg c/ vis/ocul prot des c/ regul Contran,SP,MOTOCICLO,PARTICULAR,2,8,2026
7107,SAO PAULO,6068-1,TRANSPOR BLOQUEIO VIARIO COM OU SEM SINALIZACAO OU DISPOSITIVOS AUXILIARES,SP,AUTOMOVEL,PARTICULAR,1,8,2026
7099,SAO JOSE DOS CAMPOS,7633-2,Dirigir veiculo manuseando telefone celular,SP,CAMINHONET,PARTICULAR,1,8,2026
6141,ANDRADINA,6599-2,CONDUZIR O VEICULO REGISTRADO QUE NAO ESTEJA DEVIDAMENTE LICENCIADO,SP,MOTOCICLO,PARTICULAR,1,8,2026
6511,INDAIATUBA,5010-0,DIRIGIR VEICULO SEM POSSUIR CNH/PPD/ACC,SP,CICLOMOTO,PARTICULAR,1,8,2026
7099,SAO JOSE DOS CAMPOS,6041-1,EXECUTAR OPERACAO DE CONVERSAO A DIREITA EM LOCAL PROIBIDO PELA SINALIZACAO,SP,MOTOCICLO,PARTICULAR,1,8,2026
6601,JANDIRA,6726-1,"CONDUZIR O VEICULO EM MAU ESTADO DE CONSERVACAO, COMPROMETENDO A SEGURANCA",SP,AUTOMOVEL,PARTICULAR,1,8,2026
6449,GUAIRA,7579-0,"REC SUB TEST, EX CLIN, PERIC OU PROC Q PERM CERT INFL ALC/SUB PSIC FOR ART. 277",SP,MOTOCICLO,PARTICULAR,1,8,2026
7071,SANTOS,6050-1,AVAN O SIN VERM DO SEMAF EXC SE HOUVER SINALIZ PERM LIVRE CONV A DIR,SP,MOTONETA,PARTICULAR,1,8,2026
6555,ITAPOLIS,5835-0,Desobedecer as ordens emanadas da autorid compet de transito ou de seus agentes,SP,MOTOCICLO,PARTICULAR,1,8,2026
2957,VARGEM,6599-2,CONDUZIR O VEICULO REGISTRADO QUE NAO ESTEJA DEVIDAMENTE LICENCIADO,SP,MOTOCICLO,PARTICULAR,1,8,2026
6473,GUARIBA,6637-1,CONDUZIR O VEICULO SEM EQUIPAMENTO OBRIGATORIO,SP,MOTOCICLO,PARTICULAR,1,8,2026
7145,SOROCABA,6491-0,USAR BUZINA PROLONGADA E SUCESSIVAMENTE A QUALQUER PRETEXTO,SP,CAMIONETA,PARTICULAR,1,8,2026
7151,SUZANO,6599-2,CONDUZIR O VEICULO REGISTRADO QUE NAO ESTEJA DEVIDAMENTE LICENCIADO,SP,MOTOCICLO,PARTICULAR,1,8,2026
6771,NOVO HORIZONTE,6637-2,CONDUZIR O VEICULO COM EQUIPAMENTO OBRIGATORIO INEFICIENTE/INOPERANTE,SP,MOTOCICLO,PARTICULAR,1,8,2026
6533,IRAPURU,7340-0,DIRIGIR O VEIC USANDO CALCADO QUE N SE FIRME NOS PES/COMPROMETA UTILIZ PEDAIS,SP,MOTOCICLO,PARTICULAR,1,8,2026
6969,RIBEIRAO PRETO,5843-1,"Deixar de indicar c/ antec, med gesto de braco/luz indicadora, inicio da marcha",SP,AUTOMOVEL,PARTICULAR,1,8,2026
7061,SANTO ANTONIO DE POSSE,5029-2,DIRIGIR VEICULO COM CNH/PPD/ACC COM SUSPENSAO DO DIREITO DE DIRIGIR,SP,MOTOCICLO,PARTICULAR,1,8,2026
6607,JAU,6637-2,CONDUZIR O VEICULO COM EQUIPAMENTO OBRIGATORIO INEFICIENTE/INOPERANTE,SP,MOTOCICLO,PARTICULAR,1,8,2026
7107,SAO PAULO,6432-1,TRANSITAR COM FAROL DESREGULADO PERTURBANDO VISAO OUTRO CONDUTOR,SP,MOTOCICLO,PARTICULAR,1,8,2026
6293,CAMPO LIMPO PAULISTA,6530-0,USAR NO VEICULO EQUIP C/ SOM EM VOLUME/FREQUENCIA NAO AUTORIZADOS PELO CONTRAN,SP,AUTOMOVEL,PARTICULAR,1,8,2026
6823,PARDINHO,7633-2,Dirigir veiculo manuseando telefone celular,SP,MICROONIB,ALUGUEL,1,8,2026
7071,SANTOS,6726-1,"CONDUZIR O VEICULO EM MAU ESTADO DE CONSERVACAO, COMPROMETENDO A SEGURANCA",Outras UFs,CAMINHONET,PARTICULAR,1,8,2026
2943,ILHA SOLTEIRA,7579-0,"REC SUB TEST, EX CLIN, PERIC OU PROC Q PERM CERT INFL ALC/SUB PSIC FOR ART. 277",Outras UFs,MOTONETA,PARTICULAR,1,8,2026
6703,MIRANDOPOLIS,7048-1,"CONDUZIR MOTOCICLETA, MOTONETA E CICLOMOTOR TRANSPORTANDO PASSAGEIRO S/ CAPACETE",SP,MOTOCICLO,PARTICULAR,1,8,2026
7197,TREMEMBE,7340-0,DIRIGIR O VEIC USANDO CALCADO QUE N SE FIRME NOS PES/COMPROMETA UTILIZ PEDAIS,SP,MOTOCICLO,PARTICULAR,1,8,2026
7075,SAO BERNARDO DO CAMPO,6599-2,CONDUZIR O VEICULO REGISTRADO QUE NAO ESTEJA DEVIDAMENTE LICENCIADO,SP,UTILITARIO,PARTICULAR,1,8,2026
7157,TABOAO DA SERRA,6599-2,CONDUZIR O VEICULO REGISTRADO QUE NAO ESTEJA DEVIDAMENTE LICENCIADO,Outras UFs,MOTOCICLO,PARTICULAR,1,8,2026
6949,REGENTE FEIJO,5045-0,DIRIGIR VEICULO COM VALIDADE DE CNH/PPD VENCIDA HA MAIS DE 30 DIAS,SP,MOTOCICLO,PARTICULAR,1,8,2026
6569,ITATIBA,5274-1,UTILIZ VEIC DEMONST/EXIBIR MANOBRA PERIGOSA MEDIANTE ARRANCADA BRUSCA,SP,MOTOCICLO,PARTICULAR,1,8,2026
6377,DIADEMA,6050-1,AVAN O SIN VERM DO SEMAF EXC SE HOUVER SINALIZ PERM LIVRE CONV A DIR,SP,CAMINHONET,ALUGUEL,1,8,2026
6887,PIRASSUNUNGA,7633-2,Dirigir veiculo manuseando telefone celular,SP,MOTOCICLO,PARTICULAR,1,8,2026
6333,CESARIO LANGE,7579-0,"REC SUB TEST, EX CLIN, PERIC OU PROC Q PERM CERT INFL ALC/SUB PSIC FOR ART. 277",SP,CAMIONETA,PARTICULAR,1,8,2026
6297,CAMPOS NOVOS PAULISTA,6530-0,USAR NO VEICULO EQUIP C/ SOM EM VOLUME/FREQUENCIA NAO AUTORIZADOS PELO CONTRAN,SP,CAMINHONET,PARTICULAR,1,8,2026
7033,SANTA FE DO SUL,5231-1,ATIRAR DO VEICULO OBJETOS OU SUBSTANCIAS,SP,MOTOCICLO,PARTICULAR,1,8,2026
7157,TABOAO DA SERRA,6050-1,AVAN O SIN VERM DO SEMAF EXC SE HOUVER SINALIZ PERM LIVRE CONV A DIR,SP,AUTOMOVEL,PARTICULAR,1,8,2026
7107,SAO PAULO,7633-1,Dirigir veiculo segurando telefone celular,SP,CAMINHAO,ALUGUEL,1,8,2026
6969,RIBEIRAO PRETO,5819-8,TRANSITAR COM O VEICULO EM PASSARELAS,SP,MOTOCICLO,PARTICULAR,1,8,2026
6713,MOGI DAS CRUZES,5037-1,DIRIGIR VEICULO COM CNH DE CATEGORIA DIFERENTE DA DO VEICULO,SP,MOTOCICLO,PARTICULAR,1,8,2026
6477,GUARULHOS,7544-1,Falta de escrituracao livro registro entrada/saida e de uso placa de experiencia,SP,MICROONIB,ALUGUEL,1,8,2026
7071,SANTOS,7374-0,BLOQUEAR A VIA COM VEICULO,SP,AUTOMOVEL,PARTICULAR,1,8,2026
6789,OSASCO,5215-1,Dirigir ameacando os pedestres que estejam atravessando a via publica,Outras UFs,CAMINHONET,PARTICULAR,1,8,2026
6549,ITAPEVA,5010-0,DIRIGIR VEICULO SEM POSSUIR CNH/PPD/ACC,SP,MOTOCICLO,PARTICULAR,1,8,2026
6731,MONTE AZUL PAULISTA,7579-0,"REC SUB TEST, EX CLIN, PERIC OU PROC Q PERM CERT INFL ALC/SUB PSIC FOR ART. 277",SP,MOTOCICLO,PARTICULAR,1,8,2026
6955,RESTINGA,5207-0,Dirigir sem atencao ou sem os cuidados indispensaveis a seguranca,SP,MOTOCICLO,PARTICULAR,1,8,2026
7057,SANTO ANDRE,5371-0,TER SEU VEICULO IMOBILIZADO NA VIA POR FALTA DE COMBUSTIVEL,SP,AUTOMOVEL,PARTICULAR,1,8,2026
2949,ENGENHEIRO COELHO,5266-3,PARTICIPAR COMO CONDUTOR EXIB/DEMONST PERICIA EM MANOBRA DE VEIC S/ PERMISSAO,SP,MOTOCICLO,PARTICULAR,1,8,2026
6847,PENAPOLIS,5282-0,"DEIXAR O COND ENVOLVIDO EM ACIDENTE, DE PRESTAR OU PROVIDENCIAR SOCORRO A VITIMA",SP,CAMINHONET,PARTICULAR,1,8,2026
7145,SOROCABA,6050-1,AVAN O SIN VERM DO SEMAF EXC SE HOUVER SINALIZ PERM LIVRE CONV A DIR,SP,CAMINHONET,PARTICULAR,3,8,2026
7047,SANTANA DE PARNAIBA,6599-2,CONDUZIR O VEICULO REGISTRADO QUE NAO ESTEJA DEVIDAMENTE LICENCIADO,SP,AUTOMOVEL,PARTICULAR,1,8,2026
6215,BASTOS,6530-0,USAR NO VEICULO EQUIP C/ SOM EM VOLUME/FREQUENCIA NAO AUTORIZADOS PELO CONTRAN,SP,AUTOMOVEL,PARTICULAR,1,8,2026
6555,ITAPOLIS,5207-0,Dirigir sem atencao ou sem os cuidados indispensaveis a seguranca,SP,MOTOCICLO,PARTICULAR,1,8,2026
6337,CHAVANTES,5142-0,PERMITIR POSSE/CONDUCAO DO VEIC A PESSOA COM CNH/PPD VENCIDA HA MAIS DE 30 DIAS,SP,AUTOMOVEL,PARTICULAR,1,8,2026
6425,FRANCA,5118-0,PERMITIR POSSE/CONDUCAO DO VEICULO A PESSOA SEM CNH/PPD/ACC,SP,MOTOCICLO,PARTICULAR,1,8,2026
6453,GUAPIARA,5738-0,TRANSITAR PELA CONTRAMAO DE DIRECAO EM VIA C/ SINALIZACAO DE REGUL SENTIDO UNICO,SP,MOTOCICLO,PARTICULAR,1,8,2026
6619,JUNDIAI,5193-0,Transportar crianca sem observancia das normas de seguranca estabelecidas p/ CTB,SP,AUTOMOVEL,PARTICULAR,1,8,2026
6181,ATIBAIA,5029-2,DIRIGIR VEICULO COM CNH/PPD/ACC COM SUSPENSAO DO DIREITO DE DIRIGIR,SP,AUTOMOVEL,PARTICULAR,1,8,2026
6835,PEDERNEIRAS,6599-2,CONDUZIR O VEICULO REGISTRADO QUE NAO ESTEJA DEVIDAMENTE LICENCIADO,SP,MOTOCICLO,PARTICULAR,1,8,2026
6915,PORTO FERREIRA,5274-2,UTILIZ VEIC DEM/EXIBIR MANOB PERIG MED DERRAP/FRENAG C/DESLIZ/ARRAST PNEUS,SP,MOTOCICLO,PARTICULAR,1,8,2026
6409,FARTURA,5118-0,PERMITIR POSSE/CONDUCAO DO VEICULO A PESSOA SEM CNH/PPD/ACC,SP,MOTOCICLO,PARTICULAR,1,8,2026
6505,IGARATA,5207-0,Dirigir sem atencao ou sem os cuidados indispensaveis a seguranca,SP,AUTOMOVEL,PARTICULAR,1,8,2026
7107,SAO PAULO,5274-1,UTILIZ VEIC DEMONST/EXIBIR MANOBRA PERIGOSA MEDIANTE ARRANCADA BRUSCA,SP,MOTONETA,PARTICULAR,1,8,2026
7183,TAUBATE,7633-2,Dirigir veiculo manuseando telefone celular,SP,AUTOMOVEL,PARTICULAR,1,8,2026
7083,SAO JOAO DA BOA VISTA,5010-0,DIRIGIR VEICULO SEM POSSUIR CNH/PPD/ACC,SP,MOTOCICLO,PARTICULAR,1,8,2026
6857,PIEDADE,5037-1,DIRIGIR VEICULO COM CNH DE CATEGORIA DIFERENTE DA DO VEICULO,SP,AUTOMOVEL,PARTICULAR,1,8,2026
6199,BARBOSA,5010-0,DIRIGIR VEICULO SEM POSSUIR CNH/PPD/ACC,SP,MOTOCICLO,PARTICULAR,1,8,2026
7095,SAO JOSE DO RIO PARDO,5010-0,DIRIGIR VEICULO SEM POSSUIR CNH/PPD/ACC,SP,MOTONETA,PARTICULAR,1,8,2026
6377,DIADEMA,7056-1,CONDUZIR MOTOC/MOTON/CICLOMOTOR FAZENDO MALABARISMO/EQUILIBRANDO-SE EM UMA RODA,SP,MOTOCICLO,PARTICULAR,1,8,2026
7135,SERTAOZINHO,6599-2,CONDUZIR O VEICULO REGISTRADO QUE NAO ESTEJA DEVIDAMENTE LICENCIADO,SP,AUTOMOVEL,PARTICULAR,1,8,2026
6917,POTIRENDABA,7633-2,Dirigir veiculo manuseando telefone celular,SP,CAMINHONET,PARTICULAR,1,8,2026
7095,SAO JOSE DO RIO PARDO,6726-1,"CONDUZIR O VEICULO EM MAU ESTADO DE CONSERVACAO, COMPROMETENDO A SEGURANCA",SP,AUTOMOVEL,PARTICULAR,1,8,2026
6781,ONDA VERDE,5657-0,PARAR NA CONTRAMAO DE DIRECAO,SP,AUTOMOVEL,PARTICULAR,1,8,2026
7107,SAO PAULO,5126-2,PERMITIR POSSE/CONDUCAO VEIC PESSOA COM CNH/PPD/ACC C/ SUSP. DIREITO DE DIRIGIR,SP,CAMINHONET,ALUGUEL,1,8,2026
6969,RIBEIRAO PRETO,5843-3,"Deixar de indicar c/ antec, med gesto de braco/luz indicadora, mudanca direcao",SP,MOTOCICLO,PARTICULAR,1,8,2026
6291,CAMPINAS,5274-1,UTILIZ VEIC DEMONST/EXIBIR MANOBRA PERIGOSA MEDIANTE ARRANCADA BRUSCA,SP,AUTOMOVEL,PARTICULAR,1,8,2026
6383,DOIS CORREGOS,5118-0,PERMITIR POSSE/CONDUCAO DO VEICULO A PESSOA SEM CNH/PPD/ACC,SP,MOTOCICLO,PARTICULAR,1,8,2026
7091,SAO JOSE DA BELA VISTA,6599-2,CONDUZIR O VEICULO REGISTRADO QUE NAO ESTEJA DEVIDAMENTE LICENCIADO,SP,CAMIONETA,PARTICULAR,1,8,2026
7033,SANTA FE DO SUL,5118-0,PERMITIR POSSE/CONDUCAO DO VEICULO A PESSOA SEM CNH/PPD/ACC,Outras UFs,MOTONETA,PARTICULAR,1,8,2026
6167,AREALVA,6610-2,CONDUZIR O VEICULO COM CARACTERISTICA ALTERADA,SP,MOTOCICLO,PARTICULAR,1,8,2026
7099,SAO JOSE DOS CAMPOS,5045-0,DIRIGIR VEICULO COM VALIDADE DE CNH/PPD VENCIDA HA MAIS DE 30 DIAS,SP,AUTOMOVEL,PARTICULAR,1,8,2026
7053,SANTA ROSA DE VITERBO,6599-2,CONDUZIR O VEICULO REGISTRADO QUE NAO ESTEJA DEVIDAMENTE LICENCIADO,SP,AUTOMOVEL,PARTICULAR,1,8,2026
6579,ITU,7366-2,DIRIGIR VEICULO UTILIZANDO-SE DE TELEFONE CELULAR,SP,AUTOMOVEL,PARTICULAR,1,8,2026
6315,CARDOSO,5010-0,DIRIGIR VEICULO SEM POSSUIR CNH/PPD/ACC,SP,AUTOMOVEL,PARTICULAR,1,8,2026
7121,SAO VICENTE,5819-6,TRANSITAR COM O VEICULO EM MARCAS DE CANALIZACAO,SP,MOTONETA,PARTICULAR,1,8,2026
7121,SAO VICENTE,5045-0,DIRIGIR VEICULO COM VALIDADE DE CNH/PPD VENCIDA HA MAIS DE 30 DIAS,SP,MOTONETA,PARTICULAR,1,8,2026
6943,RAFARD,6599-2,CONDUZIR O VEICULO REGISTRADO QUE NAO ESTEJA DEVIDAMENTE LICENCIADO,SP,AUTOMOVEL,PARTICULAR,1,8,2026
6717,MOGI-MIRIM,7633-2,Dirigir veiculo manuseando telefone celular,SP,UTILITARIO,PARTICULAR,1,8,2026
6125,ALVARES MACHADO,5185-1,Deixar o condutor de usar o cinto seguranca,SP,CAMINHAO,ALUGUEL,1,8,2026
6671,MAIRIPORA,5185-1,Deixar o condutor de usar o cinto seguranca,SP,AUTOMOVEL,PARTICULAR,1,8,2026
6477,GUARULHOS,5010-0,DIRIGIR VEICULO SEM POSSUIR CNH/PPD/ACC,Outras UFs,AUTOMOVEL,,1,8,2026
6719,MOMBUCA,6530-0,USAR NO VEICULO EQUIP C/ SOM EM VOLUME/FREQUENCIA NAO AUTORIZADOS PELO CONTRAN,SP,CAMINHONET,PARTICULAR,1,8,2026
6179,ASSIS,5185-1,Deixar o condutor de usar o cinto seguranca,SP,CAMIONETA,PARTICULAR,1,8,2026
6477,GUARULHOS,7633-2,Dirigir veiculo manuseando telefone celular,SP,CAMINHONET,PARTICULAR,1,8,2026
7107,SAO PAULO,5266-3,PARTICIPAR COMO CONDUTOR EXIB/DEMONST PERICIA EM MANOBRA DE VEIC S/ PERMISSAO,SP,MOTOCICLO,PARTICULAR,1,8,2026
7107,SAO PAULO,6823-1,TRANSITAR C/ VEIC E/OU CARGA C/ DIMENSOES SUPERIORES LIMITE LEGAL S/ AUTORIZACAO,SP,CAMINHONET,PARTICULAR,1,8,2026
7151,SUZANO,6637-1,CONDUZIR O VEICULO SEM EQUIPAMENTO OBRIGATORIO,Outras UFs,AUTOMOVEL,ALUGUEL,1,8,2026
7075,SAO BERNARDO DO CAMPO,7749-2,DIRIGIR VEICULO SEM POSSUIR CURSOS ESPECIFICOS OBRIGATORIOS,SP,MOTONETA,PARTICULAR,1,8,2026
6879,PIRAJUI,7684-2,Cond motoc/moton/ciclom c/ util cap de seg c/ vis/ocul prot des c/ regul Contran,SP,MOTOCICLO,PARTICULAR,1,8,2026
6897,POA,6050-2,AVANCAR O SINAL DE PARADA OBRIGATORIA,SP,AUTOMOVEL,PARTICULAR,1,8,2026
6439,GENERAL SALGADO,5010-0,DIRIGIR VEICULO SEM POSSUIR CNH/PPD/ACC,SP,AUTOMOVEL,PARTICULAR,1,8,2026
7107,SAO PAULO,6033-0,EXECUTAR RETORNO C/PREJUIZO DA CIRCULACAO/SEGURANCA AINDA QUE EM LOCAL PERMITIDO,SP,UTILITARIO,PARTICULAR,1,8,2026
6579,ITU,5185-2,Deixar o passageiro de usar o cinto seguranca,SP,AUTOMOVEL,PARTICULAR,1,8,2026
6579,ITU,7684-2,Cond motoc/moton/ciclom c/ util cap de seg c/ vis/ocul prot des c/ regul Contran,SP,MOTONETA,PARTICULAR,1,8,2026
7121,SAO VICENTE,6041-2,EXECUTAR OPERACAO DE CONVERSAO A ESQUERDA EM LOCAL PROIBIDO PELA SINALIZACAO,SP,CAMINHAO,PARTICULAR,1,8,2026
6547,ITAPETININGA,6041-2,EXECUTAR OPERACAO DE CONVERSAO A ESQUERDA EM LOCAL PROIBIDO PELA SINALIZACAO,SP,MOTOCICLO,PARTICULAR,1,8,2026
7075,SAO BERNARDO DO CAMPO,6050-1,AVAN O SIN VERM DO SEMAF EXC SE HOUVER SINALIZ PERM LIVRE CONV A DIR,Outras UFs,UTILITARIO,PARTICULAR,1,8,2026
7079,SAO CARLOS,6050-2,AVANCAR O SINAL DE PARADA OBRIGATORIA,SP,AUTOMOVEL,PARTICULAR,1,8,2026
6587,JABOTICABAL,6637-1,CONDUZIR O VEICULO SEM EQUIPAMENTO OBRIGATORIO,SP,AUTOMOVEL,PARTICULAR,1,8,2026
6697,MINEIROS DO TIETE,5096-0,ENTREGAR VEICULO A PESSOA COM CNH/PPD VENCIDA HA MAIS DE 30 DIAS,SP,AUTOMOVEL,PARTICULAR,1,8,2026
7105,SAO MIGUEL ARCANJO,6726-1,"CONDUZIR O VEICULO EM MAU ESTADO DE CONSERVACAO, COMPROMETENDO A SEGURANCA",SP,CAMINHONET,PARTICULAR,1,8,2026
6785,ORINDIUVA,5185-1,Deixar o condutor de usar o cinto seguranca,SP,AUTOMOVEL,PARTICULAR,1,8,2026
6175,ARTUR NOGUEIRA,5010-0,DIRIGIR VEICULO SEM POSSUIR CNH/PPD/ACC,SP,MOTOCICLO,PARTICULAR,2,8,2026
6635,LEME,5010-0,DIRIGIR VEICULO SEM POSSUIR CNH/PPD/ACC,SP,MOTONETA,PARTICULAR,1,8,2026
6215,BASTOS,6599-2,CONDUZIR O VEICULO REGISTRADO QUE NAO ESTEJA DEVIDAMENTE LICENCIADO,SP,AUTOMOVEL,PARTICULAR,1,8,2026
6545,ITAPECERICA DA SERRA,5010-0,DIRIGIR VEICULO SEM POSSUIR CNH/PPD/ACC,SP,MOTOCICLO,PARTICULAR,1,8,2026
6131,AMERICANA,7234-0,"EM MOVIMENTO, DEIXAR DE MANTER ACESA A LUZ BAIXA DURANTE A NOITE",SP,AUTOMOVEL,PARTICULAR,1,8,2026
6281,CAIEIRAS,6726-1,"CONDUZIR O VEICULO EM MAU ESTADO DE CONSERVACAO, COMPROMETENDO A SEGURANCA",SP,AUTOMOVEL,PARTICULAR,1,8,2026
7107,SAO PAULO,5843-3,"Deixar de indicar c/ antec, med gesto de braco/luz indicadora, mudanca direcao",Outras UFs,AUTOMOVEL,PARTICULAR,2,8,2026
6259,BROTAS,5550-0,ESTACIONAR EM LOCAL/HORARIO PROIBIDO ESPECIFICAMENTE PELA SINALIZACAO,SP,AUTOMOVEL,PARTICULAR,1,8,2026
6229,BIRIGUI,5215-2,Dirigir ameacando os demais veiculos,SP,AUTOMOVEL,PARTICULAR,1,8,2026
6601,JANDIRA,6599-2,CONDUZIR O VEICULO REGISTRADO QUE NAO ESTEJA DEVIDAMENTE LICENCIADO,SP,AUTOMOVEL,PARTICULAR,1,8,2026
7099,SAO JOSE DOS CAMPOS,6599-2,CONDUZIR O VEICULO REGISTRADO QUE NAO ESTEJA DEVIDAMENTE LICENCIADO,SP,CAMINHONET,PARTICULAR,1,8,2026
7071,SANTOS,7358-0,"DIRIGIR O VEICULO COM APENAS UMA DAS MAOS, EXCETO QUANDO PERMITIDO PELO CTB",SP,AUTOMOVEL,PARTICULAR,1,8,2026
6789,OSASCO,6408-0,PORTAR NO VEICULO PLACAS DE IDENTIFICACAO EM DESACORDO C/ ESPECIF/MODELO CONTRAN,SP,MOTOCICLO,PARTICULAR,1,8,2026
6645,LORENA,6408-0,PORTAR NO VEICULO PLACAS DE IDENTIFICACAO EM DESACORDO C/ ESPECIF/MODELO CONTRAN,SP,MOTOCICLO,PARTICULAR,1,8,2026
6795,OURINHOS,5037-1,DIRIGIR VEICULO COM CNH DE CATEGORIA DIFERENTE DA DO VEICULO,Outras UFs,MOTOCICLO,,1,8,2026
7185,TEJUPA,7056-1,CONDUZIR MOTOC/MOTON/CICLOMOTOR FAZENDO MALABARISMO/EQUILIBRANDO-SE EM UMA RODA,SP,MOTOCICLO,PARTICULAR,1,8,2026
6551,ITAPEVI,5274-1,UTILIZ VEIC DEMONST/EXIBIR MANOBRA PERIGOSA MEDIANTE ARRANCADA BRUSCA,SP,CAMINHONET,PARTICULAR,1,8,2026
7109,SAO PEDRO,7340-0,DIRIGIR O VEIC USANDO CALCADO QUE N SE FIRME NOS PES/COMPROMETA UTILIZ PEDAIS,SP,CAMIONETA,PARTICULAR,1,8,2026
6649,LUCELIA,6599-2,CONDUZIR O VEICULO REGISTRADO QUE NAO ESTEJA DEVIDAMENTE LICENCIADO,SP,AUTOMOVEL,PARTICULAR,1,8,2026
6339,CLEMENTINA,6530-0,USAR NO VEICULO EQUIP C/ SOM EM VOLUME/FREQUENCIA NAO AUTORIZADOS PELO CONTRAN,SP,AUTOMOVEL,PARTICULAR,1,8,2026
7107,SAO PAULO,6637-2,CONDUZIR O VEICULO COM EQUIPAMENTO OBRIGATORIO INEFICIENTE/INOPERANTE,SP,CAMINHAO,PARTICULAR,1,8,2026
7089,SAO JOAQUIM DA BARRA,6599-2,CONDUZIR O VEICULO REGISTRADO QUE NAO ESTEJA DEVIDAMENTE LICENCIADO,SP,MOTOCICLO,PARTICULAR,2,8,2026
6575,ITIRAPUA,5010-0,DIRIGIR VEICULO SEM POSSUIR CNH/PPD/ACC,SP,CAMINHONET,PARTICULAR,1,8,2026
7117,SAO SEBASTIAO DA GRAMA,6530-0,USAR NO VEICULO EQUIP C/ SOM EM VOLUME/FREQUENCIA NAO AUTORIZADOS PELO CONTRAN,SP,AUTOMOVEL,PARTICULAR,1,8,2026
7047,SANTANA DE PARNAIBA,5738-0,TRANSITAR PELA CONTRAMAO DE DIRECAO EM VIA C/ SINALIZACAO DE REGUL SENTIDO UNICO,SP,MOTOCICLO,PARTICULAR,1,8,2026
6271,CACAPAVA,5185-1,Deixar o condutor de usar o cinto seguranca,SP,AUTOMOVEL,PARTICULAR,1,8,2026
6587,JABOTICABAL,5185-1,Deixar o condutor de usar o cinto seguranca,SP,AUTOMOVEL,PARTICULAR,1,8,2026
6281,CAIEIRAS,5193-0,Transportar crianca sem observancia das normas de seguranca estabelecidas p/ CTB,SP,AUTOMOVEL,PARTICULAR,1,8,2026
2947,CANITAR,5738-0,TRANSITAR PELA CONTRAMAO DE DIRECAO EM VIA C/ SINALIZACAO DE REGUL SENTIDO UNICO,SP,AUTOMOVEL,PARTICULAR,1,8,2026
6713,MOGI DAS CRUZES,5274-1,UTILIZ VEIC DEMONST/EXIBIR MANOBRA PERIGOSA MEDIANTE ARRANCADA BRUSCA,SP,AUTOMOVEL,PARTICULAR,1,8,2026
6823,PARDINHO,6599-2,CONDUZIR O VEICULO REGISTRADO QUE NAO ESTEJA DEVIDAMENTE LICENCIADO,SP,AUTOMOVEL,PARTICULAR,1,8,2026
6241,BOM JESUS DOS PERDOES,5738-0,TRANSITAR PELA CONTRAMAO DE DIRECAO EM VIA C/ SINALIZACAO DE REGUL SENTIDO UNICO,SP,MOTOCICLO,PARTICULAR,1,8,2026
6175,ARTUR NOGUEIRA,6599-2,CONDUZIR O VEICULO REGISTRADO QUE NAO ESTEJA DEVIDAMENTE LICENCIADO,SP,MOTOCICLO,PARTICULAR,1,8,2026
6179,ASSIS,6050-2,AVANCAR O SINAL DE PARADA OBRIGATORIA,SP,AUTOMOVEL,PARTICULAR,1,8,2026
6767,NOVA LUZITANIA,5010-0,DIRIGIR VEICULO SEM POSSUIR CNH/PPD/ACC,SP,AUTOMOVEL,PARTICULAR,1,8,2026
6687,MATAO,7099-1,CONDUZIR MOTOCICLETA/MOTONETA/CICLOMOTOR SEM SEGURAR O GUIDOM COM AMBAS AS MAOS,SP,MOTOCICLO,PARTICULAR,1,8,2026
6387,DOURADO,6637-2,CONDUZIR O VEICULO COM EQUIPAMENTO OBRIGATORIO INEFICIENTE/INOPERANTE,SP,MOTOCICLO,PARTICULAR,1,8,2026
7137,SETE BARRAS,5452-2,ESTACIONAR SOBRE FAIXA DESTINADA A PEDESTRE,Outras UFs,CAMINHONET,PARTICULAR,1,8,2026
7033,SANTA FE DO SUL,5185-1,Deixar o condutor de usar o cinto seguranca,SP,AUTOMOVEL,PARTICULAR,1,8,2026
6787,ORLANDIA,7366-2,DIRIGIR VEICULO UTILIZANDO-SE DE TELEFONE CELULAR,SP,MOTONETA,PARTICULAR,1,8,2026
6727,MONTE ALTO,5010-0,DIRIGIR VEICULO SEM POSSUIR CNH/PPD/ACC,SP,AUTOMOVEL,PARTICULAR,1,8,2026
6131,AMERICANA,5061-0,ENTREGAR VEICULO A PESSOA SEM CNH/PPD/ACC,SP,MOTOCICLO,PARTICULAR,1,8,2026
6737,MONTE MOR,6637-1,CONDUZIR O VEICULO SEM EQUIPAMENTO OBRIGATORIO,SP,MOTOCICLO,PARTICULAR,1,8,2026
7095,SAO JOSE DO RIO PARDO,5835-0,Desobedecer as ordens emanadas da autorid compet de transito ou de seus agentes,SP,MOTOCICLO,PARTICULAR,1,8,2026
7017,SANTA BARBARA DO OESTE,5185-1,Deixar o condutor de usar o cinto seguranca,SP,AUTOMOVEL,PARTICULAR,3,8,2026
6377,DIADEMA,5215-2,Dirigir ameacando os demais veiculos,SP,AUTOMOVEL,PARTICULAR,1,8,2026
6993,SABINO,7358-0,"DIRIGIR O VEICULO COM APENAS UMA DAS MAOS, EXCETO QUANDO PERMITIDO PELO CTB",SP,AUTOMOVEL,PARTICULAR,1,8,2026
6175,ARTUR NOGUEIRA,5045-0,DIRIGIR VEICULO COM VALIDADE DE CNH/PPD VENCIDA HA MAIS DE 30 DIAS,SP,AUTOMOVEL,PARTICULAR,1,8,2026
7145,SOROCABA,6670-0,CONDUZIR O VEICULO C/ EQUIP DO SISTEMA DE ILUMINACAO E DE SINALIZACAO ALTERADOS,SP,MOTOCICLO,PARTICULAR,1,8,2026
7129,SERRA AZUL,5738-0,TRANSITAR PELA CONTRAMAO DE DIRECAO EM VIA C/ SINALIZACAO DE REGUL SENTIDO UNICO,SP,CAMINHONET,PARTICULAR,1,8,2026
6221,BEBEDOURO,6599-2,CONDUZIR O VEICULO REGISTRADO QUE NAO ESTEJA DEVIDAMENTE LICENCIADO,SP,AUTOMOVEL,PARTICULAR,1,8,2026
6639,LIMEIRA,5037-1,DIRIGIR VEICULO COM CNH DE CATEGORIA DIFERENTE DA DO VEICULO,SP,MOTOCICLO,PARTICULAR,1,8,2026
6915,PORTO FERREIRA,6610-2,CONDUZIR O VEICULO COM CARACTERISTICA ALTERADA,SP,AUTOMOVEL,PARTICULAR,2,8,2026
7075,SAO BERNARDO DO CAMPO,5819-1,"TRANSITAR COM O VEICULO EM CALCADAS, PASSEIOS",SP,CAMIONETA,PARTICULAR,1,8,2026
7095,SAO JOSE DO RIO PARDO,6548-0,USAR NO VEIC ALARME/APARELHO PRODUZ SOM PERTURBE SOSSEGO PUB DESAC NORMA CONTRAN,SP,AUTOMOVEL,PARTICULAR,1,8,2026
6137,AMPARO,5991-0,EXECUTAR OPERACAO DE RETORNO EM LOCAIS PROIBIDOS PELA SINALIZACAO,SP,AUTOMOVEL,PARTICULAR,1,8,2026
6451,GUAPIACU,6599-2,CONDUZIR O VEICULO REGISTRADO QUE NAO ESTEJA DEVIDAMENTE LICENCIADO,SP,CAMINHONET,PARTICULAR,1,8,2026
6205,BARRA BONITA,6610-2,CONDUZIR O VEICULO COM CARACTERISTICA ALTERADA,SP,AUTOMOVEL,PARTICULAR,1,8,2026
7121,SAO VICENTE,5347-0,"DEIXAR O CONDUTOR ENVOLVIDO EM ACIDENTE S/ VITIMA, DE REMOVER O VEICULO DO LOCAL",SP,CAMIONETA,PARTICULAR,1,8,2026
7135,SERTAOZINHO,6599-2,CONDUZIR O VEICULO REGISTRADO QUE NAO ESTEJA DEVIDAMENTE LICENCIADO,SP,MOTONETA,PARTICULAR,1,8,2026
6493,IBITINGA,6769-0,"CONDUZIR VEIC C/ DEFEITO NO SIST DE ILUMINACAO, SINALIZ OU LAMPADAS QUEIMADAS",SP,MOTOCICLO,PARTICULAR,1,8,2026
6607,JAU,6610-2,CONDUZIR O VEICULO COM CARACTERISTICA ALTERADA,SP,AUTOMOVEL,PARTICULAR,1,8,2026
6969,RIBEIRAO PRETO,7633-2,Dirigir veiculo manuseando telefone celular,SP,CAMINHONET,PARTICULAR,2,8,2026
6781,ONDA VERDE,6599-2,CONDUZIR O VEICULO REGISTRADO QUE NAO ESTEJA DEVIDAMENTE LICENCIADO,SP,AUTOMOVEL,PARTICULAR,1,8,2026
2949,ENGENHEIRO COELHO,7048-1,"CONDUZIR MOTOCICLETA, MOTONETA E CICLOMOTOR TRANSPORTANDO PASSAGEIRO S/ CAPACETE",SP,MOTONETA,PARTICULAR,1,8,2026
3065,ALUMINIO,5061-0,ENTREGAR VEICULO A PESSOA SEM CNH/PPD/ACC,SP,MOTOCICLO,PARTICULAR,1,8,2026
7107,SAO PAULO,6041-1,EXECUTAR OPERACAO DE CONVERSAO A DIREITA EM LOCAL PROIBIDO PELA SINALIZACAO,SP,CAMIONETA,PARTICULAR,1,8,2026
6987,ROSEIRA,6599-2,CONDUZIR O VEICULO REGISTRADO QUE NAO ESTEJA DEVIDAMENTE LICENCIADO,SP,AUTOMOVEL,PARTICULAR,1,8,2026
6879,PIRAJUI,6017-4,EXECUTAR OPERACAO DE RETORNO PASSANDO POR CIMA DE CANTEIRO DE DIVISOR DE PISTA,SP,MOTOCICLO,PARTICULAR,1,8,2026
7255,EUCLIDES DA CUNHA PAULISTA,6599-2,CONDUZIR O VEICULO REGISTRADO QUE NAO ESTEJA DEVIDAMENTE LICENCIADO,SP,AUTOMOVEL,PARTICULAR,1,8,2026
6499,IEPE,5010-0,DIRIGIR VEICULO SEM POSSUIR CNH/PPD/ACC,Outras UFs,AUTOMOVEL,PARTICULAR,1,8,2026
6563,ITAQUAQUECETUBA,6041-2,EXECUTAR OPERACAO DE CONVERSAO A ESQUERDA EM LOCAL PROIBIDO PELA SINALIZACAO,SP,AUTOMOVEL,PARTICULAR,1,8,2026
6435,GARCA,5835-0,Desobedecer as ordens emanadas da autorid compet de transito ou de seus agentes,SP,MOTOCICLO,PARTICULAR,1,8,2026
7037,SANTA ISABEL,7617-3,"USAR QQ VEICULO PARA, DELIB, PERTURBAR CIRCULACAO NA VIA SEM AUT DO ORGAO",SP,MOTOCICLO,PARTICULAR,1,8,2026
6707,MIRASSOL,5274-1,UTILIZ VEIC DEMONST/EXIBIR MANOBRA PERIGOSA MEDIANTE ARRANCADA BRUSCA,SP,MOTOCICLO,PARTICULAR,1,8,2026
7083,SAO JOAO DA BOA VISTA,5835-0,Desobedecer as ordens emanadas da autorid compet de transito ou de seus agentes,SP,MOTOCICLO,PARTICULAR,1,8,2026
7145,SOROCABA,5274-1,UTILIZ VEIC DEMONST/EXIBIR MANOBRA PERIGOSA MEDIANTE ARRANCADA BRUSCA,SP,CAMINHONET,PARTICULAR,2,8,2026
6275,CACONDE,7048-1,"CONDUZIR MOTOCICLETA, MOTONETA E CICLOMOTOR TRANSPORTANDO PASSAGEIRO S/ CAPACETE",SP,MOTOCICLO,PARTICULAR,1,8,2026
7071,SANTOS,5835-0,Desobedecer as ordens emanadas da autorid compet de transito ou de seus agentes,SP,MOTONETA,PARTICULAR,1,8,2026
7103,SAO MANUEL,5118-0,PERMITIR POSSE/CONDUCAO DO VEICULO A PESSOA SEM CNH/PPD/ACC,SP,CAMINHONET,PARTICULAR,1,8,2026
6291,CAMPINAS,5029-2,DIRIGIR VEICULO COM CNH/PPD/ACC COM SUSPENSAO DO DIREITO DE DIRIGIR,SP,AUTOMOVEL,PARTICULAR,1,8,2026
7099,SAO JOSE DOS CAMPOS,5738-0,TRANSITAR PELA CONTRAMAO DE DIRECAO EM VIA C/ SINALIZACAO DE REGUL SENTIDO UNICO,SP,CAMINHONET,PARTICULAR,1,8,2026
6209,BARRETOS,6602-0,CONDUZIR O VEICULO COM QUALQUER UMA DAS PLACAS SEM LEGIBILIDADE E VISIBILIDADE,SP,MOTOCICLO,PARTICULAR,1,8,2026
7099,SAO JOSE DOS CAMPOS,6653-2,CONDUZIR O VEICULO COM SILENCIADOR DE MOTOR DEFEITUOSO/DEFICIENTE/INOPERANTE,SP,AUTOMOVEL,PARTICULAR,1,8,2026
6297,CAMPOS NOVOS PAULISTA,5029-2,DIRIGIR VEICULO COM CNH/PPD/ACC COM SUSPENSAO DO DIREITO DE DIRIGIR,SP,MOTOCICLO,PARTICULAR,1,8,2026
6689,MAUA,7340-0,DIRIGIR O VEIC USANDO CALCADO QUE N SE FIRME NOS PES/COMPROMETA UTILIZ PEDAIS,SP,MOTOCICLO,PARTICULAR,1,8,2026
6875,PIRACICABA,6610-2,CONDUZIR O VEICULO COM CARACTERISTICA ALTERADA,SP,AUTOMOVEL,PARTICULAR,1,8,2026
6259,BROTAS,5274-1,UTILIZ VEIC DEMONST/EXIBIR MANOBRA PERIGOSA MEDIANTE ARRANCADA BRUSCA,SP,AUTOMOVEL,PARTICULAR,1,8,2026
6681,MARILIA,6653-2,CONDUZIR O VEICULO COM SILENCIADOR DE MOTOR DEFEITUOSO/DEFICIENTE/INOPERANTE,SP,MOTOCICLO,PARTICULAR,1,8,2026
7107,SAO PAULO,5274-1,UTILIZ VEIC DEMONST/EXIBIR MANOBRA PERIGOSA MEDIANTE ARRANCADA BRUSCA,SP,UTILITARIO,PARTICULAR,1,8,2026
2977,MARAPOAMA,6670-0,CONDUZIR O VEICULO C/ EQUIP DO SISTEMA DE ILUMINACAO E DE SINALIZACAO ALTERADOS,SP,MOTOCICLO,PARTICULAR,1,8,2026
6343,COLOMBIA,5207-0,Dirigir sem atencao ou sem os cuidados indispensaveis a seguranca,Outras UFs,MOTONETA,PARTICULAR,1,8,2026
6867,PINHALZINHO,6769-0,"CONDUZIR VEIC C/ DEFEITO NO SIST DE ILUMINACAO, SINALIZ OU LAMPADAS QUEIMADAS",SP,MOTONETA,PARTICULAR,1,8,2026
6473,GUARIBA,5185-1,Deixar o condutor de usar o cinto seguranca,SP,CAMINHONET,PARTICULAR,1,8,2026
6213,BARUERI,5274-1,UTILIZ VEIC DEMONST/EXIBIR MANOBRA PERIGOSA MEDIANTE ARRANCADA BRUSCA,SP,MOTOCICLO,PARTICULAR,2,8,2026
6313,CARAPICUIBA,5720-0,TRANSITAR PELA CONTRAMAO DE DIRECAO EM VIA COM DUPLO SENTIDO DE CIRCULACAO,SP,MOTOCICLO,PARTICULAR,1,8,2026
7071,SANTOS,7366-2,DIRIGIR VEICULO UTILIZANDO-SE DE TELEFONE CELULAR,SP,MOTONETA,PARTICULAR,1,8,2026
6483,IACANGA,7684-2,Cond motoc/moton/ciclom c/ util cap de seg c/ vis/ocul prot des c/ regul Contran,SP,MOTOCICLO,PARTICULAR,1,8,2026
7085,SAO JOAO DAS DUAS PONTES,6637-2,CONDUZIR O VEICULO COM EQUIPAMENTO OBRIGATORIO INEFICIENTE/INOPERANTE,SP,CAMINHONET,PARTICULAR,1,8,2026
6429,FRANCO DA ROCHA,7684-2,Cond motoc/moton/ciclom c/ util cap de seg c/ vis/ocul prot des c/ regul Contran,SP,MOTONETA,PARTICULAR,1,8,2026
6489,IBIRA,6548-0,USAR NO VEIC ALARME/APARELHO PRODUZ SOM PERTURBE SOSSEGO PUB DESAC NORMA CONTRAN,SP,AUTOMOVEL,PARTICULAR,1,8,2026
6901,POMPEIA,7684-2,Cond motoc/moton/ciclom c/ util cap de seg c/ vis/ocul prot des c/ regul Contran,SP,MOTOCICLO,PARTICULAR,1,8,2026
6681,MARILIA,7366-2,DIRIGIR VEICULO UTILIZANDO-SE DE TELEFONE CELULAR,SP,AUTOMOVEL,PARTICULAR,1,8,2026
6737,MONTE MOR,6599-2,CONDUZIR O VEICULO REGISTRADO QUE NAO ESTEJA DEVIDAMENTE LICENCIADO,SP,MOTOCICLO,PARTICULAR,1,8,2026
6285,CAJAMAR,5185-1,Deixar o condutor de usar o cinto seguranca,SP,CAMINHAO,PARTICULAR,2,8,2026
7145,SOROCABA,5215-1,Dirigir ameacando os pedestres que estejam atravessando a via publica,SP,AUTOMOVEL,PARTICULAR,1,8,2026
7107,SAO PAULO,6564-0,CONDUZIR O VEICULO TRANSPORTANDO PASSAGEIROS EM COMPARTIMENTO DE CARGA,SP,AUTOMOVEL,PARTICULAR,1,8,2026
6295,CAMPOS DO JORDAO,5770-3,DEIXAR DE DAR PASSAGEM A VEIC DE POLICIA EM SERVICO DE URGENCIA DEVID IDENTIF,SP,AUTOMOVEL,PARTICULAR,1,8,2026
6563,ITAQUAQUECETUBA,6041-1,EXECUTAR OPERACAO DE CONVERSAO A DIREITA EM LOCAL PROIBIDO PELA SINALIZACAO,SP,CAMINHONET,PARTICULAR,1,8,2026
6131,AMERICANA,6599-2,CONDUZIR O VEICULO REGISTRADO QUE NAO ESTEJA DEVIDAMENTE LICENCIADO,SP,CAMINHONET,PARTICULAR,1,8,2026
6391,DUARTINA,7048-1,"CONDUZIR MOTOCICLETA, MOTONETA E CICLOMOTOR TRANSPORTANDO PASSAGEIRO S/ CAPACETE",SP,MOTOCICLO,PARTICULAR,1,8,2026
6163,ARARAQUARA,6637-2,CONDUZIR O VEICULO COM EQUIPAMENTO OBRIGATORIO INEFICIENTE/INOPERANTE,SP,AUTOMOVEL,PARTICULAR,1,8,2026
6559,ITAPUI,6530-0,USAR NO VEICULO EQUIP C/ SOM EM VOLUME/FREQUENCIA NAO AUTORIZADOS PELO CONTRAN,SP,AUTOMOVEL,PARTICULAR,1,8,2026
6597,JALES,6050-1,AVAN O SIN VERM DO SEMAF EXC SE HOUVER SINALIZ PERM LIVRE CONV A DIR,SP,MOTOCICLO,PARTICULAR,1,8,2026
7107,SAO PAULO,6050-1,AVAN O SIN VERM DO SEMAF EXC SE HOUVER SINALIZ PERM LIVRE CONV A DIR,SP,UTILITARIO,ALUGUEL,1,8,2026
6219,BAURU,5207-0,Dirigir sem atencao ou sem os cuidados indispensaveis a seguranca,SP,AUTOMOVEL,PARTICULAR,1,8,2026
7107,SAO PAULO,5835-0,Desobedecer as ordens emanadas da autorid compet de transito ou de seus agentes,SP,CAMINHONET,PARTICULAR,1,8,2026
6359,COSMORAMA,5835-0,Desobedecer as ordens emanadas da autorid compet de transito ou de seus agentes,SP,AUTOMOVEL,PARTICULAR,1,8,2026
6739,MORRO AGUDO,7633-1,Dirigir veiculo segurando telefone celular,SP,AUTOMOVEL,PARTICULAR,1,8,2026
798,GAVIAO PEIXOTO,7340-0,DIRIGIR O VEIC USANDO CALCADO QUE N SE FIRME NOS PES/COMPROMETA UTILIZ PEDAIS,SP,MOTOCICLO,PARTICULAR,1,8,2026
6291,CAMPINAS,7633-2,Dirigir veiculo manuseando telefone celular,Outras UFs,AUTOMOVEL,PARTICULAR,1,8,2026
6137,AMPARO,5274-1,UTILIZ VEIC DEMONST/EXIBIR MANOBRA PERIGOSA MEDIANTE ARRANCADA BRUSCA,SP,MOTOCICLO,PARTICULAR,2,8,2026
6225,BERNARDINO DE CAMPOS,6610-2,CONDUZIR O VEICULO COM CARACTERISTICA ALTERADA,SP,MOTOCICLO,PARTICULAR,1,8,2026
6955,RESTINGA,7340-0,DIRIGIR O VEIC USANDO CALCADO QUE N SE FIRME NOS PES/COMPROMETA UTILIZ PEDAIS,SP,MOTOCICLO,PARTICULAR,1,8,2026
6239,BOITUVA,6645-0,CONDUZIR O VEICULO COM EQUIP OBRIGATORIO EM DESACORDO COM O ESTAB PELO CONTRAN,SP,MOTOCICLO,PARTICULAR,1,8,2026
6273,CACHOEIRA PAULISTA,7684-1,Cond motoc/moton/ciclom c/ util cap de seg s/ vis/ocul prot,SP,MOTOCICLO,PARTICULAR,1,8,2026
6375,DESCALVADO,5185-1,Deixar o condutor de usar o cinto seguranca,SP,AUTOMOVEL,PARTICULAR,2,8,2026
7079,SAO CARLOS,7315-0,DIRIGIR O VEICULO COM O BRACO DO LADO DE FORA,SP,AUTOMOVEL,PARTICULAR,1,8,2026
6935,QUATA,7633-2,Dirigir veiculo manuseando telefone celular,SP,CAMINHONET,PARTICULAR,1,8,2026
7039,SANTA LUCIA,6580-0,CONDUZIR O VEICULO SEM QUALQUER UMA DAS PLACAS DE IDENTIFICACAO,SP,MOTOCICLO,PARTICULAR,1,8,2026
6681,MARILIA,7633-2,Dirigir veiculo manuseando telefone celular,Outras UFs,CAMINHONET,PARTICULAR,1,8,2026
6887,PIRASSUNUNGA,6653-1,CONDUZIR O VEICULO COM DESCARGA LIVRE,SP,MOTONETA,PARTICULAR,1,8,2026
6987,ROSEIRA,6726-1,"CONDUZIR O VEICULO EM MAU ESTADO DE CONSERVACAO, COMPROMETENDO A SEGURANCA",SP,AUTOMOVEL,PARTICULAR,1,8,2026
6281,CAIEIRAS,5207-0,Dirigir sem atencao ou sem os cuidados indispensaveis a seguranca,SP,MOTOCICLO,PARTICULAR,1,8,2026
6503,IGARAPAVA,5010-0,DIRIGIR VEICULO SEM POSSUIR CNH/PPD/ACC,Outras UFs,MOTOCICLO,PARTICULAR,1,8,2026
7107,SAO PAULO,5991-0,EXECUTAR OPERACAO DE RETORNO EM LOCAIS PROIBIDOS PELA SINALIZACAO,SP,MOTOCICLO,PARTICULAR,1,8,2026
6873,PIRACAIA,5010-0,DIRIGIR VEICULO SEM POSSUIR CNH/PPD/ACC,SP,AUTOMOVEL,PARTICULAR,1,8,2026
6789,OSASCO,7579-0,"REC SUB TEST, EX CLIN, PERIC OU PROC Q PERM CERT INFL ALC/SUB PSIC FOR ART. 277",SP,AUTOMOVEL,PARTICULAR,2,8,2026
6435,GARCA,6637-2,CONDUZIR O VEICULO COM EQUIPAMENTO OBRIGATORIO INEFICIENTE/INOPERANTE,SP,AUTOMOVEL,PARTICULAR,1,8,2026
6795,OURINHOS,5207-0,Dirigir sem atencao ou sem os cuidados indispensaveis a seguranca,SP,MOTOCICLO,PARTICULAR,1,8,2026
6165,ARARAS,7048-1,"CONDUZIR MOTOCICLETA, MOTONETA E CICLOMOTOR TRANSPORTANDO PASSAGEIRO S/ CAPACETE",SP,MOTOCICLO,PARTICULAR,1,8,2026
6451,GUAPIACU,7340-0,DIRIGIR O VEIC USANDO CALCADO QUE N SE FIRME NOS PES/COMPROMETA UTILIZ PEDAIS,SP,MOTONETA,PARTICULAR,1,8,2026
2951,HORTOLANDIA,7340-0,DIRIGIR O VEIC USANDO CALCADO QUE N SE FIRME NOS PES/COMPROMETA UTILIZ PEDAIS,SP,MOTOCICLO,PARTICULAR,1,8,2026
790,ARCO IRIS,7579-0,"REC SUB TEST, EX CLIN, PERIC OU PROC Q PERM CERT INFL ALC/SUB PSIC FOR ART. 277",SP,CAMINHONET,PARTICULAR,1,8,2026
6639,LIMEIRA,6726-1,"CONDUZIR O VEICULO EM MAU ESTADO DE CONSERVACAO, COMPROMETENDO A SEGURANCA",SP,AUTOMOVEL,PARTICULAR,2,8,2026
2949,ENGENHEIRO COELHO,7714-2,Cond motoc/moton/ciclom transp pass c/ cap seg c/ vis/oc prot des c/ reg Contran,SP,MOTOCICLO,PARTICULAR,2,8,2026
6619,JUNDIAI,5185-1,Deixar o condutor de usar o cinto seguranca,Outras UFs,AUTOMOVEL,PARTICULAR,1,8,2026
6163,ARARAQUARA,7633-2,Dirigir veiculo manuseando telefone celular,Outras UFs,AUTOMOVEL,PARTICULAR,1,8,2026
7135,SERTAOZINHO,7579-0,"REC SUB TEST, EX CLIN, PERIC OU PROC Q PERM CERT INFL ALC/SUB PSIC FOR ART. 277",SP,MOTONETA,PARTICULAR,1,8,2026
6579,ITU,5010-0,DIRIGIR VEICULO SEM POSSUIR CNH/PPD/ACC,Outras UFs,MOTOCICLO,PARTICULAR,1,8,2026
6729,MONTE APRAZIVEL,7340-0,DIRIGIR O VEIC USANDO CALCADO QUE N SE FIRME NOS PES/COMPROMETA UTILIZ PEDAIS,SP,MOTOCICLO,PARTICULAR,1,8,2026
6713,MOGI DAS CRUZES,5088-1,ENTREGAR VEICULO A PESSOA COM CNH DE CATEGORIA DIFERENTE DA DO VEICULO,SP,MOTOCICLO,PARTICULAR,1,8,2026
6475,GUARUJA,5088-1,ENTREGAR VEICULO A PESSOA COM CNH DE CATEGORIA DIFERENTE DA DO VEICULO,SP,MOTOCICLO,PARTICULAR,1,8,2026
6795,OURINHOS,6726-1,"CONDUZIR O VEICULO EM MAU ESTADO DE CONSERVACAO, COMPROMETENDO A SEGURANCA",Outras UFs,MOTOCICLO,,1,8,2026
6915,PORTO FERREIRA,6637-1,CONDUZIR O VEICULO SEM EQUIPAMENTO OBRIGATORIO,SP,AUTOMOVEL,PARTICULAR,2,8,2026
6505,IGARATA,6530-0,USAR NO VEICULO EQUIP C/ SOM EM VOLUME/FREQUENCIA NAO AUTORIZADOS PELO CONTRAN,SP,AUTOMOVEL,PARTICULAR,1,8,2026
6303,CANDIDO RODRIGUES,6637-1,CONDUZIR O VEICULO SEM EQUIPAMENTO OBRIGATORIO,SP,AUTOMOVEL,PARTICULAR,1,8,2026
6205,BARRA BONITA,6670-0,CONDUZIR O VEICULO C/ EQUIP DO SISTEMA DE ILUMINACAO E DE SINALIZACAO ALTERADOS,SP,AUTOMOVEL,PARTICULAR,1,8,2026
2957,VARGEM,6637-2,CONDUZIR O VEICULO COM EQUIPAMENTO OBRIGATORIO INEFICIENTE/INOPERANTE,Outras UFs,MOTOCICLO,PARTICULAR,1,8,2026
6719,MOMBUCA,6726-1,"CONDUZIR O VEICULO EM MAU ESTADO DE CONSERVACAO, COMPROMETENDO A SEGURANCA",SP,AUTOMOVEL,PARTICULAR,1,8,2026
7149,SUMARE,6670-0,CONDUZIR O VEICULO C/ EQUIP DO SISTEMA DE ILUMINACAO E DE SINALIZACAO ALTERADOS,SP,AUTOMOVEL,PARTICULAR,1,8,2026
6969,RIBEIRAO PRETO,6637-1,CONDUZIR O VEICULO SEM EQUIPAMENTO OBRIGATORIO,SP,MOTOCICLO,PARTICULAR,1,8,2026
6477,GUARULHOS,7714-2,Cond motoc/moton/ciclom transp pass c/ cap seg c/ vis/oc prot des c/ reg Contran,SP,MOTOCICLO,PARTICULAR,1,8,2026
7107,SAO PAULO,5002-0,"Multa, por nao identificacao do condutor infrator, imposta a pessoa juridica",Outras UFs,CAMINHAO,ALUGUEL,2,8,2026
6933,PROMISSAO,6599-2,CONDUZIR O VEICULO REGISTRADO QUE NAO ESTEJA DEVIDAMENTE LICENCIADO,SP,AUTOMOVEL,PARTICULAR,1,8,2026
6375,DESCALVADO,5045-0,DIRIGIR VEICULO COM VALIDADE DE CNH/PPD VENCIDA HA MAIS DE 30 DIAS,SP,MOTOCICLO,PARTICULAR,1,8,2026
6711,MOCOCA,5118-0,PERMITIR POSSE/CONDUCAO DO VEICULO A PESSOA SEM CNH/PPD/ACC,SP,MOTOCICLO,PARTICULAR,1,8,2026
7107,SAO PAULO,7633-2,Dirigir veiculo manuseando telefone celular,SP,MICROONIB,ALUGUEL,1,8,2026
6285,CAJAMAR,6149-0,DEIXAR DE DAR PREFERENCIA A PEDESTRE PORT DEFICIENCIA FIS/CRIANCA/IDOSO/GESTANTE,SP,MOTOCICLO,PARTICULAR,1,8,2026
6477,GUARULHOS,7714-1,Cond motoc/moton/ciclom transp pass c/ cap de seg s/ vis/ocul de protecao,SP,MOTOCICLO,PARTICULAR,1,8,2026
7149,SUMARE,6637-1,CONDUZIR O VEICULO SEM EQUIPAMENTO OBRIGATORIO,SP,AUTOMOVEL,PARTICULAR,1,8,2026
6639,LIMEIRA,5010-0,DIRIGIR VEICULO SEM POSSUIR CNH/PPD/ACC,SP,CAMINHONET,PARTICULAR,1,8,2026
6451,GUAPIACU,7048-1,"CONDUZIR MOTOCICLETA, MOTONETA E CICLOMOTOR TRANSPORTANDO PASSAGEIRO S/ CAPACETE",SP,MOTONETA,PARTICULAR,1,8,2026
6427,FRANCISCO MORATO,5010-0,DIRIGIR VEICULO SEM POSSUIR CNH/PPD/ACC,SP,MOTOCICLO,PARTICULAR,1,8,2026
6101,ADAMANTINA,5193-0,Transportar crianca sem observancia das normas de seguranca estabelecidas p/ CTB,SP,AUTOMOVEL,PARTICULAR,1,8,2026
6607,JAU,6530-0,USAR NO VEICULO EQUIP C/ SOM EM VOLUME/FREQUENCIA NAO AUTORIZADOS PELO CONTRAN,SP,AUTOMOVEL,PARTICULAR,1,8,2026
6415,FERRAZ DE VASCONCELOS,6599-2,CONDUZIR O VEICULO REGISTRADO QUE NAO ESTEJA DEVIDAMENTE LICENCIADO,SP,CAMIONETA,PARTICULAR,1,8,2026
6291,CAMPINAS,7684-2,Cond motoc/moton/ciclom c/ util cap de seg c/ vis/ocul prot des c/ regul Contran,SP,MOTONETA,PARTICULAR,1,8,2026
6969,RIBEIRAO PRETO,6726-1,"CONDUZIR O VEICULO EM MAU ESTADO DE CONSERVACAO, COMPROMETENDO A SEGURANCA",SP,MOTOCICLO,PARTICULAR,1,8,2026
790,ARCO IRIS,6599-2,CONDUZIR O VEICULO REGISTRADO QUE NAO ESTEJA DEVIDAMENTE LICENCIADO,Outras UFs,MOTOCICLO,PARTICULAR,1,8,2026
6959,RIBEIRAO BONITO,5185-1,Deixar o condutor de usar o cinto seguranca,Outras UFs,AUTOMOVEL,PARTICULAR,1,8,2026
7107,SAO PAULO,7315-0,DIRIGIR O VEICULO COM O BRACO DO LADO DE FORA,SP,AUTOMOVEL,PARTICULAR,1,8,2026
6147,ANHUMAS,5045-0,DIRIGIR VEICULO COM VALIDADE DE CNH/PPD VENCIDA HA MAIS DE 30 DIAS,SP,MOTOCICLO,PARTICULAR,1,8,2026
6891,PITANGUEIRAS,5274-2,UTILIZ VEIC DEM/EXIBIR MANOB PERIG MED DERRAP/FRENAG C/DESLIZ/ARRAST PNEUS,SP,MOTOCICLO,PARTICULAR,1,8,2026
7107,SAO PAULO,5843-4,"Deixar de indicar c/ antec, med gesto de braco/luz indicadora, mudanca de faixa",SP,MOTOCICLO,PARTICULAR,4,8,2026
6587,JABOTICABAL,6530-0,USAR NO VEICULO EQUIP C/ SOM EM VOLUME/FREQUENCIA NAO AUTORIZADOS PELO CONTRAN,SP,AUTOMOVEL,PARTICULAR,1,8,2026
7009,SALTO GRANDE,6637-2,CONDUZIR O VEICULO COM EQUIPAMENTO OBRIGATORIO INEFICIENTE/INOPERANTE,SP,AUTOMOVEL,PARTICULAR,1,8,2026
6285,CAJAMAR,6599-2,CONDUZIR O VEICULO REGISTRADO QUE NAO ESTEJA DEVIDAMENTE LICENCIADO,SP,MOTONETA,PARTICULAR,1,8,2026
7107,SAO PAULO,6599-2,CONDUZIR O VEICULO REGISTRADO QUE NAO ESTEJA DEVIDAMENTE LICENCIADO,SP,CAMIONETA,ALUGUEL,2,8,2026
7181,TATUI,6637-1,CONDUZIR O VEICULO SEM EQUIPAMENTO OBRIGATORIO,SP,MOTOCICLO,PARTICULAR,1,8,2026
6493,IBITINGA,7056-1,CONDUZIR MOTOC/MOTON/CICLOMOTOR FAZENDO MALABARISMO/EQUILIBRANDO-SE EM UMA RODA,SP,MOTOCICLO,PARTICULAR,1,8,2026
6361,COTIA,6653-1,CONDUZIR O VEICULO COM DESCARGA LIVRE,SP,MOTOCICLO,PARTICULAR,2,8,2026
7121,SAO VICENTE,6050-1,AVAN O SIN VERM DO SEMAF EXC SE HOUVER SINALIZ PERM LIVRE CONV A DIR,SP,AUTOMOVEL,PARTICULAR,1,8,2026
6155,ARACATUBA,6599-2,CONDUZIR O VEICULO REGISTRADO QUE NAO ESTEJA DEVIDAMENTE LICENCIADO,SP,CAMINHONET,PARTICULAR,1,8,2026
7079,SAO CARLOS,6599-2,CONDUZIR O VEICULO REGISTRADO QUE NAO ESTEJA DEVIDAMENTE LICENCIADO,SP,CAMIONETA,PARTICULAR,1,8,2026
7005,SALTO,6050-1,AVAN O SIN VERM DO SEMAF EXC SE HOUVER SINALIZ PERM LIVRE CONV A DIR,SP,CAMIONETA,PARTICULAR,1,8,2026
6449,GUAIRA,6530-0,USAR NO VEICULO EQUIP C/ SOM EM VOLUME/FREQUENCIA NAO AUTORIZADOS PELO CONTRAN,SP,AUTOMOVEL,PARTICULAR,1,8,2026
6231,BIRITIBA-MIRIM,6580-0,CONDUZIR O VEICULO SEM QUALQUER UMA DAS PLACAS DE IDENTIFICACAO,SP,AUTOMOVEL,PARTICULAR,1,8,2026
7209,UBATUBA,6599-2,CONDUZIR O VEICULO REGISTRADO QUE NAO ESTEJA DEVIDAMENTE LICENCIADO,Outras UFs,MOTOCICLO,PARTICULAR,1,8,2026
6875,PIRACICABA,5819-1,"TRANSITAR COM O VEICULO EM CALCADAS, PASSEIOS",SP,AUTOMOVEL,PARTICULAR,1,8,2026
7107,SAO PAULO,5215-1,Dirigir ameacando os pedestres que estejam atravessando a via publica,SP,MOTONETA,PARTICULAR,1,8,2026
6529,IRACEMAPOLIS,7749-2,DIRIGIR VEICULO SEM POSSUIR CURSOS ESPECIFICOS OBRIGATORIOS,SP,MOTOCICLO,PARTICULAR,1,8,2026
6469,GUARATINGUETA,6599-2,CONDUZIR O VEICULO REGISTRADO QUE NAO ESTEJA DEVIDAMENTE LICENCIADO,SP,CAMIONETA,PARTICULAR,1,8,2026
7099,SAO JOSE DOS CAMPOS,5819-1,"TRANSITAR COM O VEICULO EM CALCADAS, PASSEIOS",SP,MOTOCICLO,PARTICULAR,1,8,2026
6165,ARARAS,6530-0,USAR NO VEICULO EQUIP C/ SOM EM VOLUME/FREQUENCIA NAO AUTORIZADOS PELO CONTRAN,SP,AUTOMOVEL,PARTICULAR,1,8,2026
6163,ARARAQUARA,5967-0,"ULTRAPASSAR PELA CONTRAMAO LINHA DE DIVISAO DE FLUXOS OPOSTOS, CONTINUA AMARELA",SP,AUTOMOVEL,PARTICULAR,1,8,2026
7135,SERTAOZINHO,7684-1,Cond motoc/moton/ciclom c/ util cap de seg s/ vis/ocul prot,SP,MOTONETA,PARTICULAR,1,8,2026
7107,SAO PAULO,5185-2,Deixar o passageiro de usar o cinto seguranca,Outras UFs,CAMIONETA,PARTICULAR,1,8,2026
3061,NOVA CAMPINA,6653-1,CONDUZIR O VEICULO COM DESCARGA LIVRE,SP,MOTOCICLO,PARTICULAR,1,8,2026
6611,JOANOPOLIS,6599-2,CONDUZIR O VEICULO REGISTRADO QUE NAO ESTEJA DEVIDAMENTE LICENCIADO,SP,CAMIONETA,PARTICULAR,1,8,2026
6469,GUARATINGUETA,5010-0,DIRIGIR VEICULO SEM POSSUIR CNH/PPD/ACC,SP,AUTOMOVEL,PARTICULAR,1,8,2026
6527,IPUA,5410-0,ESTACIONAR EM DESACORDO COM AS POSICOES ESTABELECIDAS NO CTB,SP,AUTOMOVEL,PARTICULAR,1,8,2026
6853,PERUIBE,5037-1,DIRIGIR VEICULO COM CNH DE CATEGORIA DIFERENTE DA DO VEICULO,SP,MOTOCICLO,PARTICULAR,1,8,2026
6563,ITAQUAQUECETUBA,7048-1,"CONDUZIR MOTOCICLETA, MOTONETA E CICLOMOTOR TRANSPORTANDO PASSAGEIRO S/ CAPACETE",SP,MOTOCICLO,PARTICULAR,1,8,2026
7107,SAO PAULO,7749-1,DIRIGIR VEICULO SEM POSSUIR CURSOS ESPECIALIZADOS OBRIGATORIOS,SP,CAMINHAO,PARTICULAR,1,8,2026
6425,FRANCA,6769-0,"CONDUZIR VEIC C/ DEFEITO NO SIST DE ILUMINACAO, SINALIZ OU LAMPADAS QUEIMADAS",SP,MOTOCICLO,PARTICULAR,1,8,2026
7075,SAO BERNARDO DO CAMPO,5045-0,DIRIGIR VEICULO COM VALIDADE DE CNH/PPD VENCIDA HA MAIS DE 30 DIAS,SP,AUTOMOVEL,PARTICULAR,1,8,2026
6533,IRAPURU,6645-0,CONDUZIR O VEICULO COM EQUIP OBRIGATORIO EM DESACORDO COM O ESTAB PELO CONTRAN,SP,ONIBUS,OFICIAL,3,8,2026
7109,SAO PEDRO,6637-2,CONDUZIR O VEICULO COM EQUIPAMENTO OBRIGATORIO INEFICIENTE/INOPERANTE,SP,AUTOMOVEL,PARTICULAR,1,8,2026
6323,CATANDUVA,6637-1,CONDUZIR O VEICULO SEM EQUIPAMENTO OBRIGATORIO,SP,AUTOMOVEL,PARTICULAR,1,8,2026
6401,EMBU DAS ARTES,5347-0,"DEIXAR O CONDUTOR ENVOLVIDO EM ACIDENTE S/ VITIMA, DE REMOVER O VEICULO DO LOCAL",SP,CAMIONETA,PARTICULAR,1,8,2026
7139,SEVERINIA,5010-0,DIRIGIR VEICULO SEM POSSUIR CNH/PPD/ACC,SP,MOTOCICLO,PARTICULAR,1,8,2026
6825,PARIQUERA-ACU,7293-0,"UTILIZAR O PISCA-ALERTA, EXCETO EM IMOBILIZACOES OU SITUACOES DE EMERGENCIA",SP,AUTOMOVEL,PARTICULAR,1,8,2026
6173,ARIRANHA,6726-1,"CONDUZIR O VEICULO EM MAU ESTADO DE CONSERVACAO, COMPROMETENDO A SEGURANCA",SP,MOTOCICLO,PARTICULAR,1,8,2026
6681,MARILIA,7048-1,"CONDUZIR MOTOCICLETA, MOTONETA E CICLOMOTOR TRANSPORTANDO PASSAGEIRO S/ CAPACETE",SP,MOTOCICLO,PARTICULAR,1,8,2026
6375,DESCALVADO,5410-0,ESTACIONAR EM DESACORDO COM AS POSICOES ESTABELECIDAS NO CTB,SP,CAMINHONET,PARTICULAR,1,8,2026
7097,SAO JOSE DO RIO PRETO,6580-0,CONDUZIR O VEICULO SEM QUALQUER UMA DAS PLACAS DE IDENTIFICACAO,SP,AUTOMOVEL,PARTICULAR,1,8,2026
7177,TAQUARITUBA,5738-0,TRANSITAR PELA CONTRAMAO DE DIRECAO EM VIA C/ SINALIZACAO DE REGUL SENTIDO UNICO,SP,MOTOCICLO,PARTICULAR,1,8,2026
6409,FARTURA,6530-0,USAR NO VEICULO EQUIP C/ SOM EM VOLUME/FREQUENCIA NAO AUTORIZADOS PELO CONTRAN,Outras UFs,CAMINHONET,PARTICULAR,1,8,2026
6547,ITAPETININGA,7048-1,"CONDUZIR MOTOCICLETA, MOTONETA E CICLOMOTOR TRANSPORTANDO PASSAGEIRO S/ CAPACETE",SP,MOTOCICLO,PARTICULAR,1,8,2026
6867,PINHALZINHO,5010-0,DIRIGIR VEICULO SEM POSSUIR CNH/PPD/ACC,SP,MOTOCICLO,PARTICULAR,1,8,2026
7257,GUATAPARA,6599-2,CONDUZIR O VEICULO REGISTRADO QUE NAO ESTEJA DEVIDAMENTE LICENCIADO,SP,MOTOCICLO,PARTICULAR,1,8,2026
6587,JABOTICABAL,7684-2,Cond motoc/moton/ciclom c/ util cap de seg c/ vis/ocul prot des c/ regul Contran,SP,MOTOCICLO,PARTICULAR,1,8,2026
2967,CAJATI,6599-2,CONDUZIR O VEICULO REGISTRADO QUE NAO ESTEJA DEVIDAMENTE LICENCIADO,SP,AUTOMOVEL,PARTICULAR,1,8,2026
6987,ROSEIRA,5738-0,TRANSITAR PELA CONTRAMAO DE DIRECAO EM VIA C/ SINALIZACAO DE REGUL SENTIDO UNICO,SP,MOTOCICLO,PARTICULAR,1,8,2026
6931,PRESIDENTE VENCESLAU,5010-0,DIRIGIR VEICULO SEM POSSUIR CNH/PPD/ACC,SP,MOTOCICLO,PARTICULAR,1,8,2026
6789,OSASCO,5185-1,Deixar o condutor de usar o cinto seguranca,Outras UFs,CAMINHONET,PARTICULAR,1,8,2026
7161,TAGUAI,6530-0,USAR NO VEICULO EQUIP C/ SOM EM VOLUME/FREQUENCIA NAO AUTORIZADOS PELO CONTRAN,SP,CAMINHONET,PARTICULAR,1,8,2026
6125,ALVARES MACHADO,5738-0,TRANSITAR PELA CONTRAMAO DE DIRECAO EM VIA C/ SINALIZACAO DE REGUL SENTIDO UNICO,SP,MOTONETA,PARTICULAR,1,8,2026
6987,ROSEIRA,5568-0,ESTACIONAR LOCAL/HORARIO DE ESTACIONAMENTO E PARADA PROIBIDOS PELA SINALIZACAO,SP,CAMIONETA,PARTICULAR,1,8,2026
7181,TATUI,6653-2,CONDUZIR O VEICULO COM SILENCIADOR DE MOTOR DEFEITUOSO/DEFICIENTE/INOPERANTE,SP,MOTOCICLO,PARTICULAR,1,8,2026
6375,DESCALVADO,5193-0,Transportar crianca sem observancia das normas de seguranca estabelecidas p/ CTB,SP,AUTOMOVEL,PARTICULAR,1,8,2026
6425,FRANCA,5738-0,TRANSITAR PELA CONTRAMAO DE DIRECAO EM VIA C/ SINALIZACAO DE REGUL SENTIDO UNICO,SP,AUTOMOVEL,PARTICULAR,1,8,2026
6301,CANDIDO MOTA,5835-0,Desobedecer as ordens emanadas da autorid compet de transito ou de seus agentes,SP,MOTOCICLO,PARTICULAR,1,8,2026
6927,PRESIDENTE EPITACIO,6530-0,USAR NO VEICULO EQUIP C/ SOM EM VOLUME/FREQUENCIA NAO AUTORIZADOS PELO CONTRAN,SP,CAMINHONET,PARTICULAR,1,8,2026
7047,SANTANA DE PARNAIBA,5010-0,DIRIGIR VEICULO SEM POSSUIR CNH/PPD/ACC,SP,CICLOMOTO,PARTICULAR,1,8,2026
6309,CAPIVARI,7684-2,Cond motoc/moton/ciclom c/ util cap de seg c/ vis/ocul prot des c/ regul Contran,SP,MOTOCICLO,PARTICULAR,1,8,2026
6173,ARIRANHA,5487-0,ESTACIONAR AO LADO DE OUTRO VEICULO EM FILA DUPLA,SP,AUTOMOVEL,PARTICULAR,1,8,2026
6291,CAMPINAS,6050-2,AVANCAR O SINAL DE PARADA OBRIGATORIA,SP,AUTOMOVEL,PARTICULAR,1,8,2026
7155,TABATINGA,5193-0,Transportar crianca sem observancia das normas de seguranca estabelecidas p/ CTB,SP,AUTOMOVEL,PARTICULAR,1,8,2026
6163,ARARAQUARA,5819-1,"TRANSITAR COM O VEICULO EM CALCADAS, PASSEIOS",SP,MOTOCICLO,PARTICULAR,1,8,2026
7033,SANTA FE DO SUL,6653-1,CONDUZIR O VEICULO COM DESCARGA LIVRE,Outras UFs,MOTOCICLO,PARTICULAR,1,8,2026
6789,OSASCO,5061-0,ENTREGAR VEICULO A PESSOA SEM CNH/PPD/ACC,SP,MOTOCICLO,PARTICULAR,1,8,2026
6477,GUARULHOS,6599-2,CONDUZIR O VEICULO REGISTRADO QUE NAO ESTEJA DEVIDAMENTE LICENCIADO,Outras UFs,AUTOMOVEL,,1,8,2026
6587,JABOTICABAL,5207-0,Dirigir sem atencao ou sem os cuidados indispensaveis a seguranca,SP,AUTOMOVEL,PARTICULAR,2,8,2026
6643,LINS,7633-2,Dirigir veiculo manuseando telefone celular,SP,MOTONETA,PARTICULAR,1,8,2026
2965,BERTIOGA,6599-2,CONDUZIR O VEICULO REGISTRADO QUE NAO ESTEJA DEVIDAMENTE LICENCIADO,SP,CAMIONETA,PARTICULAR,1,8,2026
6713,MOGI DAS CRUZES,5118-0,PERMITIR POSSE/CONDUCAO DO VEICULO A PESSOA SEM CNH/PPD/ACC,SP,CAMIONETA,PARTICULAR,1,8,2026
6455,GUARA,6530-0,USAR NO VEICULO EQUIP C/ SOM EM VOLUME/FREQUENCIA NAO AUTORIZADOS PELO CONTRAN,SP,AUTOMOVEL,PARTICULAR,1,8,2026
2977,MARAPOAMA,5010-0,DIRIGIR VEICULO SEM POSSUIR CNH/PPD/ACC,SP,MOTOCICLO,PARTICULAR,1,8,2026
6425,FRANCA,7633-1,Dirigir veiculo segurando telefone celular,SP,AUTOMOVEL,PARTICULAR,1,8,2026
6285,CAJAMAR,5185-1,Deixar o condutor de usar o cinto seguranca,SP,CAMINHAO,ALUGUEL,2,8,2026
6291,CAMPINAS,5118-0,PERMITIR POSSE/CONDUCAO DO VEICULO A PESSOA SEM CNH/PPD/ACC,SP,MOTOCICLO,PARTICULAR,1,8,2026
6427,FRANCISCO MORATO,5835-0,Desobedecer as ordens emanadas da autorid compet de transito ou de seus agentes,SP,CAMIONETA,PARTICULAR,1,8,2026
6587,JABOTICABAL,7056-1,CONDUZIR MOTOC/MOTON/CICLOMOTOR FAZENDO MALABARISMO/EQUILIBRANDO-SE EM UMA RODA,SP,MOTOCICLO,PARTICULAR,2,8,2026
6619,JUNDIAI,5037-1,DIRIGIR VEICULO COM CNH DE CATEGORIA DIFERENTE DA DO VEICULO,SP,MOTONETA,PARTICULAR,1,8,2026
7107,SAO PAULO,5711-0,DEIXAR DE CONSERVAR NAS FAIXAS DA DIREITA O VEICULO LENTO E DE MAIOR PORTE,Outras UFs,CAMINHAO,ALUGUEL,1,8,2026
7033,SANTA FE DO SUL,5231-1,ATIRAR DO VEICULO OBJETOS OU SUBSTANCIAS,SP,AUTOMOVEL,PARTICULAR,1,8,2026
6979,RIO CLARO,5720-0,TRANSITAR PELA CONTRAMAO DE DIRECAO EM VIA COM DUPLO SENTIDO DE CIRCULACAO,SP,MOTOCICLO,PARTICULAR,1,8,2026
6281,CAIEIRAS,5010-0,DIRIGIR VEICULO SEM POSSUIR CNH/PPD/ACC,SP,MOTOCICLO,PARTICULAR,2,8,2026
6291,CAMPINAS,7633-1,Dirigir veiculo segurando telefone celular,SP,AUTOMOVEL,PARTICULAR,1,8,2026
7009,SALTO GRANDE,6610-2,CONDUZIR O VEICULO COM CARACTERISTICA ALTERADA,SP,MOTOCICLO,PARTICULAR,1,8,2026
6509,ILHABELA,6637-1,CONDUZIR O VEICULO SEM EQUIPAMENTO OBRIGATORIO,SP,MOTOCICLO,PARTICULAR,1,8,2026
7107,SAO PAULO,7749-1,DIRIGIR VEICULO SEM POSSUIR CURSOS ESPECIALIZADOS OBRIGATORIOS,SP,AUTOMOVEL,PARTICULAR,1,8,2026
6409,FARTURA,5010-0,DIRIGIR VEICULO SEM POSSUIR CNH/PPD/ACC,SP,MOTOCICLO,PARTICULAR,1,8,2026
7099,SAO JOSE DOS CAMPOS,5959-1,ULTRAPASSAR PELA CONTRAMAO VEICULO PARADO EM FILA JUNTO SINAL LUMINOSO,SP,AUTOMOVEL,PARTICULAR,1,8,2026
6843,PEDREIRA,6408-0,PORTAR NO VEICULO PLACAS DE IDENTIFICACAO EM DESACORDO C/ ESPECIF/MODELO CONTRAN,SP,MOTOCICLO,PARTICULAR,1,8,2026
7201,TUPA,5010-0,DIRIGIR VEICULO SEM POSSUIR CNH/PPD/ACC,SP,MOTOCICLO,PARTICULAR,1,8,2026
7201,TUPA,7633-1,Dirigir veiculo segurando telefone celular,SP,AUTOMOVEL,PARTICULAR,1,8,2026
6969,RIBEIRAO PRETO,6599-2,CONDUZIR O VEICULO REGISTRADO QUE NAO ESTEJA DEVIDAMENTE LICENCIADO,SP,CICLOMOTO,PARTICULAR,1,8,2026
6357,COSMOPOLIS,5185-1,Deixar o condutor de usar o cinto seguranca,SP,AUTOMOVEL,PARTICULAR,1,8,2026
6493,IBITINGA,5266-2,PARTICIPAR NA VIA COMO CONDUTOR EM EVENTOS ORGANIZADOS SEM PERMISSAO,SP,MOTOCICLO,PARTICULAR,1,8,2026
6921,PRAIA GRANDE,6580-0,CONDUZIR O VEICULO SEM QUALQUER UMA DAS PLACAS DE IDENTIFICACAO,SP,CICLOMOTO,PARTICULAR,1,8,2026
6415,FERRAZ DE VASCONCELOS,6491-0,USAR BUZINA PROLONGADA E SUCESSIVAMENTE A QUALQUER PRETEXTO,SP,MOTOCICLO,PARTICULAR,1,8,2026
6563,ITAQUAQUECETUBA,6530-0,USAR NO VEICULO EQUIP C/ SOM EM VOLUME/FREQUENCIA NAO AUTORIZADOS PELO CONTRAN,SP,AUTOMOVEL,PARTICULAR,1,8,2026
6477,GUARULHOS,5169-1,DIRIGIR SOB A INFLUENCIA DE ALCOOL,Outras UFs,CAMIONETA,PARTICULAR,1,8,2026
7181,TATUI,5460-0,ESTACIONAR EM GUIA DE CALCADA REBAIXADA DESTINADA A ENTRADA/SAIDA DE VEICULOS,SP,MOTOCICLO,PARTICULAR,1,8,2026
7267,TARUMA,5142-0,PERMITIR POSSE/CONDUCAO DO VEIC A PESSOA COM CNH/PPD VENCIDA HA MAIS DE 30 DIAS,SP,MOTOCICLO,PARTICULAR,1,8,2026
7107,SAO PAULO,6670-0,CONDUZIR O VEICULO C/ EQUIP DO SISTEMA DE ILUMINACAO E DE SINALIZACAO ALTERADOS,Outras UFs,AUTOMOVEL,PARTICULAR,1,8,2026
6275,CACONDE,6726-1,"CONDUZIR O VEICULO EM MAU ESTADO DE CONSERVACAO, COMPROMETENDO A SEGURANCA",SP,MOTOCICLO,PARTICULAR,1,8,2026
6847,PENAPOLIS,6050-1,AVAN O SIN VERM DO SEMAF EXC SE HOUVER SINALIZ PERM LIVRE CONV A DIR,SP,AUTOMOVEL,PARTICULAR,1,8,2026
6251,BRAGANCA PAULISTA,7684-2,Cond motoc/moton/ciclom c/ util cap de seg c/ vis/ocul prot des c/ regul Contran,SP,MOTOCICLO,PARTICULAR,3,8,2026
6789,OSASCO,5819-1,"TRANSITAR COM O VEICULO EM CALCADAS, PASSEIOS",SP,MOTOCICLO,PARTICULAR,1,8,2026
6125,ALVARES MACHADO,5835-0,Desobedecer as ordens emanadas da autorid compet de transito ou de seus agentes,SP,MOTOCICLO,PARTICULAR,1,8,2026
7107,SAO PAULO,7633-2,Dirigir veiculo manuseando telefone celular,Outras UFs,CAMINHAO,ALUGUEL,1,8,2026
7107,SAO PAULO,6122-0,DEIXAR DE DAR PREFERENCIA A PEDESTRE/VEIC N MOTORIZADO NA FAIXA A ELE DESTINADA,SP,MOTOCICLO,PARTICULAR,1,8,2026
6545,ITAPECERICA DA SERRA,5185-1,Deixar o condutor de usar o cinto seguranca,SP,CAMIONETA,OFICIAL,1,8,2026
7107,SAO PAULO,6920-1,"Deixar de efetuar registro do veiculo em 30 dias, qdo for transf a propriedade",SP,AUTOMOVEL,C. CONSULAR,1,8,2026
6425,FRANCA,5010-0,DIRIGIR VEICULO SEM POSSUIR CNH/PPD/ACC,SP,CAMINHONET,ALUGUEL,1,8,2026
7107,SAO PAULO,6653-1,CONDUZIR O VEICULO COM DESCARGA LIVRE,SP,MOTONETA,PARTICULAR,1,8,2026
7183,TAUBATE,6602-0,CONDUZIR O VEICULO COM QUALQUER UMA DAS PLACAS SEM LEGIBILIDADE E VISIBILIDADE,Outras UFs,MOTOCICLO,PARTICULAR,1,8,2026
6175,ARTUR NOGUEIRA,5215-2,Dirigir ameacando os demais veiculos,SP,MOTOCICLO,PARTICULAR,1,8,2026
6219,BAURU,6769-0,"CONDUZIR VEIC C/ DEFEITO NO SIST DE ILUMINACAO, SINALIZ OU LAMPADAS QUEIMADAS",SP,MOTOCICLO,PARTICULAR,1,8,2026
6703,MIRANDOPOLIS,6726-1,"CONDUZIR O VEICULO EM MAU ESTADO DE CONSERVACAO, COMPROMETENDO A SEGURANCA",SP,MOTOCICLO,PARTICULAR,1,8,2026
2955,TUIUTI,6599-2,CONDUZIR O VEICULO REGISTRADO QUE NAO ESTEJA DEVIDAMENTE LICENCIADO,SP,AUTOMOVEL,PARTICULAR,1,8,2026
6969,RIBEIRAO PRETO,5835-0,Desobedecer as ordens emanadas da autorid compet de transito ou de seus agentes,SP,MOTOCICLO,PARTICULAR,1,8,2026
7145,SOROCABA,6645-0,CONDUZIR O VEICULO COM EQUIP OBRIGATORIO EM DESACORDO COM O ESTAB PELO CONTRAN,SP,MOTONETA,PARTICULAR,1,8,2026
7107,SAO PAULO,5088-1,ENTREGAR VEICULO A PESSOA COM CNH DE CATEGORIA DIFERENTE DA DO VEICULO,SP,CAMIONETA,PARTICULAR,1,8,2026
6713,MOGI DAS CRUZES,6653-1,CONDUZIR O VEICULO COM DESCARGA LIVRE,SP,CAMIONETA,ALUGUEL,1,8,2026
6875,PIRACICABA,5215-2,Dirigir ameacando os demais veiculos,SP,C. TRATOR,ALUGUEL,1,8,2026
6569,ITATIBA,5967-0,"ULTRAPASSAR PELA CONTRAMAO LINHA DE DIVISAO DE FLUXOS OPOSTOS, CONTINUA AMARELA",SP,AUTOMOVEL,PARTICULAR,1,8,2026
6563,ITAQUAQUECETUBA,6637-1,CONDUZIR O VEICULO SEM EQUIPAMENTO OBRIGATORIO,SP,MOTOCICLO,PARTICULAR,2,8,2026
6861,PINDAMONHANGABA,7633-2,Dirigir veiculo manuseando telefone celular,SP,AUTOMOVEL,PARTICULAR,1,8,2026
6607,JAU,5010-0,DIRIGIR VEICULO SEM POSSUIR CNH/PPD/ACC,SP,MOTOCICLO,PARTICULAR,4,8,2026
6715,MOGI-GUACU,7056-1,CONDUZIR MOTOC/MOTON/CICLOMOTOR FAZENDO MALABARISMO/EQUILIBRANDO-SE EM UMA RODA,SP,MOTOCICLO,PARTICULAR,1,8,2026
6369,CRUZEIRO,7633-2,Dirigir veiculo manuseando telefone celular,SP,CAMIONETA,PARTICULAR,1,8,2026
7201,TUPA,6530-0,USAR NO VEICULO EQUIP C/ SOM EM VOLUME/FREQUENCIA NAO AUTORIZADOS PELO CONTRAN,SP,CAMINHONET,PARTICULAR,1,8,2026
7207,TURMALINA,5118-0,PERMITIR POSSE/CONDUCAO DO VEICULO A PESSOA SEM CNH/PPD/ACC,SP,AUTOMOVEL,PARTICULAR,1,8,2026
6713,MOGI DAS CRUZES,5045-0,DIRIGIR VEICULO COM VALIDADE DE CNH/PPD VENCIDA HA MAIS DE 30 DIAS,SP,AUTOMOVEL,ALUGUEL,1,8,2026
6879,PIRAJUI,5274-1,UTILIZ VEIC DEMONST/EXIBIR MANOBRA PERIGOSA MEDIANTE ARRANCADA BRUSCA,SP,MOTOCICLO,PARTICULAR,1,8,2026
7107,SAO PAULO,6556-1,CONDUZIR O VEICULO COM O LACRE DE IDENTIFICACAO VIOLADO/FALSIFICADO,SP,MOTOCICLO,PARTICULAR,1,8,2026
6105,AGUAI,6050-2,AVANCAR O SINAL DE PARADA OBRIGATORIA,SP,AUTOMOVEL,PARTICULAR,1,8,2026
6509,ILHABELA,7579-0,"REC SUB TEST, EX CLIN, PERIC OU PROC Q PERM CERT INFL ALC/SUB PSIC FOR ART. 277",SP,CAMIONETA,PARTICULAR,1,8,2026
6291,CAMPINAS,7633-2,Dirigir veiculo manuseando telefone celular,SP,MOTOCICLO,PARTICULAR,1,8,2026
7005,SALTO,6599-2,CONDUZIR O VEICULO REGISTRADO QUE NAO ESTEJA DEVIDAMENTE LICENCIADO,SP,AUTOMOVEL,PARTICULAR,1,8,2026
6137,AMPARO,5185-1,Deixar o condutor de usar o cinto seguranca,SP,CAMINHONET,PARTICULAR,1,8,2026
6481,HERCULANDIA,5738-0,TRANSITAR PELA CONTRAMAO DE DIRECAO EM VIA C/ SINALIZACAO DE REGUL SENTIDO UNICO,SP,CAMINHONET,PARTICULAR,1,8,2026
6477,GUARULHOS,7633-2,Dirigir veiculo manuseando telefone celular,SP,MOTOCICLO,PARTICULAR,1,8,2026
6357,COSMOPOLIS,7684-2,Cond motoc/moton/ciclom c/ util cap de seg c/ vis/ocul prot des c/ regul Contran,SP,MOTOCICLO,PARTICULAR,1,8,2026
6409,FARTURA,6050-2,AVANCAR O SINAL DE PARADA OBRIGATORIA,Outras UFs,AUTOMOVEL,PARTICULAR,1,8,2026
6259,BROTAS,5010-0,DIRIGIR VEICULO SEM POSSUIR CNH/PPD/ACC,SP,MOTOCICLO,PARTICULAR,1,8,2026
6815,PARAISO,7579-0,"REC SUB TEST, EX CLIN, PERIC OU PROC Q PERM CERT INFL ALC/SUB PSIC FOR ART. 277",SP,AUTOMOVEL,PARTICULAR,1,8,2026
7107,SAO PAULO,5819-6,TRANSITAR COM O VEICULO EM MARCAS DE CANALIZACAO,SP,AUTOMOVEL,ALUGUEL,1,8,2026
7099,SAO JOSE DOS CAMPOS,5274-1,UTILIZ VEIC DEMONST/EXIBIR MANOBRA PERIGOSA MEDIANTE ARRANCADA BRUSCA,SP,AUTOMOVEL,PARTICULAR,1,8,2026
6783,ORIENTE,5037-1,DIRIGIR VEICULO COM CNH DE CATEGORIA DIFERENTE DA DO VEICULO,SP,MOTOCICLO,PARTICULAR,1,8,2026
7213,UCHOA,6653-1,CONDUZIR O VEICULO COM DESCARGA LIVRE,SP,MOTOCICLO,PARTICULAR,1,8,2026
7079,SAO CARLOS,6637-1,CONDUZIR O VEICULO SEM EQUIPAMENTO OBRIGATORIO,SP,ONIBUS,ALUGUEL,1,8,2026
6711,MOCOCA,6653-1,CONDUZIR O VEICULO COM DESCARGA LIVRE,SP,MOTOCICLO,PARTICULAR,1,8,2026
6529,IRACEMAPOLIS,5118-0,PERMITIR POSSE/CONDUCAO DO VEICULO A PESSOA SEM CNH/PPD/ACC,SP,MOTONETA,PARTICULAR,1,8,2026
6919,PRADOPOLIS,5118-0,PERMITIR POSSE/CONDUCAO DO VEICULO A PESSOA SEM CNH/PPD/ACC,SP,MOTONETA,PARTICULAR,1,8,2026
6713,MOGI DAS CRUZES,5185-2,Deixar o passageiro de usar o cinto seguranca,SP,AUTOMOVEL,PARTICULAR,1,8,2026
7037,SANTA ISABEL,5134-1,PERMITIR POSSE/CONDUCAO VEIC A PESSOA COM CNH CATEGORIA DIFERENTE DA DO VEICULO,SP,MOTONETA,PARTICULAR,1,8,2026
7005,SALTO,5118-0,PERMITIR POSSE/CONDUCAO DO VEICULO A PESSOA SEM CNH/PPD/ACC,SP,MOTOCICLO,PARTICULAR,1,8,2026
6239,BOITUVA,6599-2,CONDUZIR O VEICULO REGISTRADO QUE NAO ESTEJA DEVIDAMENTE LICENCIADO,SP,MOTOCICLO,PARTICULAR,1,8,2026
6469,GUARATINGUETA,6726-1,"CONDUZIR O VEICULO EM MAU ESTADO DE CONSERVACAO, COMPROMETENDO A SEGURANCA",SP,AUTOMOVEL,PARTICULAR,1,8,2026
6687,MATAO,6050-2,AVANCAR O SINAL DE PARADA OBRIGATORIA,SP,AUTOMOVEL,PARTICULAR,1,8,2026
7151,SUZANO,5274-1,UTILIZ VEIC DEMONST/EXIBIR MANOBRA PERIGOSA MEDIANTE ARRANCADA BRUSCA,SP,AUTOMOVEL,PARTICULAR,1,8,2026
7107,SAO PAULO,6599-2,CONDUZIR O VEICULO REGISTRADO QUE NAO ESTEJA DEVIDAMENTE LICENCIADO,Outras UFs,CAMINHAO,ALUGUEL,1,8,2026
6703,MIRANDOPOLIS,7579-0,"REC SUB TEST, EX CLIN, PERIC OU PROC Q PERM CERT INFL ALC/SUB PSIC FOR ART. 277",SP,MOTOCICLO,PARTICULAR,1,8,2026
6275,CACONDE,6599-2,CONDUZIR O VEICULO REGISTRADO QUE NAO ESTEJA DEVIDAMENTE LICENCIADO,SP,MOTOCICLO,PARTICULAR,1,8,2026
6687,MATAO,5010-0,DIRIGIR VEICULO SEM POSSUIR CNH/PPD/ACC,SP,AUTOMOVEL,PARTICULAR,2,8,2026
6853,PERUIBE,5193-0,Transportar crianca sem observancia das normas de seguranca estabelecidas p/ CTB,SP,AUTOMOVEL,PARTICULAR,1,8,2026
6477,GUARULHOS,5770-3,DEIXAR DE DAR PASSAGEM A VEIC DE POLICIA EM SERVICO DE URGENCIA DEVID IDENTIF,SP,AUTOMOVEL,PARTICULAR,1,8,2026
7181,TATUI,5096-0,ENTREGAR VEICULO A PESSOA COM CNH/PPD VENCIDA HA MAIS DE 30 DIAS,SP,MOTOCICLO,PARTICULAR,1,8,2026
6861,PINDAMONHANGABA,5045-0,DIRIGIR VEICULO COM VALIDADE DE CNH/PPD VENCIDA HA MAIS DE 30 DIAS,SP,MOTOCICLO,PARTICULAR,1,8,2026
6173,ARIRANHA,5010-0,DIRIGIR VEICULO SEM POSSUIR CNH/PPD/ACC,SP,CAMINHONET,PARTICULAR,1,8,2026
7079,SAO CARLOS,6564-0,CONDUZIR O VEICULO TRANSPORTANDO PASSAGEIROS EM COMPARTIMENTO DE CARGA,SP,CAMINHONET,PARTICULAR,1,8,2026
6807,PALMITAL,6637-1,CONDUZIR O VEICULO SEM EQUIPAMENTO OBRIGATORIO,SP,MOTOCICLO,PARTICULAR,1,8,2026
2965,BERTIOGA,7684-2,Cond motoc/moton/ciclom c/ util cap de seg c/ vis/ocul prot des c/ regul Contran,SP,MOTONETA,PARTICULAR,1,8,2026
7149,SUMARE,5118-0,PERMITIR POSSE/CONDUCAO DO VEICULO A PESSOA SEM CNH/PPD/ACC,SP,AUTOMOVEL,PARTICULAR,1,8,2026
6239,BOITUVA,7617-3,"USAR QQ VEICULO PARA, DELIB, PERTURBAR CIRCULACAO NA VIA SEM AUT DO ORGAO",SP,MOTOCICLO,PARTICULAR,1,8,2026
6205,BARRA BONITA,6408-0,PORTAR NO VEICULO PLACAS DE IDENTIFICACAO EM DESACORDO C/ ESPECIF/MODELO CONTRAN,SP,MOTOCICLO,PARTICULAR,1,8,2026
2977,MARAPOAMA,6726-1,"CONDUZIR O VEICULO EM MAU ESTADO DE CONSERVACAO, COMPROMETENDO A SEGURANCA",SP,MOTOCICLO,PARTICULAR,1,8,2026
7145,SOROCABA,7633-2,Dirigir veiculo manuseando telefone celular,SP,CAMIONETA,PARTICULAR,1,8,2026
7083,SAO JOAO DA BOA VISTA,5274-1,UTILIZ VEIC DEMONST/EXIBIR MANOBRA PERIGOSA MEDIANTE ARRANCADA BRUSCA,SP,MOTOCICLO,PARTICULAR,1,8,2026
7107,SAO PAULO,6920-1,"Deixar de efetuar registro do veiculo em 30 dias, qdo for transf a propriedade",SP,MOTOCICLO,ALUGUEL,3,8,2026
7057,SANTO ANDRE,5738-0,TRANSITAR PELA CONTRAMAO DE DIRECAO EM VIA C/ SINALIZACAO DE REGUL SENTIDO UNICO,SP,CAMINHONET,PARTICULAR,1,8,2026
6639,LIMEIRA,7030-1,Conduzir motoc/moton/ciclom s/ capacete de seguranca,SP,MOTOCICLO,PARTICULAR,1,8,2026
7095,SAO JOSE DO RIO PARDO,6769-0,"CONDUZIR VEIC C/ DEFEITO NO SIST DE ILUMINACAO, SINALIZ OU LAMPADAS QUEIMADAS",SP,MOTOCICLO,PARTICULAR,1,8,2026
7027,SANTA CRUZ DAS PALMEIRAS,6726-1,"CONDUZIR O VEICULO EM MAU ESTADO DE CONSERVACAO, COMPROMETENDO A SEGURANCA",SP,AUTOMOVEL,PARTICULAR,1,8,2026
6887,PIRASSUNUNGA,7684-2,Cond motoc/moton/ciclom c/ util cap de seg c/ vis/ocul prot des c/ regul Contran,SP,MOTOCICLO,PARTICULAR,1,8,2026
6209,BARRETOS,7633-2,Dirigir veiculo manuseando telefone celular,SP,UTILITARIO,PARTICULAR,1,8,2026
7091,SAO JOSE DA BELA VISTA,5045-0,DIRIGIR VEICULO COM VALIDADE DE CNH/PPD VENCIDA HA MAIS DE 30 DIAS,SP,AUTOMOVEL,PARTICULAR,1,8,2026
7107,SAO PAULO,5002-0,"Multa, por nao identificacao do condutor infrator, imposta a pessoa juridica",SP,S. REBOQUE,ALUGUEL,1,8,2026
6789,OSASCO,5819-6,TRANSITAR COM O VEICULO EM MARCAS DE CANALIZACAO,SP,UTILITARIO,PARTICULAR,1,8,2026
6249,BOTUCATU,5010-0,DIRIGIR VEICULO SEM POSSUIR CNH/PPD/ACC,SP,MOTOCICLO,PARTICULAR,1,8,2026
6875,PIRACICABA,7773-2,ENTREGAR VEICULO A PESSOA SEM POSSUIR CURSOS ESPECIFICOS OBRIGATORIOS,SP,MOTOCICLO,PARTICULAR,1,8,2026
7107,SAO PAULO,5193-0,Transportar crianca sem observancia das normas de seguranca estabelecidas p/ CTB,Outras UFs,AUTOMOVEL,PARTICULAR,1,8,2026
6969,RIBEIRAO PRETO,6530-0,USAR NO VEICULO EQUIP C/ SOM EM VOLUME/FREQUENCIA NAO AUTORIZADOS PELO CONTRAN,SP,CAMINHONET,PARTICULAR,1,8,2026
7143,SOCORRO,6599-2,CONDUZIR O VEICULO REGISTRADO QUE NAO ESTEJA DEVIDAMENTE LICENCIADO,SP,CAMINHAO,ALUGUEL,1,8,2026
6865,ESPIRITO SANTO DO PINHAL,6726-1,"CONDUZIR O VEICULO EM MAU ESTADO DE CONSERVACAO, COMPROMETENDO A SEGURANCA",SP,MOTOCICLO,PARTICULAR,1,8,2026
6229,BIRIGUI,6726-1,"CONDUZIR O VEICULO EM MAU ESTADO DE CONSERVACAO, COMPROMETENDO A SEGURANCA",SP,MOTOCICLO,PARTICULAR,1,8,2026
2949,ENGENHEIRO COELHO,6653-2,CONDUZIR O VEICULO COM SILENCIADOR DE MOTOR DEFEITUOSO/DEFICIENTE/INOPERANTE,SP,MOTOCICLO,PARTICULAR,2,8,2026
7099,SAO JOSE DOS CAMPOS,6726-1,"CONDUZIR O VEICULO EM MAU ESTADO DE CONSERVACAO, COMPROMETENDO A SEGURANCA",Outras UFs,MOTOCICLO,PARTICULAR,2,8,2026
6291,CAMPINAS,6599-2,CONDUZIR O VEICULO REGISTRADO QUE NAO ESTEJA DEVIDAMENTE LICENCIADO,SP,CAMIONETA,PARTICULAR,1,8,2026
7107,SAO PAULO,5169-1,DIRIGIR SOB A INFLUENCIA DE ALCOOL,SP,CAMINHONET,PARTICULAR,1,8,2026
6589,JACAREI,7579-0,"REC SUB TEST, EX CLIN, PERIC OU PROC Q PERM CERT INFL ALC/SUB PSIC FOR ART. 277",SP,CAMINHONET,PARTICULAR,1,8,2026
6867,PINHALZINHO,5010-0,DIRIGIR VEICULO SEM POSSUIR CNH/PPD/ACC,SP,MOTONETA,PARTICULAR,1,8,2026
6563,ITAQUAQUECETUBA,5843-3,"Deixar de indicar c/ antec, med gesto de braco/luz indicadora, mudanca direcao",SP,MOTOCICLO,PARTICULAR,1,8,2026
7067,SANTO EXPEDITO,5207-0,Dirigir sem atencao ou sem os cuidados indispensaveis a seguranca,SP,MOTOCICLO,PARTICULAR,1,8,2026
6425,FRANCA,7340-0,DIRIGIR O VEIC USANDO CALCADO QUE N SE FIRME NOS PES/COMPROMETA UTILIZ PEDAIS,SP,MOTOCICLO,PARTICULAR,1,8,2026
6291,CAMPINAS,5096-0,ENTREGAR VEICULO A PESSOA COM CNH/PPD VENCIDA HA MAIS DE 30 DIAS,SP,AUTOMOVEL,PARTICULAR,1,8,2026
7039,SANTA LUCIA,6637-1,CONDUZIR O VEICULO SEM EQUIPAMENTO OBRIGATORIO,SP,MOTOCICLO,PARTICULAR,1,8,2026
6377,DIADEMA,5819-1,"TRANSITAR COM O VEICULO EM CALCADAS, PASSEIOS",SP,MOTOCICLO,PARTICULAR,1,8,2026
6877,PIRAJU,5045-0,DIRIGIR VEICULO COM VALIDADE DE CNH/PPD VENCIDA HA MAIS DE 30 DIAS,Outras UFs,CAMINHONET,PARTICULAR,1,8,2026
6329,CERQUEIRA CESAR,6726-1,"CONDUZIR O VEICULO EM MAU ESTADO DE CONSERVACAO, COMPROMETENDO A SEGURANCA",SP,MOTOCICLO,PARTICULAR,1,8,2026
6933,PROMISSAO,6580-0,CONDUZIR O VEICULO SEM QUALQUER UMA DAS PLACAS DE IDENTIFICACAO,SP,MOTOCICLO,PARTICULAR,1,8,2026
7107,SAO PAULO,6432-2,TRANSITAR COM O FACHO DE LUZ ALTA PERTURBANDO VISAO OUTRO CONDUTOR,SP,CAMIONETA,PARTICULAR,1,8,2026
7225,VALINHOS,5029-2,DIRIGIR VEICULO COM CNH/PPD/ACC COM SUSPENSAO DO DIREITO DE DIRIGIR,SP,AUTOMOVEL,PARTICULAR,1,8,2026
6969,RIBEIRAO PRETO,6670-0,CONDUZIR O VEICULO C/ EQUIP DO SISTEMA DE ILUMINACAO E DE SINALIZACAO ALTERADOS,SP,MOTONETA,PARTICULAR,1,8,2026
6165,ARARAS,6530-0,USAR NO VEICULO EQUIP C/ SOM EM VOLUME/FREQUENCIA NAO AUTORIZADOS PELO CONTRAN,SP,CAMINHONET,PARTICULAR,3,8,2026
6579,ITU,6050-1,AVAN O SIN VERM DO SEMAF EXC SE HOUVER SINALIZ PERM LIVRE CONV A DIR,SP,CAMIONETA,PARTICULAR,1,8,2026
6377,DIADEMA,5207-0,Dirigir sem atencao ou sem os cuidados indispensaveis a seguranca,SP,AUTOMOVEL,PARTICULAR,1,8,2026
6285,CAJAMAR,7633-1,Dirigir veiculo segurando telefone celular,SP,AUTOMOVEL,PARTICULAR,1,8,2026
7135,SERTAOZINHO,5665-0,PARAR EM LOCAL/HORARIO PROIBIDOS ESPECIFICAMENTE PELA SINALIZACAO,SP,MOTOCICLO,PARTICULAR,1,8,2026
6239,BOITUVA,5118-0,PERMITIR POSSE/CONDUCAO DO VEICULO A PESSOA SEM CNH/PPD/ACC,SP,MOTOCICLO,PARTICULAR,1,8,2026
6377,DIADEMA,5185-1,Deixar o condutor de usar o cinto seguranca,SP,AUTOMOVEL,PARTICULAR,1,8,2026
6969,RIBEIRAO PRETO,6050-2,AVANCAR O SINAL DE PARADA OBRIGATORIA,SP,AUTOMOVEL,PARTICULAR,1,8,2026
6711,MOCOCA,7544-1,Falta de escrituracao livro registro entrada/saida e de uso placa de experiencia,SP,UTILITARIO,PARTICULAR,1,8,2026
6931,PRESIDENTE VENCESLAU,6530-0,USAR NO VEICULO EQUIP C/ SOM EM VOLUME/FREQUENCIA NAO AUTORIZADOS PELO CONTRAN,SP,CAMINHONET,PARTICULAR,1,8,2026
6549,ITAPEVA,5274-1,UTILIZ VEIC DEMONST/EXIBIR MANOBRA PERIGOSA MEDIANTE ARRANCADA BRUSCA,SP,MOTOCICLO,PARTICULAR,1,8,2026
6789,OSASCO,5029-2,DIRIGIR VEICULO COM CNH/PPD/ACC COM SUSPENSAO DO DIREITO DE DIRIGIR,SP,MOTOCICLO,PARTICULAR,1,8,2026
7107,SAO PAULO,7633-2,Dirigir veiculo manuseando telefone celular,Outras UFs,UTILITARIO,,1,8,2026
6493,IBITINGA,7579-0,"REC SUB TEST, EX CLIN, PERIC OU PROC Q PERM CERT INFL ALC/SUB PSIC FOR ART. 277",SP,AUTOMOVEL,PARTICULAR,1,8,2026
6297,CAMPOS NOVOS PAULISTA,5010-0,DIRIGIR VEICULO SEM POSSUIR CNH/PPD/ACC,Outras UFs,MOTOCICLO,PARTICULAR,1,8,2026
7107,SAO PAULO,5215-1,Dirigir ameacando os pedestres que estejam atravessando a via publica,SP,AUTOMOVEL,PARTICULAR,1,8,2026
6247,BORBOREMA,5185-1,Deixar o condutor de usar o cinto seguranca,SP,AUTOMOVEL,PARTICULAR,2,8,2026
2951,HORTOLANDIA,6637-1,CONDUZIR O VEICULO SEM EQUIPAMENTO OBRIGATORIO,SP,MOTOCICLO,PARTICULAR,1,8,2026
6635,LEME,6599-2,CONDUZIR O VEICULO REGISTRADO QUE NAO ESTEJA DEVIDAMENTE LICENCIADO,SP,CAMIONETA,PARTICULAR,1,8,2026
7151,SUZANO,6637-1,CONDUZIR O VEICULO SEM EQUIPAMENTO OBRIGATORIO,SP,AUTOMOVEL,PARTICULAR,1,8,2026
6349,CORDEIROPOLIS,6670-0,CONDUZIR O VEICULO C/ EQUIP DO SISTEMA DE ILUMINACAO E DE SINALIZACAO ALTERADOS,SP,MOTOCICLO,PARTICULAR,1,8,2026
7097,SAO JOSE DO RIO PRETO,6726-1,"CONDUZIR O VEICULO EM MAU ESTADO DE CONSERVACAO, COMPROMETENDO A SEGURANCA",SP,MOTONETA,PARTICULAR,1,8,2026
6229,BIRIGUI,5835-0,Desobedecer as ordens emanadas da autorid compet de transito ou de seus agentes,SP,AUTOMOVEL,PARTICULAR,1,8,2026
6875,PIRACICABA,5843-3,"Deixar de indicar c/ antec, med gesto de braco/luz indicadora, mudanca direcao",SP,MOTOCICLO,PARTICULAR,1,8,2026
6493,IBITINGA,5010-0,DIRIGIR VEICULO SEM POSSUIR CNH/PPD/ACC,SP,MOTONETA,PARTICULAR,1,8,2026
6547,ITAPETININGA,5738-0,TRANSITAR PELA CONTRAMAO DE DIRECAO EM VIA C/ SINALIZACAO DE REGUL SENTIDO UNICO,SP,MOTOCICLO,PARTICULAR,1,8,2026
7107,SAO PAULO,6920-1,"Deixar de efetuar registro do veiculo em 30 dias, qdo for transf a propriedade",SP,MOTONETA,APRENDIZAGEM,1,8,2026
6551,ITAPEVI,5185-1,Deixar o condutor de usar o cinto seguranca,SP,CAMIONETA,PARTICULAR,1,8,2026
6769,NOVA ODESSA,7684-2,Cond motoc/moton/ciclom c/ util cap de seg c/ vis/ocul prot des c/ regul Contran,SP,MOTOCICLO,PARTICULAR,1,8,2026
6579,ITU,7633-2,Dirigir veiculo manuseando telefone celular,SP,CAMINHONET,PARTICULAR,1,8,2026
6313,CARAPICUIBA,6270-0,DEIXAR DE REDUZIR A VELOC ONDE O TRANSITO ESTEJA SENDO CONTROLADO PELO AGENTE,SP,AUTOMOVEL,PARTICULAR,1,8,2026
6425,FRANCA,6050-1,AVAN O SIN VERM DO SEMAF EXC SE HOUVER SINALIZ PERM LIVRE CONV A DIR,SP,CAMINHONET,PARTICULAR,1,8,2026
7107,SAO PAULO,7633-1,Dirigir veiculo segurando telefone celular,SP,AUTOMOVEL,ALUGUEL,1,8,2026
6887,PIRASSUNUNGA,7340-0,DIRIGIR O VEIC USANDO CALCADO QUE N SE FIRME NOS PES/COMPROMETA UTILIZ PEDAIS,SP,MOTOCICLO,PARTICULAR,1,8,2026
7223,VALENTIM GENTIL,6599-2,CONDUZIR O VEICULO REGISTRADO QUE NAO ESTEJA DEVIDAMENTE LICENCIADO,SP,MOTONETA,PARTICULAR,1,8,2026
7089,SAO JOAQUIM DA BARRA,6653-1,CONDUZIR O VEICULO COM DESCARGA LIVRE,SP,AUTOMOVEL,PARTICULAR,1,8,2026
6259,BROTAS,5010-0,DIRIGIR VEICULO SEM POSSUIR CNH/PPD/ACC,SP,AUTOMOVEL,PARTICULAR,1,8,2026
6115,ALFREDO MARCONDES,6726-1,"CONDUZIR O VEICULO EM MAU ESTADO DE CONSERVACAO, COMPROMETENDO A SEGURANCA",SP,MOTOCICLO,PARTICULAR,1,8,2026
6241,BOM JESUS DOS PERDOES,6068-1,TRANSPOR BLOQUEIO VIARIO COM OU SEM SINALIZACAO OU DISPOSITIVOS AUXILIARES,SP,AUTOMOVEL,PARTICULAR,1,8,2026
6673,MANDURI,5118-0,PERMITIR POSSE/CONDUCAO DO VEICULO A PESSOA SEM CNH/PPD/ACC,SP,AUTOMOVEL,PARTICULAR,1,8,2026
6597,JALES,5193-0,Transportar crianca sem observancia das normas de seguranca estabelecidas p/ CTB,SP,AUTOMOVEL,PARTICULAR,1,8,2026
6179,ASSIS,5169-1,DIRIGIR SOB A INFLUENCIA DE ALCOOL,SP,AUTOMOVEL,PARTICULAR,1,8,2026
6713,MOGI DAS CRUZES,5274-1,UTILIZ VEIC DEMONST/EXIBIR MANOBRA PERIGOSA MEDIANTE ARRANCADA BRUSCA,SP,MOTOCICLO,PARTICULAR,1,8,2026
6451,GUAPIACU,5207-0,Dirigir sem atencao ou sem os cuidados indispensaveis a seguranca,SP,MOTOCICLO,PARTICULAR,1,8,2026
6503,IGARAPAVA,6637-1,CONDUZIR O VEICULO SEM EQUIPAMENTO OBRIGATORIO,Outras UFs,MOTOCICLO,PARTICULAR,1,8,2026
6845,PEDRO DE TOLEDO,5185-1,Deixar o condutor de usar o cinto seguranca,SP,CAMINHONET,PARTICULAR,1,8,2026
6131,AMERICANA,6130-0,DEIXAR DE DAR PREFERENCIA A PEDESTRE/VEIC N MOT QUE N HAJA CONCLUIDO A TRAVESSIA,SP,AUTOMOVEL,PARTICULAR,1,8,2026
6425,FRANCA,6572-0,CONDUZIR O VEICULO COM DISPOSITIVO ANTIRRADAR,SP,MOTOCICLO,PARTICULAR,1,8,2026
6429,FRANCO DA ROCHA,6599-2,CONDUZIR O VEICULO REGISTRADO QUE NAO ESTEJA DEVIDAMENTE LICENCIADO,SP,AUTOMOVEL,PARTICULAR,1,8,2026
2957,VARGEM,5118-0,PERMITIR POSSE/CONDUCAO DO VEICULO A PESSOA SEM CNH/PPD/ACC,Outras UFs,MOTOCICLO,PARTICULAR,1,8,2026
7099,SAO JOSE DOS CAMPOS,5096-0,ENTREGAR VEICULO A PESSOA COM CNH/PPD VENCIDA HA MAIS DE 30 DIAS,SP,AUTOMOVEL,PARTICULAR,1,8,2026
6689,MAUA,6726-1,"CONDUZIR O VEICULO EM MAU ESTADO DE CONSERVACAO, COMPROMETENDO A SEGURANCA",SP,AUTOMOVEL,PARTICULAR,2,8,2026
6291,CAMPINAS,7714-2,Cond motoc/moton/ciclom transp pass c/ cap seg c/ vis/oc prot des c/ reg Contran,SP,MOTOCICLO,PARTICULAR,1,8,2026
6401,EMBU DAS ARTES,6858-0,Transitar com o veiculo com lotacao excedente,SP,MOTOCICLO,PARTICULAR,1,8,2026
6293,CAMPO LIMPO PAULISTA,5720-0,TRANSITAR PELA CONTRAMAO DE DIRECAO EM VIA COM DUPLO SENTIDO DE CIRCULACAO,SP,MOTONETA,PARTICULAR,1,8,2026
6477,GUARULHOS,7293-0,"UTILIZAR O PISCA-ALERTA, EXCETO EM IMOBILIZACOES OU SITUACOES DE EMERGENCIA",SP,AUTOMOVEL,PARTICULAR,1,8,2026
6643,LINS,7340-0,DIRIGIR O VEIC USANDO CALCADO QUE N SE FIRME NOS PES/COMPROMETA UTILIZ PEDAIS,SP,MOTOCICLO,PARTICULAR,1,8,2026
7187,TEODORO SAMPAIO,6637-1,CONDUZIR O VEICULO SEM EQUIPAMENTO OBRIGATORIO,SP,MOTOCICLO,PARTICULAR,1,8,2026
6545,ITAPECERICA DA SERRA,6610-2,CONDUZIR O VEICULO COM CARACTERISTICA ALTERADA,SP,AUTOMOVEL,PARTICULAR,1,8,2026
6579,ITU,6599-2,CONDUZIR O VEICULO REGISTRADO QUE NAO ESTEJA DEVIDAMENTE LICENCIADO,SP,MOTOCICLO,PARTICULAR,1,8,2026
790,ARCO IRIS,5118-0,PERMITIR POSSE/CONDUCAO DO VEICULO A PESSOA SEM CNH/PPD/ACC,Outras UFs,MOTOCICLO,PARTICULAR,1,8,2026
6551,ITAPEVI,5070-2,ENTREGAR VEICULO A PESSOA COM CNH/PPD/ACC COM SUSP. DO DIREITO DE DIRIGIR,SP,MOTONETA,PARTICULAR,1,8,2026
6687,MATAO,6637-2,CONDUZIR O VEICULO COM EQUIPAMENTO OBRIGATORIO INEFICIENTE/INOPERANTE,SP,MOTOCICLO,PARTICULAR,1,8,2026
6689,MAUA,5215-1,Dirigir ameacando os pedestres que estejam atravessando a via publica,SP,AUTOMOVEL,PARTICULAR,1,8,2026
6505,IGARATA,6637-1,CONDUZIR O VEICULO SEM EQUIPAMENTO OBRIGATORIO,SP,MOTOCICLO,PARTICULAR,1,8,2026
6265,BURITIZAL,6599-2,CONDUZIR O VEICULO REGISTRADO QUE NAO ESTEJA DEVIDAMENTE LICENCIADO,SP,AUTOMOVEL,PARTICULAR,1,8,2026
6445,GUAICARA,5045-0,DIRIGIR VEICULO COM VALIDADE DE CNH/PPD VENCIDA HA MAIS DE 30 DIAS,SP,MOTOCICLO,PARTICULAR,1,8,2026
7255,EUCLIDES DA CUNHA PAULISTA,7340-0,DIRIGIR O VEIC USANDO CALCADO QUE N SE FIRME NOS PES/COMPROMETA UTILIZ PEDAIS,Outras UFs,MOTOCICLO,PARTICULAR,1,8,2026
2977,MARAPOAMA,6645-0,CONDUZIR O VEICULO COM EQUIP OBRIGATORIO EM DESACORDO COM O ESTAB PELO CONTRAN,SP,MOTOCICLO,PARTICULAR,1,8,2026
7107,SAO PAULO,7803-0,DIRIGIR VEICULO SEM REALIZAR O EXAME TOXICOLOGICO PREVISTO NO 2 DO ART. 148-A,SP,C. TRATOR,ALUGUEL,1,8,2026
7121,SAO VICENTE,5037-1,DIRIGIR VEICULO COM CNH DE CATEGORIA DIFERENTE DA DO VEICULO,SP,MOTONETA,PARTICULAR,1,8,2026
7107,SAO PAULO,6920-1,"Deixar de efetuar registro do veiculo em 30 dias, qdo for transf a propriedade",SP,MICROONIB,OFICIAL,1,8,2026
6219,BAURU,6769-0,"CONDUZIR VEIC C/ DEFEITO NO SIST DE ILUMINACAO, SINALIZ OU LAMPADAS QUEIMADAS",SP,AUTOMOVEL,PARTICULAR,1,8,2026
6313,CARAPICUIBA,7633-2,Dirigir veiculo manuseando telefone celular,SP,MOTOCICLO,PARTICULAR,1,8,2026
6323,CATANDUVA,7633-2,Dirigir veiculo manuseando telefone celular,SP,CAMINHONET,PARTICULAR,1,8,2026
6587,JABOTICABAL,6564-0,CONDUZIR O VEICULO TRANSPORTANDO PASSAGEIROS EM COMPARTIMENTO DE CARGA,SP,CAMINHONET,PARTICULAR,1,8,2026
6713,MOGI DAS CRUZES,6050-1,AVAN O SIN VERM DO SEMAF EXC SE HOUVER SINALIZ PERM LIVRE CONV A DIR,SP,MOTOCICLO,PARTICULAR,1,8,2026
7107,SAO PAULO,6637-1,CONDUZIR O VEICULO SEM EQUIPAMENTO OBRIGATORIO,SP,CAMINHONET,PARTICULAR,1,8,2026
7047,SANTANA DE PARNAIBA,6726-1,"CONDUZIR O VEICULO EM MAU ESTADO DE CONSERVACAO, COMPROMETENDO A SEGURANCA",SP,MOTOCICLO,ALUGUEL,1,8,2026
6589,JACAREI,7544-1,Falta de escrituracao livro registro entrada/saida e de uso placa de experiencia,SP,CAMINHONET,PARTICULAR,1,8,2026
7135,SERTAOZINHO,6769-0,"CONDUZIR VEIC C/ DEFEITO NO SIST DE ILUMINACAO, SINALIZ OU LAMPADAS QUEIMADAS",SP,MOTOCICLO,PARTICULAR,1,8,2026
6217,BATATAIS,7579-0,"REC SUB TEST, EX CLIN, PERIC OU PROC Q PERM CERT INFL ALC/SUB PSIC FOR ART. 277",SP,AUTOMOVEL,PARTICULAR,1,8,2026
6219,BAURU,5061-0,ENTREGAR VEICULO A PESSOA SEM CNH/PPD/ACC,SP,MOTOCICLO,PARTICULAR,2,8,2026
7107,SAO PAULO,5819-6,TRANSITAR COM O VEICULO EM MARCAS DE CANALIZACAO,SP,MOTONETA,PARTICULAR,2,8,2026
6405,ESTRELA D OESTE,7340-0,DIRIGIR O VEIC USANDO CALCADO QUE N SE FIRME NOS PES/COMPROMETA UTILIZ PEDAIS,SP,MOTOCICLO,PARTICULAR,1,8,2026
6475,GUARUJA,6580-0,CONDUZIR O VEICULO SEM QUALQUER UMA DAS PLACAS DE IDENTIFICACAO,SP,CAMINHAO,ALUGUEL,1,8,2026
6713,MOGI DAS CRUZES,6726-1,"CONDUZIR O VEICULO EM MAU ESTADO DE CONSERVACAO, COMPROMETENDO A SEGURANCA",SP,AUTOMOVEL,PARTICULAR,2,8,2026
6681,MARILIA,7633-2,Dirigir veiculo manuseando telefone celular,SP,CAMIONETA,PARTICULAR,1,8,2026
6289,CAJURU,7684-2,Cond motoc/moton/ciclom c/ util cap de seg c/ vis/ocul prot des c/ regul Contran,SP,MOTOCICLO,PARTICULAR,1,8,2026
6275,CACONDE,5029-1,Dirigir veiculo com CNH/PPD/ACC cassada,SP,AUTOMOVEL,PARTICULAR,1,8,2026
6737,MONTE MOR,6580-0,CONDUZIR O VEICULO SEM QUALQUER UMA DAS PLACAS DE IDENTIFICACAO,SP,MOTOCICLO,PARTICULAR,1,8,2026
6131,AMERICANA,5029-1,Dirigir veiculo com CNH/PPD/ACC cassada,SP,AUTOMOVEL,PARTICULAR,1,8,2026
6219,BAURU,6653-1,CONDUZIR O VEICULO COM DESCARGA LIVRE,SP,AUTOMOVEL,PARTICULAR,1,8,2026
7089,SAO JOAQUIM DA BARRA,5185-2,Deixar o passageiro de usar o cinto seguranca,SP,AUTOMOVEL,PARTICULAR,1,8,2026
7107,SAO PAULO,5266-2,PARTICIPAR NA VIA COMO CONDUTOR EM EVENTOS ORGANIZADOS SEM PERMISSAO,SP,UTILITARIO,PARTICULAR,1,8,2026
2943,ILHA SOLTEIRA,6556-1,CONDUZIR O VEICULO COM O LACRE DE IDENTIFICACAO VIOLADO/FALSIFICADO,Outras UFs,MOTONETA,PARTICULAR,1,8,2026
7183,TAUBATE,6050-1,AVAN O SIN VERM DO SEMAF EXC SE HOUVER SINALIZ PERM LIVRE CONV A DIR,SP,AUTOMOVEL,PARTICULAR,1,8,2026
6637,LENCOIS PAULISTA,5029-1,Dirigir veiculo com CNH/PPD/ACC cassada,SP,AUTOMOVEL,PARTICULAR,1,8,2026
7149,SUMARE,5045-0,DIRIGIR VEICULO COM VALIDADE DE CNH/PPD VENCIDA HA MAIS DE 30 DIAS,SP,MOTOCICLO,PARTICULAR,1,8,2026
6521,IPERO,6599-2,CONDUZIR O VEICULO REGISTRADO QUE NAO ESTEJA DEVIDAMENTE LICENCIADO,SP,MOTOCICLO,PARTICULAR,1,8,2026
6165,ARARAS,5185-1,Deixar o condutor de usar o cinto seguranca,SP,AUTOMOVEL,PARTICULAR,1,8,2026
6445,GUAICARA,5967-0,"ULTRAPASSAR PELA CONTRAMAO LINHA DE DIVISAO DE FLUXOS OPOSTOS, CONTINUA AMARELA",SP,MOTOCICLO,PARTICULAR,1,8,2026
790,ARCO IRIS,5010-0,DIRIGIR VEICULO SEM POSSUIR CNH/PPD/ACC,Outras UFs,MOTOCICLO,PARTICULAR,1,8,2026
6163,ARARAQUARA,7579-0,"REC SUB TEST, EX CLIN, PERIC OU PROC Q PERM CERT INFL ALC/SUB PSIC FOR ART. 277",SP,CAMINHONET,PARTICULAR,1,8,2026
6493,IBITINGA,6408-0,PORTAR NO VEICULO PLACAS DE IDENTIFICACAO EM DESACORDO C/ ESPECIF/MODELO CONTRAN,SP,MOTOCICLO,PARTICULAR,1,8,2026
6505,IGARATA,5010-0,DIRIGIR VEICULO SEM POSSUIR CNH/PPD/ACC,SP,AUTOMOVEL,PARTICULAR,1,8,2026
6967,RIBEIRAO PIRES,7579-0,"REC SUB TEST, EX CLIN, PERIC OU PROC Q PERM CERT INFL ALC/SUB PSIC FOR ART. 277",SP,CAMINHONET,PARTICULAR,1,8,2026
6131,AMERICANA,5010-0,DIRIGIR VEICULO SEM POSSUIR CNH/PPD/ACC,SP,AUTOMOVEL,PARTICULAR,1,8,2026
6715,MOGI-GUACU,5142-0,PERMITIR POSSE/CONDUCAO DO VEIC A PESSOA COM CNH/PPD VENCIDA HA MAIS DE 30 DIAS,SP,MOTOCICLO,PARTICULAR,1,8,2026
6425,FRANCA,7633-1,Dirigir veiculo segurando telefone celular,SP,CAMINHONET,PARTICULAR,1,8,2026
7245,VOTUPORANGA,6599-2,CONDUZIR O VEICULO REGISTRADO QUE NAO ESTEJA DEVIDAMENTE LICENCIADO,SP,MOTOCICLO,PARTICULAR,1,8,2026
6209,BARRETOS,7684-1,Cond motoc/moton/ciclom c/ util cap de seg s/ vis/ocul prot,SP,MOTOCICLO,PARTICULAR,3,8,2026
6795,OURINHOS,7765-0,FUGIR O CONDUTOR A ACAO POLICIAL,Outras UFs,MOTOCICLO,PARTICULAR,1,8,2026
6349,CORDEIROPOLIS,5738-0,TRANSITAR PELA CONTRAMAO DE DIRECAO EM VIA C/ SINALIZACAO DE REGUL SENTIDO UNICO,SP,MOTOCICLO,PARTICULAR,1,8,2026
6959,RIBEIRAO BONITO,6050-1,AVAN O SIN VERM DO SEMAF EXC SE HOUVER SINALIZ PERM LIVRE CONV A DIR,SP,AUTOMOVEL,PARTICULAR,1,8,2026
7099,SAO JOSE DOS CAMPOS,7340-0,DIRIGIR O VEIC USANDO CALCADO QUE N SE FIRME NOS PES/COMPROMETA UTILIZ PEDAIS,SP,MOTONETA,PARTICULAR,1,8,2026
6931,PRESIDENTE VENCESLAU,6610-2,CONDUZIR O VEICULO COM CARACTERISTICA ALTERADA,SP,AUTOMOVEL,PARTICULAR,1,8,2026
6281,CAIEIRAS,6122-0,DEIXAR DE DAR PREFERENCIA A PEDESTRE/VEIC N MOTORIZADO NA FAIXA A ELE DESTINADA,SP,AUTOMOVEL,PARTICULAR,1,8,2026
7181,TATUI,5274-1,UTILIZ VEIC DEMONST/EXIBIR MANOBRA PERIGOSA MEDIANTE ARRANCADA BRUSCA,SP,MOTOCICLO,PARTICULAR,1,8,2026
6137,AMPARO,7633-2,Dirigir veiculo manuseando telefone celular,SP,CAMIONETA,PARTICULAR,1,8,2026
7123,SARAPUI,7633-1,Dirigir veiculo segurando telefone celular,SP,AUTOMOVEL,PARTICULAR,1,8,2026
6795,OURINHOS,7579-0,"REC SUB TEST, EX CLIN, PERIC OU PROC Q PERM CERT INFL ALC/SUB PSIC FOR ART. 277",SP,AUTOMOVEL,PARTICULAR,1,8,2026
7153,TABAPUA,5185-1,Deixar o condutor de usar o cinto seguranca,SP,AUTOMOVEL,PARTICULAR,1,8,2026
6155,ARACATUBA,5045-0,DIRIGIR VEICULO COM VALIDADE DE CNH/PPD VENCIDA HA MAIS DE 30 DIAS,SP,CAMINHONET,PARTICULAR,1,8,2026
7089,SAO JOAQUIM DA BARRA,7684-2,Cond motoc/moton/ciclom c/ util cap de seg c/ vis/ocul prot des c/ regul Contran,SP,MOTOCICLO,PARTICULAR,1,8,2026
6429,FRANCO DA ROCHA,7366-2,DIRIGIR VEICULO UTILIZANDO-SE DE TELEFONE CELULAR,SP,CAMIONETA,PARTICULAR,1,8,2026
7107,SAO PAULO,5070-2,ENTREGAR VEICULO A PESSOA COM CNH/PPD/ACC COM SUSP. DO DIREITO DE DIRIGIR,Outras UFs,AUTOMOVEL,PARTICULAR,1,8,2026
6879,PIRAJUI,6530-0,USAR NO VEICULO EQUIP C/ SOM EM VOLUME/FREQUENCIA NAO AUTORIZADOS PELO CONTRAN,SP,CAMINHONET,PARTICULAR,2,8,2026
6291,CAMPINAS,5010-0,DIRIGIR VEICULO SEM POSSUIR CNH/PPD/ACC,SP,MOTONETA,PARTICULAR,1,8,2026
7177,TAQUARITUBA,5193-0,Transportar crianca sem observancia das normas de seguranca estabelecidas p/ CTB,SP,AUTOMOVEL,PARTICULAR,1,8,2026
7079,SAO CARLOS,7358-0,"DIRIGIR O VEICULO COM APENAS UMA DAS MAOS, EXCETO QUANDO PERMITIDO PELO CTB",SP,MOTOCICLO,PARTICULAR,1,8,2026
6291,CAMPINAS,6602-0,CONDUZIR O VEICULO COM QUALQUER UMA DAS PLACAS SEM LEGIBILIDADE E VISIBILIDADE,SP,MOTOCICLO,PARTICULAR,1,8,2026
7035,SANTA GERTRUDES,5029-1,Dirigir veiculo com CNH/PPD/ACC cassada,SP,CAMIONETA,PARTICULAR,1,8,2026
6587,JABOTICABAL,5010-0,DIRIGIR VEICULO SEM POSSUIR CNH/PPD/ACC,SP,CAMINHONET,ALUGUEL,1,8,2026
7107,SAO PAULO,7234-0,"EM MOVIMENTO, DEIXAR DE MANTER ACESA A LUZ BAIXA DURANTE A NOITE",SP,CAMINHAO,ALUGUEL,1,8,2026
7107,SAO PAULO,6920-1,"Deixar de efetuar registro do veiculo em 30 dias, qdo for transf a propriedade",Outras UFs,CAMINHONET,PARTICULAR,1,8,2026
6133,AMERICO BRASILIENSE,7340-0,DIRIGIR O VEIC USANDO CALCADO QUE N SE FIRME NOS PES/COMPROMETA UTILIZ PEDAIS,SP,MOTOCICLO,PARTICULAR,1,8,2026
7075,SAO BERNARDO DO CAMPO,7633-2,Dirigir veiculo manuseando telefone celular,SP,CAMIONETA,PARTICULAR,1,8,2026
6131,AMERICANA,6637-1,CONDUZIR O VEICULO SEM EQUIPAMENTO OBRIGATORIO,SP,MOTOCICLO,PARTICULAR,1,8,2026
2951,HORTOLANDIA,5045-0,DIRIGIR VEICULO COM VALIDADE DE CNH/PPD VENCIDA HA MAIS DE 30 DIAS,SP,CAMINHONET,PARTICULAR,1,8,2026
6451,GUAPIACU,7099-1,CONDUZIR MOTOCICLETA/MOTONETA/CICLOMOTOR SEM SEGURAR O GUIDOM COM AMBAS AS MAOS,SP,MOTOCICLO,PARTICULAR,1,8,2026
6643,LINS,7048-1,"CONDUZIR MOTOCICLETA, MOTONETA E CICLOMOTOR TRANSPORTANDO PASSAGEIRO S/ CAPACETE",SP,MOTOCICLO,PARTICULAR,1,8,2026
6633,LAVRINHAS,5525-0,ESTACIONAR NA CONTRAMAO DE DIRECAO,SP,CAMIONETA,PARTICULAR,1,8,2026
7107,SAO PAULO,6920-3,"Deixar de efetuar reg de veic em 30 dias, qdo for alterada qquer caract do veic",SP,CAMINHONET,OFICIAL,1,8,2026
6619,JUNDIAI,6050-1,AVAN O SIN VERM DO SEMAF EXC SE HOUVER SINALIZ PERM LIVRE CONV A DIR,SP,AUTOMOVEL,PARTICULAR,1,8,2026
7029,SANTA CRUZ DO RIO PARDO,6726-1,"CONDUZIR O VEICULO EM MAU ESTADO DE CONSERVACAO, COMPROMETENDO A SEGURANCA",SP,MOTOCICLO,PARTICULAR,1,8,2026
6221,BEBEDOURO,6726-1,"CONDUZIR O VEICULO EM MAU ESTADO DE CONSERVACAO, COMPROMETENDO A SEGURANCA",SP,MOTOCICLO,PARTICULAR,1,8,2026
7145,SOROCABA,5207-0,Dirigir sem atencao ou sem os cuidados indispensaveis a seguranca,SP,UTILITARIO,PARTICULAR,1,8,2026
6289,CAJURU,6599-2,CONDUZIR O VEICULO REGISTRADO QUE NAO ESTEJA DEVIDAMENTE LICENCIADO,Outras UFs,AUTOMOVEL,PARTICULAR,1,8,2026
6739,MORRO AGUDO,5185-1,Deixar o condutor de usar o cinto seguranca,SP,AUTOMOVEL,PARTICULAR,1,8,2026
6761,NOVA GRANADA,6530-0,USAR NO VEICULO EQUIP C/ SOM EM VOLUME/FREQUENCIA NAO AUTORIZADOS PELO CONTRAN,SP,CAMINHONET,PARTICULAR,1,8,2026
7177,TAQUARITUBA,7684-2,Cond motoc/moton/ciclom c/ util cap de seg c/ vis/ocul prot des c/ regul Contran,SP,MOTOCICLO,PARTICULAR,1,8,2026
6865,ESPIRITO SANTO DO PINHAL,5185-1,Deixar o condutor de usar o cinto seguranca,SP,AUTOMOVEL,PARTICULAR,1,8,2026
7079,SAO CARLOS,5185-1,Deixar o condutor de usar o cinto seguranca,SP,MICROONIB,ALUGUEL,1,8,2026
7201,TUPA,6050-2,AVANCAR O SINAL DE PARADA OBRIGATORIA,SP,AUTOMOVEL,PARTICULAR,1,8,2026
7013,SANTA ADELIA,5118-0,PERMITIR POSSE/CONDUCAO DO VEICULO A PESSOA SEM CNH/PPD/ACC,SP,AUTOMOVEL,PARTICULAR,1,8,2026
6231,BIRITIBA-MIRIM,5118-0,PERMITIR POSSE/CONDUCAO DO VEICULO A PESSOA SEM CNH/PPD/ACC,SP,AUTOMOVEL,PARTICULAR,1,8,2026
6555,ITAPOLIS,5010-0,DIRIGIR VEICULO SEM POSSUIR CNH/PPD/ACC,SP,MOTONETA,PARTICULAR,1,8,2026
7033,SANTA FE DO SUL,5274-1,UTILIZ VEIC DEMONST/EXIBIR MANOBRA PERIGOSA MEDIANTE ARRANCADA BRUSCA,SP,AUTOMOVEL,PARTICULAR,1,8,2026
7107,SAO PAULO,6017-5,EXECUTAR OPERACAO DE RETORNO PASSANDO POR CIMA DE FAIXA DE PEDESTRES,SP,CAMIONETA,PARTICULAR,1,8,2026
6489,IBIRA,6769-0,"CONDUZIR VEIC C/ DEFEITO NO SIST DE ILUMINACAO, SINALIZ OU LAMPADAS QUEIMADAS",SP,AUTOMOVEL,PARTICULAR,1,8,2026
7057,SANTO ANDRE,5070-2,ENTREGAR VEICULO A PESSOA COM CNH/PPD/ACC COM SUSP. DO DIREITO DE DIRIGIR,SP,MOTOCICLO,PARTICULAR,1,8,2026
7057,SANTO ANDRE,5045-0,DIRIGIR VEICULO COM VALIDADE DE CNH/PPD VENCIDA HA MAIS DE 30 DIAS,SP,MOTOCICLO,PARTICULAR,1,8,2026
2943,ILHA SOLTEIRA,7056-1,CONDUZIR MOTOC/MOTON/CICLOMOTOR FAZENDO MALABARISMO/EQUILIBRANDO-SE EM UMA RODA,SP,MOTOCICLO,PARTICULAR,1,8,2026
6711,MOCOCA,5207-0,Dirigir sem atencao ou sem os cuidados indispensaveis a seguranca,SP,MOTOCICLO,PARTICULAR,1,8,2026
6137,AMPARO,7048-1,"CONDUZIR MOTOCICLETA, MOTONETA E CICLOMOTOR TRANSPORTANDO PASSAGEIRO S/ CAPACETE",SP,MOTOCICLO,PARTICULAR,1,8,2026
6771,NOVO HORIZONTE,7633-2,Dirigir veiculo manuseando telefone celular,SP,AUTOMOVEL,PARTICULAR,1,8,2026
6209,BARRETOS,5010-0,DIRIGIR VEICULO SEM POSSUIR CNH/PPD/ACC,SP,MOTONETA,PARTICULAR,1,8,2026
7107,SAO PAULO,7374-0,BLOQUEAR A VIA COM VEICULO,SP,CAMIONETA,PARTICULAR,1,8,2026
6635,LEME,6645-0,CONDUZIR O VEICULO COM EQUIP OBRIGATORIO EM DESACORDO COM O ESTAB PELO CONTRAN,SP,MOTOCICLO,PARTICULAR,1,8,2026
7183,TAUBATE,7633-1,Dirigir veiculo segurando telefone celular,SP,AUTOMOVEL,PARTICULAR,1,8,2026
7257,GUATAPARA,7633-2,Dirigir veiculo manuseando telefone celular,SP,CAMINHONET,PARTICULAR,1,8,2026
6291,CAMPINAS,5029-2,DIRIGIR VEICULO COM CNH/PPD/ACC COM SUSPENSAO DO DIREITO DE DIRIGIR,SP,MOTOCICLO,PARTICULAR,1,8,2026
6853,PERUIBE,5029-1,Dirigir veiculo com CNH/PPD/ACC cassada,SP,AUTOMOVEL,PARTICULAR,1,8,2026
6293,CAMPO LIMPO PAULISTA,5010-0,DIRIGIR VEICULO SEM POSSUIR CNH/PPD/ACC,SP,MOTONETA,PARTICULAR,1,8,2026
7167,TAMBAU,5525-0,ESTACIONAR NA CONTRAMAO DE DIRECAO,SP,AUTOMOVEL,PARTICULAR,1,8,2026
6313,CARAPICUIBA,5045-0,DIRIGIR VEICULO COM VALIDADE DE CNH/PPD VENCIDA HA MAIS DE 30 DIAS,SP,AUTOMOVEL,PARTICULAR,1,8,2026
6551,ITAPEVI,5029-2,DIRIGIR VEICULO COM CNH/PPD/ACC COM SUSPENSAO DO DIREITO DE DIRIGIR,SP,MOTONETA,PARTICULAR,1,8,2026
6291,CAMPINAS,6610-2,CONDUZIR O VEICULO COM CARACTERISTICA ALTERADA,SP,AUTOMOVEL,PARTICULAR,1,8,2026
6857,PIEDADE,5274-1,UTILIZ VEIC DEMONST/EXIBIR MANOBRA PERIGOSA MEDIANTE ARRANCADA BRUSCA,SP,MOTOCICLO,PARTICULAR,1,8,2026
6545,ITAPECERICA DA SERRA,7048-1,"CONDUZIR MOTOCICLETA, MOTONETA E CICLOMOTOR TRANSPORTANDO PASSAGEIRO S/ CAPACETE",SP,MOTOCICLO,PARTICULAR,1,8,2026
6829,PAULICEIA,6530-0,USAR NO VEICULO EQUIP C/ SOM EM VOLUME/FREQUENCIA NAO AUTORIZADOS PELO CONTRAN,SP,AUTOMOVEL,PARTICULAR,1,8,2026
6225,BERNARDINO DE CAMPOS,6599-2,CONDUZIR O VEICULO REGISTRADO QUE NAO ESTEJA DEVIDAMENTE LICENCIADO,SP,AUTOMOVEL,PARTICULAR,1,8,2026
7079,SAO CARLOS,7579-0,"REC SUB TEST, EX CLIN, PERIC OU PROC Q PERM CERT INFL ALC/SUB PSIC FOR ART. 277",SP,CAMINHONET,PARTICULAR,1,8,2026
7175,TAQUARITINGA,7579-0,"REC SUB TEST, EX CLIN, PERIC OU PROC Q PERM CERT INFL ALC/SUB PSIC FOR ART. 277",SP,AUTOMOVEL,PARTICULAR,1,8,2026
6291,CAMPINAS,7714-1,Cond motoc/moton/ciclom transp pass c/ cap de seg s/ vis/ocul de protecao,SP,MOTOCICLO,PARTICULAR,1,8,2026
6511,INDAIATUBA,6599-2,CONDUZIR O VEICULO REGISTRADO QUE NAO ESTEJA DEVIDAMENTE LICENCIADO,SP,CICLOMOTO,PARTICULAR,1,8,2026
6165,ARARAS,5835-0,Desobedecer as ordens emanadas da autorid compet de transito ou de seus agentes,SP,MOTOCICLO,PARTICULAR,1,8,2026
6331,CERQUILHO,6599-1,CONDUZIR O VEICULO QUE NAO ESTEJA REGISTRADO,SP,MOTOCICLO,PARTICULAR,1,8,2026
6897,POA,5185-1,Deixar o condutor de usar o cinto seguranca,SP,CAMINHONET,PARTICULAR,1,8,2026
7213,UCHOA,7684-2,Cond motoc/moton/ciclom c/ util cap de seg c/ vis/ocul prot des c/ regul Contran,SP,MOTOCICLO,PARTICULAR,1,8,2026
7167,TAMBAU,7684-2,Cond motoc/moton/ciclom c/ util cap de seg c/ vis/ocul prot des c/ regul Contran,SP,MOTOCICLO,PARTICULAR,1,8,2026
6179,ASSIS,5118-0,PERMITIR POSSE/CONDUCAO DO VEICULO A PESSOA SEM CNH/PPD/ACC,SP,MOTOCICLO,PARTICULAR,1,8,2026
6313,CARAPICUIBA,5118-0,PERMITIR POSSE/CONDUCAO DO VEICULO A PESSOA SEM CNH/PPD/ACC,SP,MOTOCICLO,PARTICULAR,1,8,2026
7107,SAO PAULO,7358-0,"DIRIGIR O VEICULO COM APENAS UMA DAS MAOS, EXCETO QUANDO PERMITIDO PELO CTB",SP,UTILITARIO,PARTICULAR,1,8,2026
6713,MOGI DAS CRUZES,5185-1,Deixar o condutor de usar o cinto seguranca,SP,CAMINHAO,PARTICULAR,1,8,2026
7037,SANTA ISABEL,7323-1,DIRIGIR O VEICULO TRANSPORT PESSOAS A SUA ESQUERDA OU ENTRE OS BRACOS E PERNAS,SP,AUTOMOVEL,PARTICULAR,1,8,2026
6179,ASSIS,6041-2,EXECUTAR OPERACAO DE CONVERSAO A ESQUERDA EM LOCAL PROIBIDO PELA SINALIZACAO,SP,AUTOMOVEL,PARTICULAR,2,8,2026
7099,SAO JOSE DOS CAMPOS,5207-0,Dirigir sem atencao ou sem os cuidados indispensaveis a seguranca,SP,CAMINHONET,PARTICULAR,1,8,2026
6303,CANDIDO RODRIGUES,6726-1,"CONDUZIR O VEICULO EM MAU ESTADO DE CONSERVACAO, COMPROMETENDO A SEGURANCA",SP,AUTOMOVEL,PARTICULAR,1,8,2026
7175,TAQUARITINGA,5738-0,TRANSITAR PELA CONTRAMAO DE DIRECAO EM VIA C/ SINALIZACAO DE REGUL SENTIDO UNICO,SP,MOTOCICLO,PARTICULAR,1,8,2026
7151,SUZANO,6769-0,"CONDUZIR VEIC C/ DEFEITO NO SIST DE ILUMINACAO, SINALIZ OU LAMPADAS QUEIMADAS",SP,MICROONIB,ALUGUEL,1,8,2026
6795,OURINHOS,6726-1,"CONDUZIR O VEICULO EM MAU ESTADO DE CONSERVACAO, COMPROMETENDO A SEGURANCA",SP,MOTOCICLO,PARTICULAR,1,8,2026
6225,BERNARDINO DE CAMPOS,7633-1,Dirigir veiculo segurando telefone celular,SP,AUTOMOVEL,PARTICULAR,2,8,2026
7175,TAQUARITINGA,7684-2,Cond motoc/moton/ciclom c/ util cap de seg c/ vis/ocul prot des c/ regul Contran,SP,MOTOCICLO,PARTICULAR,1,8,2026
6713,MOGI DAS CRUZES,6599-2,CONDUZIR O VEICULO REGISTRADO QUE NAO ESTEJA DEVIDAMENTE LICENCIADO,SP,CAMIONETA,PARTICULAR,1,8,2026
6271,CACAPAVA,5185-2,Deixar o passageiro de usar o cinto seguranca,SP,CAMINHONET,ALUGUEL,1,8,2026
6897,POA,6637-1,CONDUZIR O VEICULO SEM EQUIPAMENTO OBRIGATORIO,SP,MOTOCICLO,PARTICULAR,1,8,2026
6555,ITAPOLIS,5185-1,Deixar o condutor de usar o cinto seguranca,SP,CAMINHONET,PARTICULAR,1,8,2026
7107,SAO PAULO,5851-2,DEIXAR DE DESLOCAR C/ANTECEDENCIA VEIC P/ FAIXA MAIS A DIREITA QDO FOR MANOBRAR,SP,AUTOMOVEL,ALUGUEL,1,8,2026
6201,BARAO DE ANTONINA,5142-0,PERMITIR POSSE/CONDUCAO DO VEIC A PESSOA COM CNH/PPD VENCIDA HA MAIS DE 30 DIAS,Outras UFs,CAMINHONET,PARTICULAR,1,8,2026
6729,MONTE APRAZIVEL,5010-0,DIRIGIR VEICULO SEM POSSUIR CNH/PPD/ACC,SP,MOTOCICLO,PARTICULAR,1,8,2026
6291,CAMPINAS,5070-2,ENTREGAR VEICULO A PESSOA COM CNH/PPD/ACC COM SUSP. DO DIREITO DE DIRIGIR,SP,MOTOCICLO,PARTICULAR,1,8,2026
6313,CARAPICUIBA,6726-1,"CONDUZIR O VEICULO EM MAU ESTADO DE CONSERVACAO, COMPROMETENDO A SEGURANCA",SP,AUTOMOVEL,PARTICULAR,2,8,2026
6921,PRAIA GRANDE,5274-1,UTILIZ VEIC DEMONST/EXIBIR MANOBRA PERIGOSA MEDIANTE ARRANCADA BRUSCA,SP,MOTOCICLO,PARTICULAR,1,8,2026
6795,OURINHOS,6637-2,CONDUZIR O VEICULO COM EQUIPAMENTO OBRIGATORIO INEFICIENTE/INOPERANTE,Outras UFs,MOTOCICLO,PARTICULAR,1,8,2026
6229,BIRIGUI,6599-2,CONDUZIR O VEICULO REGISTRADO QUE NAO ESTEJA DEVIDAMENTE LICENCIADO,SP,AUTOMOVEL,PARTICULAR,1,8,2026
6293,CAMPO LIMPO PAULISTA,7579-0,"REC SUB TEST, EX CLIN, PERIC OU PROC Q PERM CERT INFL ALC/SUB PSIC FOR ART. 277",SP,AUTOMOVEL,PARTICULAR,1,8,2026
6487,IBATE,5843-3,"Deixar de indicar c/ antec, med gesto de braco/luz indicadora, mudanca direcao",SP,AUTOMOVEL,PARTICULAR,1,8,2026
6301,CANDIDO MOTA,5045-0,DIRIGIR VEICULO COM VALIDADE DE CNH/PPD VENCIDA HA MAIS DE 30 DIAS,SP,AUTOMOVEL,PARTICULAR,1,8,2026
6321,CASTILHO,7579-0,"REC SUB TEST, EX CLIN, PERIC OU PROC Q PERM CERT INFL ALC/SUB PSIC FOR ART. 277",SP,AUTOMOVEL,PARTICULAR,1,8,2026
6313,CARAPICUIBA,6726-1,"CONDUZIR O VEICULO EM MAU ESTADO DE CONSERVACAO, COMPROMETENDO A SEGURANCA",SP,CAMINHONET,ALUGUEL,1,8,2026
6611,JOANOPOLIS,6580-0,CONDUZIR O VEICULO SEM QUALQUER UMA DAS PLACAS DE IDENTIFICACAO,SP,MOTOCICLO,PARTICULAR,1,8,2026
6395,ECHAPORA,6530-0,USAR NO VEICULO EQUIP C/ SOM EM VOLUME/FREQUENCIA NAO AUTORIZADOS PELO CONTRAN,SP,AUTOMOVEL,PARTICULAR,1,8,2026
6637,LENCOIS PAULISTA,7234-0,"EM MOVIMENTO, DEIXAR DE MANTER ACESA A LUZ BAIXA DURANTE A NOITE",SP,UTILITARIO,PARTICULAR,1,8,2026
6879,PIRAJUI,5029-1,Dirigir veiculo com CNH/PPD/ACC cassada,SP,MOTOCICLO,PARTICULAR,1,8,2026
7107,SAO PAULO,5738-0,TRANSITAR PELA CONTRAMAO DE DIRECAO EM VIA C/ SINALIZACAO DE REGUL SENTIDO UNICO,Outras UFs,CAMIONETA,PARTICULAR,1,8,2026
7107,SAO PAULO,6530-0,USAR NO VEICULO EQUIP C/ SOM EM VOLUME/FREQUENCIA NAO AUTORIZADOS PELO CONTRAN,SP,CAMINHONET,ALUGUEL,1,8,2026
6619,JUNDIAI,5061-0,ENTREGAR VEICULO A PESSOA SEM CNH/PPD/ACC,SP,MOTOCICLO,PARTICULAR,1,8,2026
7061,SANTO ANTONIO DE POSSE,7340-0,DIRIGIR O VEIC USANDO CALCADO QUE N SE FIRME NOS PES/COMPROMETA UTILIZ PEDAIS,SP,MOTOCICLO,PARTICULAR,1,8,2026
7213,UCHOA,7340-0,DIRIGIR O VEIC USANDO CALCADO QUE N SE FIRME NOS PES/COMPROMETA UTILIZ PEDAIS,SP,MOTOCICLO,PARTICULAR,1,8,2026
6827,PATROCINIO PAULISTA,6599-2,CONDUZIR O VEICULO REGISTRADO QUE NAO ESTEJA DEVIDAMENTE LICENCIADO,SP,MOTOCICLO,PARTICULAR,1,8,2026
6729,MONTE APRAZIVEL,5525-0,ESTACIONAR NA CONTRAMAO DE DIRECAO,SP,ONIBUS,ALUGUEL,1,8,2026
6449,GUAIRA,7048-1,"CONDUZIR MOTOCICLETA, MOTONETA E CICLOMOTOR TRANSPORTANDO PASSAGEIRO S/ CAPACETE",SP,MOTOCICLO,PARTICULAR,1,8,2026
6581,ITUPEVA,6408-0,PORTAR NO VEICULO PLACAS DE IDENTIFICACAO EM DESACORDO C/ ESPECIF/MODELO CONTRAN,SP,MOTOCICLO,PARTICULAR,1,8,2026
6291,CAMPINAS,5207-0,Dirigir sem atencao ou sem os cuidados indispensaveis a seguranca,SP,AUTOMOVEL,PARTICULAR,1,8,2026
6451,GUAPIACU,6645-0,CONDUZIR O VEICULO COM EQUIP OBRIGATORIO EM DESACORDO COM O ESTAB PELO CONTRAN,SP,MOTOCICLO,PARTICULAR,2,8,2026
6919,PRADOPOLIS,7579-0,"REC SUB TEST, EX CLIN, PERIC OU PROC Q PERM CERT INFL ALC/SUB PSIC FOR ART. 277",SP,AUTOMOVEL,PARTICULAR,1,8,2026
6137,AMPARO,6637-2,CONDUZIR O VEICULO COM EQUIPAMENTO OBRIGATORIO INEFICIENTE/INOPERANTE,SP,AUTOMOVEL,PARTICULAR,1,8,2026
6969,RIBEIRAO PRETO,5185-2,Deixar o passageiro de usar o cinto seguranca,SP,AUTOMOVEL,PARTICULAR,1,8,2026
6285,CAJAMAR,5207-0,Dirigir sem atencao ou sem os cuidados indispensaveis a seguranca,SP,MOTOCICLO,PARTICULAR,1,8,2026
6563,ITAQUAQUECETUBA,5215-2,Dirigir ameacando os demais veiculos,SP,AUTOMOVEL,PARTICULAR,1,8,2026
6699,MIRACATU,5835-0,Desobedecer as ordens emanadas da autorid compet de transito ou de seus agentes,SP,MOTOCICLO,PARTICULAR,1,8,2026
6711,MOCOCA,6599-2,CONDUZIR O VEICULO REGISTRADO QUE NAO ESTEJA DEVIDAMENTE LICENCIADO,Outras UFs,AUTOMOVEL,,1,8,2026
6163,ARARAQUARA,5797-0,FORCAR PASSAGEM ENTRE VEICS TRANS SENT OPOSTOS NA IMINENCIA REALIZ ULTRAPASSAGEM,SP,AUTOMOVEL,PARTICULAR,1,8,2026
6131,AMERICANA,5843-1,"Deixar de indicar c/ antec, med gesto de braco/luz indicadora, inicio da marcha",SP,MOTOCICLO,PARTICULAR,1,8,2026
6401,EMBU DAS ARTES,7056-1,CONDUZIR MOTOC/MOTON/CICLOMOTOR FAZENDO MALABARISMO/EQUILIBRANDO-SE EM UMA RODA,SP,MOTOCICLO,PARTICULAR,1,8,2026
6543,ITANHAEM,5045-0,DIRIGIR VEICULO COM VALIDADE DE CNH/PPD VENCIDA HA MAIS DE 30 DIAS,SP,AUTOMOVEL,PARTICULAR,1,8,2026
7107,SAO PAULO,6920-3,"Deixar de efetuar reg de veic em 30 dias, qdo for alterada qquer caract do veic",SP,CAMINHAO,OFICIAL,1,8,2026
6697,MINEIROS DO TIETE,5185-1,Deixar o condutor de usar o cinto seguranca,SP,AUTOMOVEL,PARTICULAR,2,8,2026
7145,SOROCABA,7293-0,"UTILIZAR O PISCA-ALERTA, EXCETO EM IMOBILIZACOES OU SITUACOES DE EMERGENCIA",SP,AUTOMOVEL,PARTICULAR,1,8,2026
7057,SANTO ANDRE,7056-1,CONDUZIR MOTOC/MOTON/CICLOMOTOR FAZENDO MALABARISMO/EQUILIBRANDO-SE EM UMA RODA,SP,MOTOCICLO,PARTICULAR,1,8,2026
6539,ITAJOBI,5274-2,UTILIZ VEIC DEM/EXIBIR MANOB PERIG MED DERRAP/FRENAG C/DESLIZ/ARRAST PNEUS,SP,MOTOCICLO,PARTICULAR,1,8,2026
6767,NOVA LUZITANIA,6530-0,USAR NO VEICULO EQUIP C/ SOM EM VOLUME/FREQUENCIA NAO AUTORIZADOS PELO CONTRAN,SP,AUTOMOVEL,PARTICULAR,1,8,2026
6283,CAIUA,5088-1,ENTREGAR VEICULO A PESSOA COM CNH DE CATEGORIA DIFERENTE DA DO VEICULO,SP,MOTOCICLO,PARTICULAR,1,8,2026
6713,MOGI DAS CRUZES,7749-2,DIRIGIR VEICULO SEM POSSUIR CURSOS ESPECIFICOS OBRIGATORIOS,SP,AUTOMOVEL,PARTICULAR,1,8,2026
7107,SAO PAULO,6483-0,USAR BUZINA QUE NAO A DE TOQUE BREVE COMO ADVERTENCIA A PEDESTRE OU CONDUTORES,SP,AUTOMOVEL,PARTICULAR,1,8,2026
6259,BROTAS,5738-0,TRANSITAR PELA CONTRAMAO DE DIRECAO EM VIA C/ SINALIZACAO DE REGUL SENTIDO UNICO,SP,MOTOCICLO,PARTICULAR,1,8,2026
6581,ITUPEVA,5185-2,Deixar o passageiro de usar o cinto seguranca,SP,AUTOMOVEL,PARTICULAR,1,8,2026
6149,APARECIDA,5207-0,Dirigir sem atencao ou sem os cuidados indispensaveis a seguranca,SP,CAMINHONET,PARTICULAR,1,8,2026
6791,OSCAR BRESSANE,6050-2,AVANCAR O SINAL DE PARADA OBRIGATORIA,SP,MOTOCICLO,PARTICULAR,1,8,2026
6131,AMERICANA,6769-0,"CONDUZIR VEIC C/ DEFEITO NO SIST DE ILUMINACAO, SINALIZ OU LAMPADAS QUEIMADAS",SP,AUTOMOVEL,PARTICULAR,1,8,2026
6551,ITAPEVI,6556-4,CONDUZIR O VEICULO COM A PLACA VIOLADA/FALSIFICADA,SP,MOTOCICLO,PARTICULAR,1,8,2026
7089,SAO JOAQUIM DA BARRA,6530-0,USAR NO VEICULO EQUIP C/ SOM EM VOLUME/FREQUENCIA NAO AUTORIZADOS PELO CONTRAN,SP,CAMINHONET,PARTICULAR,1,8,2026
6715,MOGI-GUACU,5274-1,UTILIZ VEIC DEMONST/EXIBIR MANOBRA PERIGOSA MEDIANTE ARRANCADA BRUSCA,SP,MOTOCICLO,PARTICULAR,1,8,2026
6735,MONTEIRO LOBATO,5118-0,PERMITIR POSSE/CONDUCAO DO VEICULO A PESSOA SEM CNH/PPD/ACC,SP,MOTOCICLO,PARTICULAR,1,8,2026
6415,FERRAZ DE VASCONCELOS,7684-1,Cond motoc/moton/ciclom c/ util cap de seg s/ vis/ocul prot,SP,MOTOCICLO,PARTICULAR,1,8,2026
6219,BAURU,6653-2,CONDUZIR O VEICULO COM SILENCIADOR DE MOTOR DEFEITUOSO/DEFICIENTE/INOPERANTE,SP,AUTOMOVEL,PARTICULAR,1,8,2026
6619,JUNDIAI,6670-0,CONDUZIR O VEICULO C/ EQUIP DO SISTEMA DE ILUMINACAO E DE SINALIZACAO ALTERADOS,SP,MOTOCICLO,PARTICULAR,1,8,2026
6313,CARAPICUIBA,5967-0,"ULTRAPASSAR PELA CONTRAMAO LINHA DE DIVISAO DE FLUXOS OPOSTOS, CONTINUA AMARELA",SP,CAMINHONET,PARTICULAR,1,8,2026
6953,REGISTRO,6599-2,CONDUZIR O VEICULO REGISTRADO QUE NAO ESTEJA DEVIDAMENTE LICENCIADO,SP,AUTOMOVEL,PARTICULAR,1,8,2026
7145,SOROCABA,5878-0,"ULTRAPASSAR PELA DIREITA, SALVO QDO VEIC DA FRENTE DER SINAL P/ ENTRAR ESQUERDA",SP,MOTOCICLO,PARTICULAR,1,8,2026
6645,LORENA,5274-1,UTILIZ VEIC DEMONST/EXIBIR MANOBRA PERIGOSA MEDIANTE ARRANCADA BRUSCA,SP,MOTOCICLO,PARTICULAR,1,8,2026
6163,ARARAQUARA,5738-0,TRANSITAR PELA CONTRAMAO DE DIRECAO EM VIA C/ SINALIZACAO DE REGUL SENTIDO UNICO,SP,CAMINHONET,PARTICULAR,1,8,2026
7259,IARAS,6637-1,CONDUZIR O VEICULO SEM EQUIPAMENTO OBRIGATORIO,SP,MOTOCICLO,PARTICULAR,1,8,2026
6867,PINHALZINHO,6726-1,"CONDUZIR O VEICULO EM MAU ESTADO DE CONSERVACAO, COMPROMETENDO A SEGURANCA",SP,MOTOCICLO,PARTICULAR,1,8,2026
6337,CHAVANTES,5045-0,DIRIGIR VEICULO COM VALIDADE DE CNH/PPD VENCIDA HA MAIS DE 30 DIAS,SP,AUTOMOVEL,PARTICULAR,1,8,2026
7063,SANTO ANTONIO DO JARDIM,5118-0,PERMITIR POSSE/CONDUCAO DO VEICULO A PESSOA SEM CNH/PPD/ACC,SP,AUTOMOVEL,PARTICULAR,1,8,2026
6825,PARIQUERA-ACU,5185-1,Deixar o condutor de usar o cinto seguranca,SP,AUTOMOVEL,PARTICULAR,1,8,2026
7017,SANTA BARBARA DO OESTE,5207-0,Dirigir sem atencao ou sem os cuidados indispensaveis a seguranca,SP,AUTOMOVEL,PARTICULAR,1,8,2026
6105,AGUAI,6050-2,AVANCAR O SINAL DE PARADA OBRIGATORIA,SP,MOTOCICLO,PARTICULAR,2,8,2026
6681,MARILIA,6050-2,AVANCAR O SINAL DE PARADA OBRIGATORIA,SP,CAMIONETA,PARTICULAR,1,8,2026
6619,JUNDIAI,6408-0,PORTAR NO VEICULO PLACAS DE IDENTIFICACAO EM DESACORDO C/ ESPECIF/MODELO CONTRAN,SP,MOTOCICLO,PARTICULAR,1,8,2026
2953,HOLAMBRA,6599-2,CONDUZIR O VEICULO REGISTRADO QUE NAO ESTEJA DEVIDAMENTE LICENCIADO,SP,AUTOMOVEL,PARTICULAR,1,8,2026
6853,PERUIBE,7340-0,DIRIGIR O VEIC USANDO CALCADO QUE N SE FIRME NOS PES/COMPROMETA UTILIZ PEDAIS,SP,CAMIONETA,PARTICULAR,1,8,2026
6475,GUARUJA,6599-2,CONDUZIR O VEICULO REGISTRADO QUE NAO ESTEJA DEVIDAMENTE LICENCIADO,SP,MOTONETA,PARTICULAR,1,8,2026
6539,ITAJOBI,5193-0,Transportar crianca sem observancia das normas de seguranca estabelecidas p/ CTB,SP,AUTOMOVEL,PARTICULAR,1,8,2026
6197,BANANAL,5274-1,UTILIZ VEIC DEMONST/EXIBIR MANOBRA PERIGOSA MEDIANTE ARRANCADA BRUSCA,Outras UFs,MOTOCICLO,PARTICULAR,1,8,2026
6389,DRACENA,5169-1,DIRIGIR SOB A INFLUENCIA DE ALCOOL,SP,AUTOMOVEL,PARTICULAR,1,8,2026
6687,MATAO,5274-1,UTILIZ VEIC DEMONST/EXIBIR MANOBRA PERIGOSA MEDIANTE ARRANCADA BRUSCA,SP,AUTOMOVEL,PARTICULAR,2,8,2026
6697,MINEIROS DO TIETE,5738-0,TRANSITAR PELA CONTRAMAO DE DIRECAO EM VIA C/ SINALIZACAO DE REGUL SENTIDO UNICO,SP,MOTOCICLO,PARTICULAR,1,8,2026
6341,COLINA,6599-2,CONDUZIR O VEICULO REGISTRADO QUE NAO ESTEJA DEVIDAMENTE LICENCIADO,SP,MOTOCICLO,PARTICULAR,1,8,2026
6887,PIRASSUNUNGA,6602-0,CONDUZIR O VEICULO COM QUALQUER UMA DAS PLACAS SEM LEGIBILIDADE E VISIBILIDADE,SP,MOTOCICLO,PARTICULAR,1,8,2026
6377,DIADEMA,6637-1,CONDUZIR O VEICULO SEM EQUIPAMENTO OBRIGATORIO,SP,MOTOCICLO,PARTICULAR,1,8,2026
6931,PRESIDENTE VENCESLAU,7048-1,"CONDUZIR MOTOCICLETA, MOTONETA E CICLOMOTOR TRANSPORTANDO PASSAGEIRO S/ CAPACETE",SP,MOTOCICLO,PARTICULAR,1,8,2026
2949,ENGENHEIRO COELHO,6599-2,CONDUZIR O VEICULO REGISTRADO QUE NAO ESTEJA DEVIDAMENTE LICENCIADO,SP,MOTOCICLO,PARTICULAR,1,8,2026
7099,SAO JOSE DOS CAMPOS,5045-0,DIRIGIR VEICULO COM VALIDADE DE CNH/PPD VENCIDA HA MAIS DE 30 DIAS,SP,MOTOCICLO,PARTICULAR,1,8,2026
6555,ITAPOLIS,5045-0,DIRIGIR VEICULO COM VALIDADE DE CNH/PPD VENCIDA HA MAIS DE 30 DIAS,SP,MOTOCICLO,PARTICULAR,1,8,2026
7107,SAO PAULO,6696-2,CONDUZIR C/ INSCR/ADESIVO/LEGENDA/SIMBOLO PINTADO PARA-BRISA E EXTENSAO TRASEIRA,SP,AUTOMOVEL,PARTICULAR,1,8,2026
7083,SAO JOAO DA BOA VISTA,7633-2,Dirigir veiculo manuseando telefone celular,SP,AUTOMOVEL,PARTICULAR,1,8,2026
6213,BARUERI,6050-1,AVAN O SIN VERM DO SEMAF EXC SE HOUVER SINALIZ PERM LIVRE CONV A DIR,SP,AUTOMOVEL,PARTICULAR,1,8,2026
6635,LEME,7633-1,Dirigir veiculo segurando telefone celular,SP,CAMINHONET,PARTICULAR,1,8,2026
6467,GUARAREMA,6726-1,"CONDUZIR O VEICULO EM MAU ESTADO DE CONSERVACAO, COMPROMETENDO A SEGURANCA",SP,AUTOMOVEL,PARTICULAR,1,8,2026
6415,FERRAZ DE VASCONCELOS,6769-0,"CONDUZIR VEIC C/ DEFEITO NO SIST DE ILUMINACAO, SINALIZ OU LAMPADAS QUEIMADAS",SP,MOTOCICLO,PARTICULAR,1,8,2026
7107,SAO PAULO,6599-2,CONDUZIR O VEICULO REGISTRADO QUE NAO ESTEJA DEVIDAMENTE LICENCIADO,Outras UFs,AUTOMOVEL,PARTICULAR,2,8,2026
7121,SAO VICENTE,5207-0,Dirigir sem atencao ou sem os cuidados indispensaveis a seguranca,SP,MOTOCICLO,PARTICULAR,1,8,2026
7079,SAO CARLOS,6963-0,TRANS C/VEIC DESAC C/ESPECIFICACAO/FALTA DE INSCR/SIMBOLOGIA NECESSARIA IDENTIF,SP,ONIBUS,ALUGUEL,1,8,2026
6261,BURI,6653-1,CONDUZIR O VEICULO COM DESCARGA LIVRE,SP,MOTOCICLO,PARTICULAR,1,8,2026
6487,IBATE,6530-0,USAR NO VEICULO EQUIP C/ SOM EM VOLUME/FREQUENCIA NAO AUTORIZADOS PELO CONTRAN,SP,AUTOMOVEL,PARTICULAR,1,8,2026
6429,FRANCO DA ROCHA,6408-0,PORTAR NO VEICULO PLACAS DE IDENTIFICACAO EM DESACORDO C/ ESPECIF/MODELO CONTRAN,SP,MOTOCICLO,PARTICULAR,1,8,2026
6589,JACAREI,6050-1,AVAN O SIN VERM DO SEMAF EXC SE HOUVER SINALIZ PERM LIVRE CONV A DIR,SP,AUTOMOVEL,PARTICULAR,1,8,2026
6639,LIMEIRA,6041-2,EXECUTAR OPERACAO DE CONVERSAO A ESQUERDA EM LOCAL PROIBIDO PELA SINALIZACAO,SP,AUTOMOVEL,PARTICULAR,1,8,2026
7107,SAO PAULO,5142-0,PERMITIR POSSE/CONDUCAO DO VEIC A PESSOA COM CNH/PPD VENCIDA HA MAIS DE 30 DIAS,SP,MOTOCICLO,PARTICULAR,1,8,2026
