ID_MUNICIPIO,NOME_MUNICIPIO,CODIGO_INFRACAO,DESCRICAO_INFRACAO,UF_PLACA_VEICULO,TIPO_VEICULO,CATEGORIA_VEICULO,QTDE,MES,ANO
6549,ITAPEVA,6050-2,AVANCAR O SINAL DE PARADA OBRIGATORIA,SP,AUTOMOVEL,PARTICULAR,1,6,2026
6221,BEBEDOURO,6645-0,CONDUZIR O VEICULO COM EQUIP OBRIGATORIO EM DESACORDO COM O ESTAB PELO CONTRAN,SP,MOTOCICLO,PARTICULAR,2,6,2026
6361,COTIA,6599-2,CONDUZIR O VEICULO REGISTRADO QUE NAO ESTEJA DEVIDAMENTE LICENCIADO,SP,CAMINHONET,ALUGUEL,1,6,2026
7237,VINHEDO,5010-0,DIRIGIR VEICULO SEM POSSUIR CNH/PPD/ACC,SP,AUTOMOVEL,PARTICULAR,1,6,2026
6877,PIRAJU,7340-0,DIRIGIR O VEIC USANDO CALCADO QUE N SE FIRME NOS PES/COMPROMETA UTILIZ PEDAIS,SP,MOTOCICLO,PARTICULAR,1,6,2026
7183,TAUBATE,6726-1,"CONDUZIR O VEICULO EM MAU ESTADO DE CONSERVACAO, COMPROMETENDO A SEGURANCA",SP,MOTOCICLO,PARTICULAR,1,6,2026
6875,PIRACICABA,5738-0,TRANSITAR PELA CONTRAMAO DE DIRECAO EM VIA C/ SINALIZACAO DE REGUL SENTIDO UNICO,SP,MOTOCICLO,PARTICULAR,1,6,2026
6681,MARILIA,7366-2,DIRIGIR VEICULO UTILIZANDO-SE DE TELEFONE CELULAR,SP,CAMINHONET,PARTICULAR,1,6,2026
7103,SAO MANUEL,6599-2,CONDUZIR O VEICULO REGISTRADO QUE NAO ESTEJA DEVIDAMENTE LICENCIADO,SP,AUTOMOVEL,PARTICULAR,1,6,2026
6623,JUQUIA,5185-1,Deixar o condutor de usar o cinto seguranca,SP,AUTOMOVEL,PARTICULAR,1,6,2026
7107,SAO PAULO,6050-1,AVAN O SIN VERM DO SEMAF EXC SE HOUVER SINALIZ PERM LIVRE CONV A DIR,SP,MOTOCICLO,PARTICULAR,45,6,2026
6163,ARARAQUARA,5010-0,DIRIGIR VEICULO SEM POSSUIR CNH/PPD/ACC,SP,CICLOMOTO,PARTICULAR,1,6,2026
7107,SAO PAULO,6483-0,USAR BUZINA QUE NAO A DE TOQUE BREVE COMO ADVERTENCIA A PEDESTRE OU CONDUTORES,SP,AUTOMOVEL,ALUGUEL,1,6,2026
7107,SAO PAULO,7358-0,"DIRIGIR O VEICULO COM APENAS UMA DAS MAOS, EXCETO QUANDO PERMITIDO PELO CTB",SP,CAMINHONET,PARTICULAR,2,6,2026
7099,SAO JOSE DOS CAMPOS,7633-2,Dirigir veiculo manuseando telefone celular,SP,AUTOMOVEL,PARTICULAR,2,6,2026
6863,PINDORAMA,5118-0,PERMITIR POSSE/CONDUCAO DO VEICULO A PESSOA SEM CNH/PPD/ACC,SP,MOTOCICLO,PARTICULAR,1,6,2026
6779,OLIMPIA,6726-1,"CONDUZIR O VEICULO EM MAU ESTADO DE CONSERVACAO, COMPROMETENDO A SEGURANCA",SP,MOTOCICLO,PARTICULAR,1,6,2026
6503,IGARAPAVA,6599-2,CONDUZIR O VEICULO REGISTRADO QUE NAO ESTEJA DEVIDAMENTE LICENCIADO,SP,AUTOMOVEL,PARTICULAR,2,6,2026
7121,SAO VICENTE,6599-2,CONDUZIR O VEICULO REGISTRADO QUE NAO ESTEJA DEVIDAMENTE LICENCIADO,SP,MOTOCICLO,PARTICULAR,1,6,2026
6883,PIRAPORA DO BOM JESUS,7340-0,DIRIGIR O VEIC USANDO CALCADO QUE N SE FIRME NOS PES/COMPROMETA UTILIZ PEDAIS,SP,MOTOCICLO,PARTICULAR,1,6,2026
7095,SAO JOSE DO RIO PARDO,5045-0,DIRIGIR VEICULO COM VALIDADE DE CNH/PPD VENCIDA HA MAIS DE 30 DIAS,SP,CAMINHONET,PARTICULAR,1,6,2026
6219,BAURU,7633-1,Dirigir veiculo segurando telefone celular,SP,AUTOMOVEL,PARTICULAR,1,6,2026
820,SANTA CRUZ DA ESPERANCA,5657-0,PARAR NA CONTRAMAO DE DIRECAO,SP,AUTOMOVEL,PARTICULAR,1,6,2026
6789,OSASCO,6610-2,CONDUZIR O VEICULO COM CARACTERISTICA ALTERADA,SP,MOTOCICLO,PARTICULAR,2,6,2026
7041,SANTA MARIA DA SERRA,6599-2,CONDUZIR O VEICULO REGISTRADO QUE NAO ESTEJA DEVIDAMENTE LICENCIADO,SP,CAMINHONET,PARTICULAR,1,6,2026
7107,SAO PAULO,5002-0,"Multa, por nao identificacao do condutor infrator, imposta a pessoa juridica",Outras UFs,CAMIONETA,PARTICULAR,4,6,2026
7107,SAO PAULO,7234-0,"EM MOVIMENTO, DEIXAR DE MANTER ACESA A LUZ BAIXA DURANTE A NOITE",SP,CAMIONETA,PARTICULAR,6,6,2026
6817,PARANAPANEMA,5185-1,Deixar o condutor de usar o cinto seguranca,SP,CAMINHONET,PARTICULAR,1,6,2026
7079,SAO CARLOS,6726-1,"CONDUZIR O VEICULO EM MAU ESTADO DE CONSERVACAO, COMPROMETENDO A SEGURANCA",SP,AUTOMOVEL,PARTICULAR,2,6,2026
7107,SAO PAULO,7684-1,Cond motoc/moton/ciclom c/ util cap de seg s/ vis/ocul prot,SP,MOTOCICLO,PARTICULAR,4,6,2026
7107,SAO PAULO,5843-4,"Deixar de indicar c/ antec, med gesto de braco/luz indicadora, mudanca de faixa",SP,CAMIONETA,PARTICULAR,1,6,2026
6597,JALES,5738-0,TRANSITAR PELA CONTRAMAO DE DIRECAO EM VIA C/ SINALIZACAO DE REGUL SENTIDO UNICO,SP,MOTOCICLO,PARTICULAR,1,6,2026
6313,CARAPICUIBA,5215-2,Dirigir ameacando os demais veiculos,SP,MOTONETA,PARTICULAR,1,6,2026
6305,CAPAO BONITO,7684-1,Cond motoc/moton/ciclom c/ util cap de seg s/ vis/ocul prot,SP,MOTOCICLO,PARTICULAR,1,6,2026
6125,ALVARES MACHADO,5193-0,Transportar crianca sem observancia das normas de seguranca estabelecidas p/ CTB,SP,AUTOMOVEL,PARTICULAR,1,6,2026
7107,SAO PAULO,5002-0,"Multa, por nao identificacao do condutor infrator, imposta a pessoa juridica",Outras UFs,MOTOCICLO,PARTICULAR,2,6,2026
7107,SAO PAULO,6408-0,PORTAR NO VEICULO PLACAS DE IDENTIFICACAO EM DESACORDO C/ ESPECIF/MODELO CONTRAN,SP,MOTONETA,PARTICULAR,1,6,2026
6281,CAIEIRAS,5185-1,Deixar o condutor de usar o cinto seguranca,SP,CAMINHONET,ALUGUEL,1,6,2026
7107,SAO PAULO,6050-1,AVAN O SIN VERM DO SEMAF EXC SE HOUVER SINALIZ PERM LIVRE CONV A DIR,Outras UFs,MOTOCICLO,PARTICULAR,1,6,2026
6969,RIBEIRAO PRETO,6599-2,CONDUZIR O VEICULO REGISTRADO QUE NAO ESTEJA DEVIDAMENTE LICENCIADO,SP,AUTOMOVEL,PARTICULAR,3,6,2026
7145,SOROCABA,6122-0,DEIXAR DE DAR PREFERENCIA A PEDESTRE/VEIC N MOTORIZADO NA FAIXA A ELE DESTINADA,SP,CAMINHONET,PARTICULAR,1,6,2026
7107,SAO PAULO,5819-6,TRANSITAR COM O VEICULO EM MARCAS DE CANALIZACAO,SP,UTILITARIO,PARTICULAR,7,6,2026
6287,CAJOBI,5045-0,DIRIGIR VEICULO COM VALIDADE DE CNH/PPD VENCIDA HA MAIS DE 30 DIAS,SP,AUTOMOVEL,PARTICULAR,1,6,2026
6369,CRUZEIRO,5045-0,DIRIGIR VEICULO COM VALIDADE DE CNH/PPD VENCIDA HA MAIS DE 30 DIAS,SP,AUTOMOVEL,PARTICULAR,1,6,2026
7071,SANTOS,6637-1,CONDUZIR O VEICULO SEM EQUIPAMENTO OBRIGATORIO,SP,MOTOCICLO,PARTICULAR,2,6,2026
6313,CARAPICUIBA,7056-1,CONDUZIR MOTOC/MOTON/CICLOMOTOR FAZENDO MALABARISMO/EQUILIBRANDO-SE EM UMA RODA,SP,MOTOCICLO,PARTICULAR,1,6,2026
7089,SAO JOAQUIM DA BARRA,6599-2,CONDUZIR O VEICULO REGISTRADO QUE NAO ESTEJA DEVIDAMENTE LICENCIADO,SP,AUTOMOVEL,PARTICULAR,1,6,2026
6467,GUARAREMA,6726-1,"CONDUZIR O VEICULO EM MAU ESTADO DE CONSERVACAO, COMPROMETENDO A SEGURANCA",SP,MOTOCICLO,PARTICULAR,1,6,2026
6619,JUNDIAI,6726-1,"CONDUZIR O VEICULO EM MAU ESTADO DE CONSERVACAO, COMPROMETENDO A SEGURANCA",SP,MOTOCICLO,PARTICULAR,1,6,2026
7177,TAQUARITUBA,6050-1,AVAN O SIN VERM DO SEMAF EXC SE HOUVER SINALIZ PERM LIVRE CONV A DIR,SP,CAMINHONET,PARTICULAR,1,6,2026
6875,PIRACICABA,5010-0,DIRIGIR VEICULO SEM POSSUIR CNH/PPD/ACC,SP,MOTOCICLO,PARTICULAR,1,6,2026
6921,PRAIA GRANDE,7633-1,Dirigir veiculo segurando telefone celular,SP,AUTOMOVEL,PARTICULAR,1,6,2026
6897,POA,5185-1,Deixar o condutor de usar o cinto seguranca,SP,CAMINHONET,PARTICULAR,1,6,2026
6431,GABRIEL MONTEIRO,5185-1,Deixar o condutor de usar o cinto seguranca,SP,AUTOMOVEL,PARTICULAR,1,6,2026
6125,ALVARES MACHADO,7340-0,DIRIGIR O VEIC USANDO CALCADO QUE N SE FIRME NOS PES/COMPROMETA UTILIZ PEDAIS,SP,MOTONETA,PARTICULAR,1,6,2026
7133,SERRA NEGRA,7358-0,"DIRIGIR O VEICULO COM APENAS UMA DAS MAOS, EXCETO QUANDO PERMITIDO PELO CTB",SP,AUTOMOVEL,PARTICULAR,1,6,2026
6377,DIADEMA,6726-1,"CONDUZIR O VEICULO EM MAU ESTADO DE CONSERVACAO, COMPROMETENDO A SEGURANCA",SP,MOTOCICLO,PARTICULAR,1,6,2026
7135,SERTAOZINHO,5118-0,PERMITIR POSSE/CONDUCAO DO VEICULO A PESSOA SEM CNH/PPD/ACC,SP,MOTONETA,PARTICULAR,1,6,2026
6313,CARAPICUIBA,5274-1,UTILIZ VEIC DEMONST/EXIBIR MANOBRA PERIGOSA MEDIANTE ARRANCADA BRUSCA,SP,MOTOCICLO,PARTICULAR,2,6,2026
6529,IRACEMAPOLIS,5010-0,DIRIGIR VEICULO SEM POSSUIR CNH/PPD/ACC,SP,AUTOMOVEL,PARTICULAR,1,6,2026
6703,MIRANDOPOLIS,7340-0,DIRIGIR O VEIC USANDO CALCADO QUE N SE FIRME NOS PES/COMPROMETA UTILIZ PEDAIS,Outras UFs,MOTOCICLO,PARTICULAR,1,6,2026
6697,MINEIROS DO TIETE,5185-1,Deixar o condutor de usar o cinto seguranca,SP,AUTOMOVEL,PARTICULAR,2,6,2026
6131,AMERICANA,5010-0,DIRIGIR VEICULO SEM POSSUIR CNH/PPD/ACC,SP,MOTOCICLO,PARTICULAR,1,6,2026
6611,JOANOPOLIS,5541-1,ESTACIONAR EM DESACORDO COM A REGULAMENTACAO ESPECIFICADA PELA SINALIZACAO,Outras UFs,CAMIONETA,PARTICULAR,1,6,2026
6847,PENAPOLIS,6726-1,"CONDUZIR O VEICULO EM MAU ESTADO DE CONSERVACAO, COMPROMETENDO A SEGURANCA",SP,AUTOMOVEL,PARTICULAR,1,6,2026
6927,PRESIDENTE EPITACIO,5045-0,DIRIGIR VEICULO COM VALIDADE DE CNH/PPD VENCIDA HA MAIS DE 30 DIAS,Outras UFs,AUTOMOVEL,PARTICULAR,1,6,2026
6681,MARILIA,6599-1,CONDUZIR O VEICULO QUE NAO ESTEJA REGISTRADO,SP,CAMINHONET,PARTICULAR,1,6,2026
7107,SAO PAULO,6769-0,"CONDUZIR VEIC C/ DEFEITO NO SIST DE ILUMINACAO, SINALIZ OU LAMPADAS QUEIMADAS",SP,AUTOMOVEL,PARTICULAR,36,6,2026
7107,SAO PAULO,5819-6,TRANSITAR COM O VEICULO EM MARCAS DE CANALIZACAO,SP,MOTONETA,PARTICULAR,4,6,2026
6209,BARRETOS,5010-0,DIRIGIR VEICULO SEM POSSUIR CNH/PPD/ACC,SP,MOTOCICLO,PARTICULAR,1,6,2026
6313,CARAPICUIBA,6530-0,USAR NO VEICULO EQUIP C/ SOM EM VOLUME/FREQUENCIA NAO AUTORIZADOS PELO CONTRAN,SP,AUTOMOVEL,PARTICULAR,4,6,2026
7181,TATUI,5010-0,DIRIGIR VEICULO SEM POSSUIR CNH/PPD/ACC,SP,MOTOCICLO,PARTICULAR,1,6,2026
7057,SANTO ANDRE,7030-1,Conduzir motoc/moton/ciclom s/ capacete de seguranca,SP,MOTOCICLO,PARTICULAR,2,6,2026
7125,SARUTAIA,5185-1,Deixar o condutor de usar o cinto seguranca,SP,CAMINHONET,PARTICULAR,1,6,2026
7107,SAO PAULO,6599-2,CONDUZIR O VEICULO REGISTRADO QUE NAO ESTEJA DEVIDAMENTE LICENCIADO,SP,AUTOMOVEL,PARTICULAR,336,6,2026
6343,COLOMBIA,5185-1,Deixar o condutor de usar o cinto seguranca,SP,AUTOMOVEL,PARTICULAR,1,6,2026
7145,SOROCABA,6599-2,CONDUZIR O VEICULO REGISTRADO QUE NAO ESTEJA DEVIDAMENTE LICENCIADO,SP,AUTOMOVEL,PARTICULAR,10,6,2026
6125,ALVARES MACHADO,7340-0,DIRIGIR O VEIC USANDO CALCADO QUE N SE FIRME NOS PES/COMPROMETA UTILIZ PEDAIS,SP,MOTOCICLO,PARTICULAR,2,6,2026
7107,SAO PAULO,6599-1,CONDUZIR O VEICULO QUE NAO ESTEJA REGISTRADO,SP,AUTOMOVEL,PARTICULAR,1,6,2026
7107,SAO PAULO,5819-4,TRANSITAR COM O VEICULO EM CANTEIROS CENTRAIS/DIVISORES DE PISTA DE ROLAMENTO,SP,MOTOCICLO,PARTICULAR,2,6,2026
7181,TATUI,6726-1,"CONDUZIR O VEICULO EM MAU ESTADO DE CONSERVACAO, COMPROMETENDO A SEGURANCA",SP,MOTOCICLO,PARTICULAR,1,6,2026
6707,MIRASSOL,6637-2,CONDUZIR O VEICULO COM EQUIPAMENTO OBRIGATORIO INEFICIENTE/INOPERANTE,SP,AUTOMOVEL,PARTICULAR,1,6,2026
7183,TAUBATE,5819-1,"TRANSITAR COM O VEICULO EM CALCADAS, PASSEIOS",SP,MOTOCICLO,PARTICULAR,1,6,2026
6545,ITAPECERICA DA SERRA,6050-2,AVANCAR O SINAL DE PARADA OBRIGATORIA,SP,AUTOMOVEL,PARTICULAR,1,6,2026
6713,MOGI DAS CRUZES,6653-1,CONDUZIR O VEICULO COM DESCARGA LIVRE,SP,MOTOCICLO,PARTICULAR,1,6,2026
7151,SUZANO,5185-2,Deixar o passageiro de usar o cinto seguranca,SP,AUTOMOVEL,PARTICULAR,1,6,2026
6761,NOVA GRANADA,5207-0,Dirigir sem atencao ou sem os cuidados indispensaveis a seguranca,SP,MOTOCICLO,PARTICULAR,1,6,2026
7107,SAO PAULO,5002-0,"Multa, por nao identificacao do condutor infrator, imposta a pessoa juridica",SP,REBOQUE,PARTICULAR,1,6,2026
7107,SAO PAULO,6769-0,"CONDUZIR VEIC C/ DEFEITO NO SIST DE ILUMINACAO, SINALIZ OU LAMPADAS QUEIMADAS",SP,CAMIONETA,PARTICULAR,6,6,2026
6779,OLIMPIA,5185-1,Deixar o condutor de usar o cinto seguranca,SP,AUTOMOVEL,PARTICULAR,1,6,2026
7145,SOROCABA,6602-0,CONDUZIR O VEICULO COM QUALQUER UMA DAS PLACAS SEM LEGIBILIDADE E VISIBILIDADE,SP,MOTOCICLO,PARTICULAR,1,6,2026
7107,SAO PAULO,6637-2,CONDUZIR O VEICULO COM EQUIPAMENTO OBRIGATORIO INEFICIENTE/INOPERANTE,SP,MOTOCICLO,PARTICULAR,2,6,2026
6313,CARAPICUIBA,5185-1,Deixar o condutor de usar o cinto seguranca,SP,MICROONIB,ALUGUEL,1,6,2026
6645,LORENA,6637-1,CONDUZIR O VEICULO SEM EQUIPAMENTO OBRIGATORIO,SP,MOTOCICLO,PARTICULAR,1,6,2026
7107,SAO PAULO,5002-0,"Multa, por nao identificacao do condutor infrator, imposta a pessoa juridica",Outras UFs,UTILITARIO,,1,6,2026
6779,OLIMPIA,6408-0,PORTAR NO VEICULO PLACAS DE IDENTIFICACAO EM DESACORDO C/ ESPECIF/MODELO CONTRAN,SP,MOTONETA,PARTICULAR,1,6,2026
6377,DIADEMA,6580-0,CONDUZIR O VEICULO SEM QUALQUER UMA DAS PLACAS DE IDENTIFICACAO,SP,MOTOCICLO,PARTICULAR,1,6,2026
6503,IGARAPAVA,6637-1,CONDUZIR O VEICULO SEM EQUIPAMENTO OBRIGATORIO,SP,MOTOCICLO,PARTICULAR,1,6,2026
6281,CAIEIRAS,6599-2,CONDUZIR O VEICULO REGISTRADO QUE NAO ESTEJA DEVIDAMENTE LICENCIADO,SP,AUTOMOVEL,PARTICULAR,2,6,2026
6639,LIMEIRA,5185-1,Deixar o condutor de usar o cinto seguranca,SP,CAMINHAO,PARTICULAR,1,6,2026
6545,ITAPECERICA DA SERRA,5797-0,FORCAR PASSAGEM ENTRE VEICS TRANS SENT OPOSTOS NA IMINENCIA REALIZ ULTRAPASSAGEM,Outras UFs,AUTOMOVEL,PARTICULAR,1,6,2026
7083,SAO JOAO DA BOA VISTA,6050-2,AVANCAR O SINAL DE PARADA OBRIGATORIA,SP,AUTOMOVEL,PARTICULAR,1,6,2026
6261,BURI,5010-0,DIRIGIR VEICULO SEM POSSUIR CNH/PPD/ACC,SP,MOTOCICLO,PARTICULAR,1,6,2026
6901,POMPEIA,7358-0,"DIRIGIR O VEICULO COM APENAS UMA DAS MAOS, EXCETO QUANDO PERMITIDO PELO CTB",SP,CAMINHONET,PARTICULAR,1,6,2026
6843,PEDREIRA,7633-2,Dirigir veiculo manuseando telefone celular,SP,AUTOMOVEL,PARTICULAR,1,6,2026
7107,SAO PAULO,5002-0,"Multa, por nao identificacao do condutor infrator, imposta a pessoa juridica",SP,CAMIONETA,ALUGUEL,3,6,2026
6583,ITUVERAVA,6599-2,CONDUZIR O VEICULO REGISTRADO QUE NAO ESTEJA DEVIDAMENTE LICENCIADO,Outras UFs,AUTOMOVEL,,1,6,2026
7107,SAO PAULO,7633-2,Dirigir veiculo manuseando telefone celular,SP,UTILITARIO,PARTICULAR,30,6,2026
6795,OURINHOS,5215-1,Dirigir ameacando os pedestres que estejam atravessando a via publica,SP,MOTOCICLO,PARTICULAR,2,6,2026
6619,JUNDIAI,7684-2,Cond motoc/moton/ciclom c/ util cap de seg c/ vis/ocul prot des c/ regul Contran,SP,MOTONETA,PARTICULAR,2,6,2026
7145,SOROCABA,6653-2,CONDUZIR O VEICULO COM SILENCIADOR DE MOTOR DEFEITUOSO/DEFICIENTE/INOPERANTE,SP,MOTOCICLO,PARTICULAR,2,6,2026
6563,ITAQUAQUECETUBA,5010-0,DIRIGIR VEICULO SEM POSSUIR CNH/PPD/ACC,SP,AUTOMOVEL,PARTICULAR,1,6,2026
6313,CARAPICUIBA,5185-1,Deixar o condutor de usar o cinto seguranca,SP,CAMINHONET,PARTICULAR,1,6,2026
7107,SAO PAULO,7358-0,"DIRIGIR O VEICULO COM APENAS UMA DAS MAOS, EXCETO QUANDO PERMITIDO PELO CTB",SP,UTILITARIO,PARTICULAR,1,6,2026
7155,TABATINGA,5045-0,DIRIGIR VEICULO COM VALIDADE DE CNH/PPD VENCIDA HA MAIS DE 30 DIAS,SP,CAMINHONET,PARTICULAR,1,6,2026
7183,TAUBATE,5185-2,Deixar o passageiro de usar o cinto seguranca,SP,AUTOMOVEL,PARTICULAR,1,6,2026
7145,SOROCABA,5045-0,DIRIGIR VEICULO COM VALIDADE DE CNH/PPD VENCIDA HA MAIS DE 30 DIAS,SP,MOTOCICLO,PARTICULAR,1,6,2026
7005,SALTO,5185-2,Deixar o passageiro de usar o cinto seguranca,SP,AUTOMOVEL,PARTICULAR,1,6,2026
7107,SAO PAULO,7633-1,Dirigir veiculo segurando telefone celular,SP,CAMINHAO,ALUGUEL,1,6,2026
7107,SAO PAULO,7048-1,"CONDUZIR MOTOCICLETA, MOTONETA E CICLOMOTOR TRANSPORTANDO PASSAGEIRO S/ CAPACETE",SP,MOTOCICLO,ALUGUEL,1,6,2026
6619,JUNDIAI,7102-1,"CONDUZIR MOTOCICLETA, MOTONETA E CICLOMOTOR TRANSPORTANDO CARGA INCOMPATIVEL",SP,MOTOCICLO,PARTICULAR,1,6,2026
6619,JUNDIAI,6556-1,CONDUZIR O VEICULO COM O LACRE DE IDENTIFICACAO VIOLADO/FALSIFICADO,SP,MOTOCICLO,PARTICULAR,1,6,2026
6619,JUNDIAI,5207-0,Dirigir sem atencao ou sem os cuidados indispensaveis a seguranca,SP,MOTOCICLO,PARTICULAR,1,6,2026
2943,ILHA SOLTEIRA,5010-0,DIRIGIR VEICULO SEM POSSUIR CNH/PPD/ACC,SP,AUTOMOVEL,PARTICULAR,1,6,2026
7107,SAO PAULO,5029-2,DIRIGIR VEICULO COM CNH/PPD/ACC COM SUSPENSAO DO DIREITO DE DIRIGIR,SP,MOTOCICLO,PARTICULAR,1,6,2026
7107,SAO PAULO,6599-2,CONDUZIR O VEICULO REGISTRADO QUE NAO ESTEJA DEVIDAMENTE LICENCIADO,SP,MOTOCICLO,PARTICULAR,59,6,2026
7099,SAO JOSE DOS CAMPOS,6653-2,CONDUZIR O VEICULO COM SILENCIADOR DE MOTOR DEFEITUOSO/DEFICIENTE/INOPERANTE,SP,MOTOCICLO,PARTICULAR,5,6,2026
6477,GUARULHOS,7633-2,Dirigir veiculo manuseando telefone celular,SP,AUTOMOVEL,PARTICULAR,1,6,2026
6795,OURINHOS,6440-0,FAZER USO DO FACHO DE LUZ ALTA DOS FAROIS EM VIAS PROVIDAS DE ILUMINACAO PUBLICA,SP,MOTOCICLO,PARTICULAR,2,6,2026
6361,COTIA,6726-1,"CONDUZIR O VEICULO EM MAU ESTADO DE CONSERVACAO, COMPROMETENDO A SEGURANCA",SP,MOTOCICLO,PARTICULAR,1,6,2026
6349,CORDEIROPOLIS,7684-2,Cond motoc/moton/ciclom c/ util cap de seg c/ vis/ocul prot des c/ regul Contran,SP,MOTOCICLO,PARTICULAR,1,6,2026
6313,CARAPICUIBA,7633-2,Dirigir veiculo manuseando telefone celular,SP,UTILITARIO,PARTICULAR,1,6,2026
7107,SAO PAULO,5835-0,Desobedecer as ordens emanadas da autorid compet de transito ou de seus agentes,SP,AUTOMOVEL,PARTICULAR,1,6,2026
6209,BARRETOS,6637-1,CONDUZIR O VEICULO SEM EQUIPAMENTO OBRIGATORIO,SP,MOTOCICLO,PARTICULAR,1,6,2026
7107,SAO PAULO,5002-0,"Multa, por nao identificacao do condutor infrator, imposta a pessoa juridica",SP,UTILITARIO,PARTICULAR,65,6,2026
7107,SAO PAULO,6599-2,CONDUZIR O VEICULO REGISTRADO QUE NAO ESTEJA DEVIDAMENTE LICENCIADO,SP,CAMINHONET,PARTICULAR,37,6,2026
7099,SAO JOSE DOS CAMPOS,5207-0,Dirigir sem atencao ou sem os cuidados indispensaveis a seguranca,SP,MOTOCICLO,PARTICULAR,2,6,2026
7145,SOROCABA,6599-2,CONDUZIR O VEICULO REGISTRADO QUE NAO ESTEJA DEVIDAMENTE LICENCIADO,SP,MOTOCICLO,PARTICULAR,5,6,2026
6163,ARARAQUARA,6599-2,CONDUZIR O VEICULO REGISTRADO QUE NAO ESTEJA DEVIDAMENTE LICENCIADO,SP,AUTOMOVEL,PARTICULAR,2,6,2026
6969,RIBEIRAO PRETO,7340-0,DIRIGIR O VEIC USANDO CALCADO QUE N SE FIRME NOS PES/COMPROMETA UTILIZ PEDAIS,SP,MOTOCICLO,PARTICULAR,2,6,2026
6131,AMERICANA,5118-0,PERMITIR POSSE/CONDUCAO DO VEICULO A PESSOA SEM CNH/PPD/ACC,SP,MOTOCICLO,PARTICULAR,1,6,2026
2951,HORTOLANDIA,5185-1,Deixar o condutor de usar o cinto seguranca,SP,AUTOMOVEL,PARTICULAR,1,6,2026
6639,LIMEIRA,5037-1,DIRIGIR VEICULO COM CNH DE CATEGORIA DIFERENTE DA DO VEICULO,SP,MOTOCICLO,PARTICULAR,1,6,2026
2949,ENGENHEIRO COELHO,5185-1,Deixar o condutor de usar o cinto seguranca,SP,CAMIONETA,OFICIAL,1,6,2026
7099,SAO JOSE DOS CAMPOS,6599-2,CONDUZIR O VEICULO REGISTRADO QUE NAO ESTEJA DEVIDAMENTE LICENCIADO,Outras UFs,AUTOMOVEL,,1,6,2026
7099,SAO JOSE DOS CAMPOS,7684-1,Cond motoc/moton/ciclom c/ util cap de seg s/ vis/ocul prot,SP,MOTOCICLO,PARTICULAR,1,6,2026
7107,SAO PAULO,7366-2,DIRIGIR VEICULO UTILIZANDO-SE DE TELEFONE CELULAR,SP,MOTOCICLO,PARTICULAR,4,6,2026
6511,INDAIATUBA,6599-2,CONDUZIR O VEICULO REGISTRADO QUE NAO ESTEJA DEVIDAMENTE LICENCIADO,SP,CAMIONETA,PARTICULAR,1,6,2026
7037,SANTA ISABEL,6599-2,CONDUZIR O VEICULO REGISTRADO QUE NAO ESTEJA DEVIDAMENTE LICENCIADO,SP,MOTOCICLO,PARTICULAR,1,6,2026
7161,TAGUAI,6726-1,"CONDUZIR O VEICULO EM MAU ESTADO DE CONSERVACAO, COMPROMETENDO A SEGURANCA",SP,AUTOMOVEL,PARTICULAR,1,6,2026
6179,ASSIS,5185-1,Deixar o condutor de usar o cinto seguranca,SP,CAMINHONET,PARTICULAR,1,6,2026
7075,SAO BERNARDO DO CAMPO,5169-1,DIRIGIR SOB A INFLUENCIA DE ALCOOL,SP,MOTOCICLO,PARTICULAR,1,6,2026
7075,SAO BERNARDO DO CAMPO,6050-1,AVAN O SIN VERM DO SEMAF EXC SE HOUVER SINALIZ PERM LIVRE CONV A DIR,SP,MOTOCICLO,PARTICULAR,3,6,2026
7107,SAO PAULO,5029-1,Dirigir veiculo com CNH/PPD/ACC cassada,SP,MOTOCICLO,PARTICULAR,2,6,2026
7139,SEVERINIA,6726-1,"CONDUZIR O VEICULO EM MAU ESTADO DE CONSERVACAO, COMPROMETENDO A SEGURANCA",SP,AUTOMOVEL,PARTICULAR,1,6,2026
6401,EMBU DAS ARTES,7633-1,Dirigir veiculo segurando telefone celular,SP,CAMINHONET,PARTICULAR,1,6,2026
6729,MONTE APRAZIVEL,7340-0,DIRIGIR O VEIC USANDO CALCADO QUE N SE FIRME NOS PES/COMPROMETA UTILIZ PEDAIS,SP,AUTOMOVEL,PARTICULAR,1,6,2026
6291,CAMPINAS,7030-1,Conduzir motoc/moton/ciclom s/ capacete de seguranca,SP,MOTOCICLO,PARTICULAR,2,6,2026
6177,ARUJA,6564-0,CONDUZIR O VEICULO TRANSPORTANDO PASSAGEIROS EM COMPARTIMENTO DE CARGA,SP,CAMINHAO,PARTICULAR,1,6,2026
6619,JUNDIAI,6610-2,CONDUZIR O VEICULO COM CARACTERISTICA ALTERADA,Outras UFs,MOTOCICLO,PARTICULAR,1,6,2026
6231,BIRITIBA-MIRIM,6599-2,CONDUZIR O VEICULO REGISTRADO QUE NAO ESTEJA DEVIDAMENTE LICENCIADO,SP,AUTOMOVEL,PARTICULAR,1,6,2026
7107,SAO PAULO,6556-1,CONDUZIR O VEICULO COM O LACRE DE IDENTIFICACAO VIOLADO/FALSIFICADO,SP,CAMIONETA,PARTICULAR,1,6,2026
7061,SANTO ANTONIO DE POSSE,7366-2,DIRIGIR VEICULO UTILIZANDO-SE DE TELEFONE CELULAR,SP,MOTOCICLO,PARTICULAR,1,6,2026
7107,SAO PAULO,7617-3,"USAR QQ VEICULO PARA, DELIB, PERTURBAR CIRCULACAO NA VIA SEM AUT DO ORGAO",SP,MOTOCICLO,PARTICULAR,1,6,2026
6125,ALVARES MACHADO,5452-2,ESTACIONAR SOBRE FAIXA DESTINADA A PEDESTRE,SP,CAMINHONET,PARTICULAR,1,6,2026
7079,SAO CARLOS,7358-0,"DIRIGIR O VEICULO COM APENAS UMA DAS MAOS, EXCETO QUANDO PERMITIDO PELO CTB",SP,AUTOMOVEL,PARTICULAR,1,6,2026
6509,ILHABELA,5738-0,TRANSITAR PELA CONTRAMAO DE DIRECAO EM VIA C/ SINALIZACAO DE REGUL SENTIDO UNICO,SP,UTILITARIO,PARTICULAR,1,6,2026
6411,FERNANDOPOLIS,6599-2,CONDUZIR O VEICULO REGISTRADO QUE NAO ESTEJA DEVIDAMENTE LICENCIADO,SP,MOTOCICLO,PARTICULAR,2,6,2026
6713,MOGI DAS CRUZES,5010-0,DIRIGIR VEICULO SEM POSSUIR CNH/PPD/ACC,SP,MOTOCICLO,PARTICULAR,2,6,2026
6553,ITAPIRA,6645-0,CONDUZIR O VEICULO COM EQUIP OBRIGATORIO EM DESACORDO COM O ESTAB PELO CONTRAN,SP,MOTOCICLO,PARTICULAR,1,6,2026
6179,ASSIS,6530-0,USAR NO VEICULO EQUIP C/ SOM EM VOLUME/FREQUENCIA NAO AUTORIZADOS PELO CONTRAN,SP,AUTOMOVEL,PARTICULAR,2,6,2026
6853,PERUIBE,6408-0,PORTAR NO VEICULO PLACAS DE IDENTIFICACAO EM DESACORDO C/ ESPECIF/MODELO CONTRAN,SP,MOTOCICLO,PARTICULAR,1,6,2026
6469,GUARATINGUETA,5118-0,PERMITIR POSSE/CONDUCAO DO VEICULO A PESSOA SEM CNH/PPD/ACC,SP,MOTOCICLO,PARTICULAR,2,6,2026
6291,CAMPINAS,6726-1,"CONDUZIR O VEICULO EM MAU ESTADO DE CONSERVACAO, COMPROMETENDO A SEGURANCA",SP,MOTOCICLO,PARTICULAR,1,6,2026
6241,BOM JESUS DOS PERDOES,6726-1,"CONDUZIR O VEICULO EM MAU ESTADO DE CONSERVACAO, COMPROMETENDO A SEGURANCA",SP,AUTOMOVEL,PARTICULAR,1,6,2026
6361,COTIA,6599-2,CONDUZIR O VEICULO REGISTRADO QUE NAO ESTEJA DEVIDAMENTE LICENCIADO,SP,AUTOMOVEL,PARTICULAR,1,6,2026
7135,SERTAOZINHO,6599-2,CONDUZIR O VEICULO REGISTRADO QUE NAO ESTEJA DEVIDAMENTE LICENCIADO,SP,MOTOCICLO,PARTICULAR,1,6,2026
7145,SOROCABA,5010-0,DIRIGIR VEICULO SEM POSSUIR CNH/PPD/ACC,SP,MOTOCICLO,PARTICULAR,2,6,2026
7177,TAQUARITUBA,7684-2,Cond motoc/moton/ciclom c/ util cap de seg c/ vis/ocul prot des c/ regul Contran,SP,MOTOCICLO,PARTICULAR,1,6,2026
7107,SAO PAULO,6050-2,AVANCAR O SINAL DE PARADA OBRIGATORIA,SP,MOTOCICLO,PARTICULAR,2,6,2026
7107,SAO PAULO,5681-0,TRANSITAR NA FAIXA/PISTA DA DIREITA REGUL CIRCULACAO EXCLUSIVA DETERM VEICULO,Outras UFs,AUTOMOVEL,PARTICULAR,1,6,2026
7107,SAO PAULO,5800-0,DEIXAR GUARDAR DIST SEGURANCA LAT/FRONT ENTRE SEU VEIC E DEMAIS E AO BORDO PISTA,SP,MOTOCICLO,PARTICULAR,1,6,2026
6125,ALVARES MACHADO,6599-2,CONDUZIR O VEICULO REGISTRADO QUE NAO ESTEJA DEVIDAMENTE LICENCIADO,SP,AUTOMOVEL,PARTICULAR,1,6,2026
7107,SAO PAULO,7633-2,Dirigir veiculo manuseando telefone celular,SP,CAMINHONET,PARTICULAR,19,6,2026
6477,GUARULHOS,5959-1,ULTRAPASSAR PELA CONTRAMAO VEICULO PARADO EM FILA JUNTO SINAL LUMINOSO,SP,MOTOCICLO,PARTICULAR,1,6,2026
7107,SAO PAULO,7358-0,"DIRIGIR O VEICULO COM APENAS UMA DAS MAOS, EXCETO QUANDO PERMITIDO PELO CTB",SP,MOTOCICLO,PARTICULAR,1,6,2026
6619,JUNDIAI,6599-2,CONDUZIR O VEICULO REGISTRADO QUE NAO ESTEJA DEVIDAMENTE LICENCIADO,Outras UFs,MOTOCICLO,PARTICULAR,1,6,2026
7035,SANTA GERTRUDES,5010-0,DIRIGIR VEICULO SEM POSSUIR CNH/PPD/ACC,SP,MOTOCICLO,PARTICULAR,1,6,2026
7107,SAO PAULO,6726-1,"CONDUZIR O VEICULO EM MAU ESTADO DE CONSERVACAO, COMPROMETENDO A SEGURANCA",SP,CAMINHONET,ALUGUEL,1,6,2026
6409,FARTURA,5185-1,Deixar o condutor de usar o cinto seguranca,SP,CAMINHONET,PARTICULAR,1,6,2026
6853,PERUIBE,6726-1,"CONDUZIR O VEICULO EM MAU ESTADO DE CONSERVACAO, COMPROMETENDO A SEGURANCA",Outras UFs,CAMINHONET,PARTICULAR,1,6,2026
6493,IBITINGA,6580-0,CONDUZIR O VEICULO SEM QUALQUER UMA DAS PLACAS DE IDENTIFICACAO,SP,AUTOMOVEL,PARTICULAR,1,6,2026
6639,LIMEIRA,6653-1,CONDUZIR O VEICULO COM DESCARGA LIVRE,SP,MOTOCICLO,PARTICULAR,1,6,2026
6681,MARILIA,5274-1,UTILIZ VEIC DEMONST/EXIBIR MANOBRA PERIGOSA MEDIANTE ARRANCADA BRUSCA,SP,MOTOCICLO,PARTICULAR,1,6,2026
7107,SAO PAULO,6050-1,AVAN O SIN VERM DO SEMAF EXC SE HOUVER SINALIZ PERM LIVRE CONV A DIR,SP,CAMINHONET,PARTICULAR,9,6,2026
7157,TABOAO DA SERRA,7633-2,Dirigir veiculo manuseando telefone celular,SP,MOTONETA,PARTICULAR,1,6,2026
7107,SAO PAULO,5126-1,PERMITIR POSSE/CONDUCAO DO VEICULO A PESSOA COM CNH/PPD/ACC CASSADA,SP,MOTOCICLO,PARTICULAR,1,6,2026
6809,PANORAMA,6726-1,"CONDUZIR O VEICULO EM MAU ESTADO DE CONSERVACAO, COMPROMETENDO A SEGURANCA",SP,CAMINHONET,PARTICULAR,1,6,2026
7107,SAO PAULO,6637-2,CONDUZIR O VEICULO COM EQUIPAMENTO OBRIGATORIO INEFICIENTE/INOPERANTE,SP,MOTONETA,PARTICULAR,1,6,2026
6291,CAMPINAS,6645-0,CONDUZIR O VEICULO COM EQUIP OBRIGATORIO EM DESACORDO COM O ESTAB PELO CONTRAN,SP,MOTOCICLO,PARTICULAR,2,6,2026
7099,SAO JOSE DOS CAMPOS,7633-1,Dirigir veiculo segurando telefone celular,SP,MOTONETA,PARTICULAR,1,6,2026
6291,CAMPINAS,5720-0,TRANSITAR PELA CONTRAMAO DE DIRECAO EM VIA COM DUPLO SENTIDO DE CIRCULACAO,SP,MOTOCICLO,PARTICULAR,1,6,2026
7099,SAO JOSE DOS CAMPOS,5207-0,Dirigir sem atencao ou sem os cuidados indispensaveis a seguranca,SP,AUTOMOVEL,PARTICULAR,2,6,2026
6795,OURINHOS,6726-1,"CONDUZIR O VEICULO EM MAU ESTADO DE CONSERVACAO, COMPROMETENDO A SEGURANCA",SP,MOTOCICLO,PARTICULAR,3,6,2026
6795,OURINHOS,5835-0,Desobedecer as ordens emanadas da autorid compet de transito ou de seus agentes,SP,MOTOCICLO,PARTICULAR,2,6,2026
7107,SAO PAULO,6050-1,AVAN O SIN VERM DO SEMAF EXC SE HOUVER SINALIZ PERM LIVRE CONV A DIR,Outras UFs,UTILITARIO,PARTICULAR,1,6,2026
7107,SAO PAULO,6050-2,AVANCAR O SINAL DE PARADA OBRIGATORIA,SP,AUTOMOVEL,PARTICULAR,9,6,2026
7213,UCHOA,6637-1,CONDUZIR O VEICULO SEM EQUIPAMENTO OBRIGATORIO,SP,MOTOCICLO,PARTICULAR,1,6,2026
7107,SAO PAULO,5878-0,"ULTRAPASSAR PELA DIREITA, SALVO QDO VEIC DA FRENTE DER SINAL P/ ENTRAR ESQUERDA",SP,MOTOCICLO,PARTICULAR,3,6,2026
7107,SAO PAULO,6050-1,AVAN O SIN VERM DO SEMAF EXC SE HOUVER SINALIZ PERM LIVRE CONV A DIR,SP,UTILITARIO,PARTICULAR,11,6,2026
7107,SAO PAULO,5835-0,Desobedecer as ordens emanadas da autorid compet de transito ou de seus agentes,SP,CAMIONETA,PARTICULAR,1,6,2026
7057,SANTO ANDRE,6041-2,EXECUTAR OPERACAO DE CONVERSAO A ESQUERDA EM LOCAL PROIBIDO PELA SINALIZACAO,SP,MOTOCICLO,PARTICULAR,1,6,2026
6311,CARAGUATATUBA,6769-0,"CONDUZIR VEIC C/ DEFEITO NO SIST DE ILUMINACAO, SINALIZ OU LAMPADAS QUEIMADAS",SP,AUTOMOVEL,APRENDIZAGEM,2,6,2026
6969,RIBEIRAO PRETO,6602-0,CONDUZIR O VEICULO COM QUALQUER UMA DAS PLACAS SEM LEGIBILIDADE E VISIBILIDADE,SP,MOTOCICLO,PARTICULAR,1,6,2026
7243,VOTORANTIM,7340-0,DIRIGIR O VEIC USANDO CALCADO QUE N SE FIRME NOS PES/COMPROMETA UTILIZ PEDAIS,SP,MOTOCICLO,PARTICULAR,1,6,2026
6229,BIRIGUI,5738-0,TRANSITAR PELA CONTRAMAO DE DIRECAO EM VIA C/ SINALIZACAO DE REGUL SENTIDO UNICO,SP,AUTOMOVEL,PARTICULAR,1,6,2026
6865,ESPIRITO SANTO DO PINHAL,7030-1,Conduzir motoc/moton/ciclom s/ capacete de seguranca,SP,MOTOCICLO,PARTICULAR,1,6,2026
7107,SAO PAULO,5002-0,"Multa, por nao identificacao do condutor infrator, imposta a pessoa juridica",Outras UFs,AUTOMOVEL,APRENDIZAGEM,1,6,2026
7135,SERTAOZINHO,7684-2,Cond motoc/moton/ciclom c/ util cap de seg c/ vis/ocul prot des c/ regul Contran,SP,MOTONETA,PARTICULAR,1,6,2026
7107,SAO PAULO,6602-0,CONDUZIR O VEICULO COM QUALQUER UMA DAS PLACAS SEM LEGIBILIDADE E VISIBILIDADE,SP,CAMINHAO,ALUGUEL,4,6,2026
6313,CARAPICUIBA,7374-0,BLOQUEAR A VIA COM VEICULO,SP,AUTOMOVEL,PARTICULAR,1,6,2026
6713,MOGI DAS CRUZES,5061-0,ENTREGAR VEICULO A PESSOA SEM CNH/PPD/ACC,SP,MOTOCICLO,PARTICULAR,1,6,2026
6477,GUARULHOS,5010-0,DIRIGIR VEICULO SEM POSSUIR CNH/PPD/ACC,SP,AUTOMOVEL,PARTICULAR,2,6,2026
6931,PRESIDENTE VENCESLAU,7340-0,DIRIGIR O VEIC USANDO CALCADO QUE N SE FIRME NOS PES/COMPROMETA UTILIZ PEDAIS,SP,MOTOCICLO,PARTICULAR,1,6,2026
6133,AMERICO BRASILIENSE,6556-4,CONDUZIR O VEICULO COM A PLACA VIOLADA/FALSIFICADA,SP,MOTOCICLO,PARTICULAR,1,6,2026
6249,BOTUCATU,6726-1,"CONDUZIR O VEICULO EM MAU ESTADO DE CONSERVACAO, COMPROMETENDO A SEGURANCA",SP,CAMINHONET,PARTICULAR,1,6,2026
6369,CRUZEIRO,7340-0,DIRIGIR O VEIC USANDO CALCADO QUE N SE FIRME NOS PES/COMPROMETA UTILIZ PEDAIS,SP,MOTOCICLO,PARTICULAR,2,6,2026
6611,JOANOPOLIS,5541-1,ESTACIONAR EM DESACORDO COM A REGULAMENTACAO ESPECIFICADA PELA SINALIZACAO,SP,AUTOMOVEL,PARTICULAR,1,6,2026
6621,JUNQUEIROPOLIS,6637-1,CONDUZIR O VEICULO SEM EQUIPAMENTO OBRIGATORIO,SP,MOTOCICLO,PARTICULAR,1,6,2026
6293,CAMPO LIMPO PAULISTA,7633-2,Dirigir veiculo manuseando telefone celular,SP,CAMIONETA,PARTICULAR,1,6,2026
7133,SERRA NEGRA,5185-1,Deixar o condutor de usar o cinto seguranca,SP,AUTOMOVEL,PARTICULAR,1,6,2026
6681,MARILIA,6599-2,CONDUZIR O VEICULO REGISTRADO QUE NAO ESTEJA DEVIDAMENTE LICENCIADO,SP,MOTOCICLO,PARTICULAR,3,6,2026
7107,SAO PAULO,5819-1,"TRANSITAR COM O VEICULO EM CALCADAS, PASSEIOS",SP,MOTOCICLO,PARTICULAR,9,6,2026
6189,AVARE,5010-0,DIRIGIR VEICULO SEM POSSUIR CNH/PPD/ACC,SP,MOTOCICLO,PARTICULAR,2,6,2026
7079,SAO CARLOS,5185-1,Deixar o condutor de usar o cinto seguranca,SP,AUTOMOVEL,PARTICULAR,2,6,2026
6165,ARARAS,5010-0,DIRIGIR VEICULO SEM POSSUIR CNH/PPD/ACC,SP,MOTOCICLO,PARTICULAR,1,6,2026
6467,GUARAREMA,5045-0,DIRIGIR VEICULO COM VALIDADE DE CNH/PPD VENCIDA HA MAIS DE 30 DIAS,SP,MOTONETA,PARTICULAR,1,6,2026
7099,SAO JOSE DOS CAMPOS,5010-0,DIRIGIR VEICULO SEM POSSUIR CNH/PPD/ACC,SP,MOTOCICLO,PARTICULAR,1,6,2026
6113,AGUDOS,5010-0,DIRIGIR VEICULO SEM POSSUIR CNH/PPD/ACC,SP,MOTOCICLO,PARTICULAR,1,6,2026
7149,SUMARE,6769-0,"CONDUZIR VEIC C/ DEFEITO NO SIST DE ILUMINACAO, SINALIZ OU LAMPADAS QUEIMADAS",SP,AUTOMOVEL,PARTICULAR,1,6,2026
6261,BURI,6408-0,PORTAR NO VEICULO PLACAS DE IDENTIFICACAO EM DESACORDO C/ ESPECIF/MODELO CONTRAN,SP,MOTOCICLO,PARTICULAR,1,6,2026
6601,JANDIRA,7684-2,Cond motoc/moton/ciclom c/ util cap de seg c/ vis/ocul prot des c/ regul Contran,SP,MOTOCICLO,PARTICULAR,1,6,2026
7107,SAO PAULO,5002-0,"Multa, por nao identificacao do condutor infrator, imposta a pessoa juridica",SP,CAMINHONET,PARTICULAR,178,6,2026
7107,SAO PAULO,5207-0,Dirigir sem atencao ou sem os cuidados indispensaveis a seguranca,SP,CAMINHONET,ALUGUEL,1,6,2026
7157,TABOAO DA SERRA,6050-3,AVAN O SIN VERM DO SEMAF EXC SE HOUVER SINALIZ PERM LIVRE CONV A DIR -FISC ELETR,SP,MOTOCICLO,PARTICULAR,1,6,2026
6291,CAMPINAS,5185-1,Deixar o condutor de usar o cinto seguranca,SP,AUTOMOVEL,PARTICULAR,1,6,2026
7175,TAQUARITINGA,5185-1,Deixar o condutor de usar o cinto seguranca,SP,AUTOMOVEL,PARTICULAR,4,6,2026
6363,CRAVINHOS,5193-0,Transportar crianca sem observancia das normas de seguranca estabelecidas p/ CTB,SP,AUTOMOVEL,PARTICULAR,1,6,2026
6687,MATAO,5118-0,PERMITIR POSSE/CONDUCAO DO VEICULO A PESSOA SEM CNH/PPD/ACC,SP,MOTOCICLO,PARTICULAR,1,6,2026
6587,JABOTICABAL,6599-2,CONDUZIR O VEICULO REGISTRADO QUE NAO ESTEJA DEVIDAMENTE LICENCIADO,SP,CAMINHONET,PARTICULAR,1,6,2026
6817,PARANAPANEMA,6599-2,CONDUZIR O VEICULO REGISTRADO QUE NAO ESTEJA DEVIDAMENTE LICENCIADO,SP,AUTOMOVEL,PARTICULAR,1,6,2026
7107,SAO PAULO,6599-2,CONDUZIR O VEICULO REGISTRADO QUE NAO ESTEJA DEVIDAMENTE LICENCIADO,SP,MICROONIB,PARTICULAR,1,6,2026
6477,GUARULHOS,5843-1,"Deixar de indicar c/ antec, med gesto de braco/luz indicadora, inicio da marcha",SP,AUTOMOVEL,PARTICULAR,1,6,2026
7057,SANTO ANDRE,5819-1,"TRANSITAR COM O VEICULO EM CALCADAS, PASSEIOS",SP,MOTOCICLO,PARTICULAR,2,6,2026
7095,SAO JOSE DO RIO PARDO,7340-0,DIRIGIR O VEIC USANDO CALCADO QUE N SE FIRME NOS PES/COMPROMETA UTILIZ PEDAIS,SP,MOTOCICLO,PARTICULAR,1,6,2026
6199,BARBOSA,7340-0,DIRIGIR O VEIC USANDO CALCADO QUE N SE FIRME NOS PES/COMPROMETA UTILIZ PEDAIS,SP,MOTOCICLO,PARTICULAR,1,6,2026
7107,SAO PAULO,5037-1,DIRIGIR VEICULO COM CNH DE CATEGORIA DIFERENTE DA DO VEICULO,SP,MOTOCICLO,PARTICULAR,2,6,2026
7111,SAO PEDRO DO TURVO,6599-2,CONDUZIR O VEICULO REGISTRADO QUE NAO ESTEJA DEVIDAMENTE LICENCIADO,SP,AUTOMOVEL,PARTICULAR,1,6,2026
6587,JABOTICABAL,7684-2,Cond motoc/moton/ciclom c/ util cap de seg c/ vis/ocul prot des c/ regul Contran,SP,MOTOCICLO,PARTICULAR,6,6,2026
6313,CARAPICUIBA,7340-0,DIRIGIR O VEIC USANDO CALCADO QUE N SE FIRME NOS PES/COMPROMETA UTILIZ PEDAIS,SP,MOTOCICLO,PARTICULAR,1,6,2026
6921,PRAIA GRANDE,5207-0,Dirigir sem atencao ou sem os cuidados indispensaveis a seguranca,SP,MOTOCICLO,PARTICULAR,1,6,2026
7107,SAO PAULO,5185-1,Deixar o condutor de usar o cinto seguranca,SP,CAMINHAO,PARTICULAR,1,6,2026
7107,SAO PAULO,6122-0,DEIXAR DE DAR PREFERENCIA A PEDESTRE/VEIC N MOTORIZADO NA FAIXA A ELE DESTINADA,SP,AUTOMOVEL,PARTICULAR,1,6,2026
7099,SAO JOSE DOS CAMPOS,6599-2,CONDUZIR O VEICULO REGISTRADO QUE NAO ESTEJA DEVIDAMENTE LICENCIADO,SP,AUTOMOVEL,PARTICULAR,4,6,2026
6549,ITAPEVA,5207-0,Dirigir sem atencao ou sem os cuidados indispensaveis a seguranca,SP,MOTOCICLO,PARTICULAR,1,6,2026
7107,SAO PAULO,6602-0,CONDUZIR O VEICULO COM QUALQUER UMA DAS PLACAS SEM LEGIBILIDADE E VISIBILIDADE,SP,CAMINHONET,PARTICULAR,2,6,2026
7177,TAQUARITUBA,6050-1,AVAN O SIN VERM DO SEMAF EXC SE HOUVER SINALIZ PERM LIVRE CONV A DIR,SP,CAMINHAO,PARTICULAR,1,6,2026
7135,SERTAOZINHO,6599-2,CONDUZIR O VEICULO REGISTRADO QUE NAO ESTEJA DEVIDAMENTE LICENCIADO,SP,AUTOMOVEL,PARTICULAR,1,6,2026
7107,SAO PAULO,5185-1,Deixar o condutor de usar o cinto seguranca,SP,CAMINHAO,ALUGUEL,1,6,2026
6429,FRANCO DA ROCHA,5010-0,DIRIGIR VEICULO SEM POSSUIR CNH/PPD/ACC,SP,AUTOMOVEL,PARTICULAR,1,6,2026
7107,SAO PAULO,6726-1,"CONDUZIR O VEICULO EM MAU ESTADO DE CONSERVACAO, COMPROMETENDO A SEGURANCA",SP,CAMINHAO,ALUGUEL,3,6,2026
6969,RIBEIRAO PRETO,6653-1,CONDUZIR O VEICULO COM DESCARGA LIVRE,SP,MOTOCICLO,PARTICULAR,1,6,2026
6201,BARAO DE ANTONINA,6599-2,CONDUZIR O VEICULO REGISTRADO QUE NAO ESTEJA DEVIDAMENTE LICENCIADO,Outras UFs,CAMINHONET,PARTICULAR,1,6,2026
6619,JUNDIAI,7633-2,Dirigir veiculo manuseando telefone celular,SP,CAMINHONET,ALUGUEL,1,6,2026
6165,ARARAS,6637-1,CONDUZIR O VEICULO SEM EQUIPAMENTO OBRIGATORIO,SP,MOTOCICLO,PARTICULAR,1,6,2026
7171,TAPIRAI,5525-0,ESTACIONAR NA CONTRAMAO DE DIRECAO,SP,AUTOMOVEL,PARTICULAR,1,6,2026
7257,GUATAPARA,6530-0,USAR NO VEICULO EQUIP C/ SOM EM VOLUME/FREQUENCIA NAO AUTORIZADOS PELO CONTRAN,SP,AUTOMOVEL,PARTICULAR,1,6,2026
7099,SAO JOSE DOS CAMPOS,5185-1,Deixar o condutor de usar o cinto seguranca,SP,AUTOMOVEL,PARTICULAR,7,6,2026
7107,SAO PAULO,5843-3,"Deixar de indicar c/ antec, med gesto de braco/luz indicadora, mudanca direcao",SP,MOTOCICLO,PARTICULAR,2,6,2026
6477,GUARULHOS,6947-3,CONDUZIR CARGA NAS PARTES EXTERNAS DO VEICULO,SP,AUTOMOVEL,PARTICULAR,1,6,2026
6125,ALVARES MACHADO,5452-1,ESTACIONAR NO PASSEIO,SP,AUTOMOVEL,PARTICULAR,1,6,2026
7157,TABOAO DA SERRA,7285-0,"EM MOVIMENTO, DEIXAR DE MANTER A PLACA TRASEIRA ILUMINADA A NOITE",SP,AUTOMOVEL,PARTICULAR,1,6,2026
7107,SAO PAULO,6068-1,TRANSPOR BLOQUEIO VIARIO COM OU SEM SINALIZACAO OU DISPOSITIVOS AUXILIARES,SP,CAMIONETA,PARTICULAR,1,6,2026
6469,GUARATINGUETA,6726-1,"CONDUZIR O VEICULO EM MAU ESTADO DE CONSERVACAO, COMPROMETENDO A SEGURANCA",SP,MOTOCICLO,PARTICULAR,1,6,2026
7071,SANTOS,5045-0,DIRIGIR VEICULO COM VALIDADE DE CNH/PPD VENCIDA HA MAIS DE 30 DIAS,SP,MOTOCICLO,PARTICULAR,3,6,2026
6503,IGARAPAVA,6610-2,CONDUZIR O VEICULO COM CARACTERISTICA ALTERADA,SP,AUTOMOVEL,PARTICULAR,1,6,2026
7107,SAO PAULO,6580-0,CONDUZIR O VEICULO SEM QUALQUER UMA DAS PLACAS DE IDENTIFICACAO,SP,CAMIONETA,PARTICULAR,1,6,2026
6601,JANDIRA,6599-2,CONDUZIR O VEICULO REGISTRADO QUE NAO ESTEJA DEVIDAMENTE LICENCIADO,SP,AUTOMOVEL,PARTICULAR,1,6,2026
6219,BAURU,5185-1,Deixar o condutor de usar o cinto seguranca,SP,AUTOMOVEL,PARTICULAR,1,6,2026
7107,SAO PAULO,5711-0,DEIXAR DE CONSERVAR NAS FAIXAS DA DIREITA O VEICULO LENTO E DE MAIOR PORTE,SP,CAMINHAO,PARTICULAR,1,6,2026
7171,TAPIRAI,5487-0,ESTACIONAR AO LADO DE OUTRO VEICULO EM FILA DUPLA,SP,AUTOMOVEL,PARTICULAR,1,6,2026
6291,CAMPINAS,5185-2,Deixar o passageiro de usar o cinto seguranca,SP,CAMINHONET,ALUGUEL,1,6,2026
6209,BARRETOS,7633-2,Dirigir veiculo manuseando telefone celular,SP,MOTONETA,PARTICULAR,1,6,2026
6587,JABOTICABAL,6726-1,"CONDUZIR O VEICULO EM MAU ESTADO DE CONSERVACAO, COMPROMETENDO A SEGURANCA",SP,MOTOCICLO,PARTICULAR,1,6,2026
7075,SAO BERNARDO DO CAMPO,5800-0,DEIXAR GUARDAR DIST SEGURANCA LAT/FRONT ENTRE SEU VEIC E DEMAIS E AO BORDO PISTA,SP,MOTOCICLO,PARTICULAR,1,6,2026
7107,SAO PAULO,5711-0,DEIXAR DE CONSERVAR NAS FAIXAS DA DIREITA O VEICULO LENTO E DE MAIOR PORTE,SP,C. TRATOR,ALUGUEL,1,6,2026
6789,OSASCO,6637-1,CONDUZIR O VEICULO SEM EQUIPAMENTO OBRIGATORIO,SP,MOTOCICLO,PARTICULAR,2,6,2026
6209,BARRETOS,6599-2,CONDUZIR O VEICULO REGISTRADO QUE NAO ESTEJA DEVIDAMENTE LICENCIADO,SP,AUTOMOVEL,PARTICULAR,1,6,2026
6713,MOGI DAS CRUZES,7633-1,Dirigir veiculo segurando telefone celular,SP,AUTOMOVEL,PARTICULAR,2,6,2026
6477,GUARULHOS,6050-1,AVAN O SIN VERM DO SEMAF EXC SE HOUVER SINALIZ PERM LIVRE CONV A DIR,SP,ONIBUS,ALUGUEL,1,6,2026
7107,SAO PAULO,5835-0,Desobedecer as ordens emanadas da autorid compet de transito ou de seus agentes,SP,MOTOCICLO,PARTICULAR,9,6,2026
7107,SAO PAULO,7234-0,"EM MOVIMENTO, DEIXAR DE MANTER ACESA A LUZ BAIXA DURANTE A NOITE",SP,CAMINHONET,PARTICULAR,1,6,2026
7113,SAO ROQUE,5010-0,DIRIGIR VEICULO SEM POSSUIR CNH/PPD/ACC,SP,MOTOCICLO,PARTICULAR,1,6,2026
6875,PIRACICABA,5835-0,Desobedecer as ordens emanadas da autorid compet de transito ou de seus agentes,SP,AUTOMOVEL,PARTICULAR,1,6,2026
6291,CAMPINAS,5045-0,DIRIGIR VEICULO COM VALIDADE DE CNH/PPD VENCIDA HA MAIS DE 30 DIAS,SP,AUTOMOVEL,PARTICULAR,1,6,2026
7047,SANTANA DE PARNAIBA,5274-1,UTILIZ VEIC DEMONST/EXIBIR MANOBRA PERIGOSA MEDIANTE ARRANCADA BRUSCA,SP,AUTOMOVEL,PARTICULAR,1,6,2026
6921,PRAIA GRANDE,5959-1,ULTRAPASSAR PELA CONTRAMAO VEICULO PARADO EM FILA JUNTO SINAL LUMINOSO,SP,UTILITARIO,PARTICULAR,1,6,2026
6249,BOTUCATU,6599-2,CONDUZIR O VEICULO REGISTRADO QUE NAO ESTEJA DEVIDAMENTE LICENCIADO,SP,MOTOCICLO,PARTICULAR,3,6,2026
6369,CRUZEIRO,6599-2,CONDUZIR O VEICULO REGISTRADO QUE NAO ESTEJA DEVIDAMENTE LICENCIADO,SP,CAMINHONET,PARTICULAR,1,6,2026
6619,JUNDIAI,7633-1,Dirigir veiculo segurando telefone celular,Outras UFs,AUTOMOVEL,PARTICULAR,1,6,2026
6305,CAPAO BONITO,5835-0,Desobedecer as ordens emanadas da autorid compet de transito ou de seus agentes,SP,MOTOCICLO,PARTICULAR,1,6,2026
6189,AVARE,7633-2,Dirigir veiculo manuseando telefone celular,SP,AUTOMOVEL,PARTICULAR,1,6,2026
6219,BAURU,6599-2,CONDUZIR O VEICULO REGISTRADO QUE NAO ESTEJA DEVIDAMENTE LICENCIADO,SP,MOTOCICLO,PARTICULAR,1,6,2026
7107,SAO PAULO,7579-0,"REC SUB TEST, EX CLIN, PERIC OU PROC Q PERM CERT INFL ALC/SUB PSIC FOR ART. 277",SP,AUTOMOVEL,PARTICULAR,2,6,2026
7107,SAO PAULO,5002-0,"Multa, por nao identificacao do condutor infrator, imposta a pessoa juridica",Outras UFs,UTILITARIO,PARTICULAR,8,6,2026
7107,SAO PAULO,6920-1,"Deixar de efetuar registro do veiculo em 30 dias, qdo for transf a propriedade",SP,ONIBUS,ALUGUEL,1,6,2026
7107,SAO PAULO,7714-1,Cond motoc/moton/ciclom transp pass c/ cap de seg s/ vis/ocul de protecao,SP,MOTOCICLO,PARTICULAR,1,6,2026
6985,RIOLANDIA,7366-2,DIRIGIR VEICULO UTILIZANDO-SE DE TELEFONE CELULAR,SP,AUTOMOVEL,PARTICULAR,1,6,2026
7107,SAO PAULO,5681-0,TRANSITAR NA FAIXA/PISTA DA DIREITA REGUL CIRCULACAO EXCLUSIVA DETERM VEICULO,SP,CAMINHONET,PARTICULAR,2,6,2026
7075,SAO BERNARDO DO CAMPO,5738-0,TRANSITAR PELA CONTRAMAO DE DIRECAO EM VIA C/ SINALIZACAO DE REGUL SENTIDO UNICO,SP,CAMINHONET,PARTICULAR,1,6,2026
7243,VOTORANTIM,5843-1,"Deixar de indicar c/ antec, med gesto de braco/luz indicadora, inicio da marcha",SP,MOTOCICLO,PARTICULAR,1,6,2026
6789,OSASCO,5010-0,DIRIGIR VEICULO SEM POSSUIR CNH/PPD/ACC,SP,MOTONETA,PARTICULAR,1,6,2026
7145,SOROCABA,7633-2,Dirigir veiculo manuseando telefone celular,SP,AUTOMOVEL,PARTICULAR,8,6,2026
7107,SAO PAULO,6050-1,AVAN O SIN VERM DO SEMAF EXC SE HOUVER SINALIZ PERM LIVRE CONV A DIR,Outras UFs,CAMINHONET,PARTICULAR,1,6,2026
7245,VOTUPORANGA,7340-0,DIRIGIR O VEIC USANDO CALCADO QUE N SE FIRME NOS PES/COMPROMETA UTILIZ PEDAIS,SP,MOTOCICLO,PARTICULAR,1,6,2026
6361,COTIA,6599-2,CONDUZIR O VEICULO REGISTRADO QUE NAO ESTEJA DEVIDAMENTE LICENCIADO,SP,MOTOCICLO,PARTICULAR,2,6,2026
7145,SOROCABA,7056-1,CONDUZIR MOTOC/MOTON/CICLOMOTOR FAZENDO MALABARISMO/EQUILIBRANDO-SE EM UMA RODA,SP,MOTOCICLO,PARTICULAR,3,6,2026
7107,SAO PAULO,6599-2,CONDUZIR O VEICULO REGISTRADO QUE NAO ESTEJA DEVIDAMENTE LICENCIADO,Outras UFs,MOTOCICLO,PARTICULAR,1,6,2026
6259,BROTAS,6726-1,"CONDUZIR O VEICULO EM MAU ESTADO DE CONSERVACAO, COMPROMETENDO A SEGURANCA",SP,MOTOCICLO,PARTICULAR,1,6,2026
6883,PIRAPORA DO BOM JESUS,6769-0,"CONDUZIR VEIC C/ DEFEITO NO SIST DE ILUMINACAO, SINALIZ OU LAMPADAS QUEIMADAS",SP,MOTOCICLO,PARTICULAR,1,6,2026
6183,AURIFLAMA,6530-0,USAR NO VEICULO EQUIP C/ SOM EM VOLUME/FREQUENCIA NAO AUTORIZADOS PELO CONTRAN,SP,CAMINHONET,PARTICULAR,1,6,2026
7107,SAO PAULO,7366-2,DIRIGIR VEICULO UTILIZANDO-SE DE TELEFONE CELULAR,SP,MOTONETA,PARTICULAR,2,6,2026
7145,SOROCABA,5819-6,TRANSITAR COM O VEICULO EM MARCAS DE CANALIZACAO,SP,AUTOMOVEL,PARTICULAR,2,6,2026
7107,SAO PAULO,7099-1,CONDUZIR MOTOCICLETA/MOTONETA/CICLOMOTOR SEM SEGURAR O GUIDOM COM AMBAS AS MAOS,SP,MOTOCICLO,PARTICULAR,2,6,2026
7079,SAO CARLOS,7633-1,Dirigir veiculo segurando telefone celular,SP,AUTOMOVEL,PARTICULAR,1,6,2026
6313,CARAPICUIBA,7633-1,Dirigir veiculo segurando telefone celular,SP,AUTOMOVEL,PARTICULAR,1,6,2026
6477,GUARULHOS,7030-1,Conduzir motoc/moton/ciclom s/ capacete de seguranca,SP,MOTONETA,PARTICULAR,1,6,2026
6969,RIBEIRAO PRETO,5185-1,Deixar o condutor de usar o cinto seguranca,SP,AUTOMOVEL,PARTICULAR,3,6,2026
7107,SAO PAULO,5797-0,FORCAR PASSAGEM ENTRE VEICS TRANS SENT OPOSTOS NA IMINENCIA REALIZ ULTRAPASSAGEM,SP,MOTOCICLO,PARTICULAR,3,6,2026
6429,FRANCO DA ROCHA,7340-0,DIRIGIR O VEIC USANDO CALCADO QUE N SE FIRME NOS PES/COMPROMETA UTILIZ PEDAIS,SP,MOTOCICLO,PARTICULAR,2,6,2026
6619,JUNDIAI,5045-0,DIRIGIR VEICULO COM VALIDADE DE CNH/PPD VENCIDA HA MAIS DE 30 DIAS,SP,MOTONETA,PARTICULAR,1,6,2026
6853,PERUIBE,6670-0,CONDUZIR O VEICULO C/ EQUIP DO SISTEMA DE ILUMINACAO E DE SINALIZACAO ALTERADOS,SP,MOTOCICLO,PARTICULAR,2,6,2026
7099,SAO JOSE DOS CAMPOS,7633-2,Dirigir veiculo manuseando telefone celular,SP,CAMINHAO,PARTICULAR,1,6,2026
6401,EMBU DAS ARTES,5231-1,ATIRAR DO VEICULO OBJETOS OU SUBSTANCIAS,SP,MOTOCICLO,PARTICULAR,1,6,2026
6643,LINS,7633-2,Dirigir veiculo manuseando telefone celular,SP,CAMIONETA,PARTICULAR,1,6,2026
6929,PRESIDENTE PRUDENTE,6050-1,AVAN O SIN VERM DO SEMAF EXC SE HOUVER SINALIZ PERM LIVRE CONV A DIR,SP,MOTOCICLO,PARTICULAR,1,6,2026
6977,RINOPOLIS,6726-1,"CONDUZIR O VEICULO EM MAU ESTADO DE CONSERVACAO, COMPROMETENDO A SEGURANCA",SP,AUTOMOVEL,PARTICULAR,2,6,2026
6795,OURINHOS,6599-2,CONDUZIR O VEICULO REGISTRADO QUE NAO ESTEJA DEVIDAMENTE LICENCIADO,SP,MOTOCICLO,PARTICULAR,4,6,2026
6853,PERUIBE,6653-1,CONDUZIR O VEICULO COM DESCARGA LIVRE,SP,MOTOCICLO,PARTICULAR,1,6,2026
6311,CARAGUATATUBA,6726-1,"CONDUZIR O VEICULO EM MAU ESTADO DE CONSERVACAO, COMPROMETENDO A SEGURANCA",SP,AUTOMOVEL,APRENDIZAGEM,2,6,2026
6313,CARAPICUIBA,7358-0,"DIRIGIR O VEICULO COM APENAS UMA DAS MAOS, EXCETO QUANDO PERMITIDO PELO CTB",SP,CAMINHONET,PARTICULAR,1,6,2026
7099,SAO JOSE DOS CAMPOS,6599-2,CONDUZIR O VEICULO REGISTRADO QUE NAO ESTEJA DEVIDAMENTE LICENCIADO,SP,CAMINHAO,PARTICULAR,1,6,2026
6927,PRESIDENTE EPITACIO,5185-1,Deixar o condutor de usar o cinto seguranca,Outras UFs,AUTOMOVEL,PARTICULAR,1,6,2026
7145,SOROCABA,6530-0,USAR NO VEICULO EQUIP C/ SOM EM VOLUME/FREQUENCIA NAO AUTORIZADOS PELO CONTRAN,SP,CAMINHONET,PARTICULAR,1,6,2026
6589,JACAREI,5118-0,PERMITIR POSSE/CONDUCAO DO VEICULO A PESSOA SEM CNH/PPD/ACC,SP,CAMINHONET,ALUGUEL,1,6,2026
7055,SANTO ANASTACIO,5010-0,DIRIGIR VEICULO SEM POSSUIR CNH/PPD/ACC,SP,AUTOMOVEL,PARTICULAR,1,6,2026
6969,RIBEIRAO PRETO,6408-0,PORTAR NO VEICULO PLACAS DE IDENTIFICACAO EM DESACORDO C/ ESPECIF/MODELO CONTRAN,SP,MOTOCICLO,PARTICULAR,1,6,2026
6487,IBATE,5525-0,ESTACIONAR NA CONTRAMAO DE DIRECAO,SP,AUTOMOVEL,PARTICULAR,1,6,2026
6545,ITAPECERICA DA SERRA,5274-1,UTILIZ VEIC DEMONST/EXIBIR MANOBRA PERIGOSA MEDIANTE ARRANCADA BRUSCA,Outras UFs,AUTOMOVEL,PARTICULAR,1,6,2026
7099,SAO JOSE DOS CAMPOS,5010-0,DIRIGIR VEICULO SEM POSSUIR CNH/PPD/ACC,Outras UFs,AUTOMOVEL,,1,6,2026
7107,SAO PAULO,6602-0,CONDUZIR O VEICULO COM QUALQUER UMA DAS PLACAS SEM LEGIBILIDADE E VISIBILIDADE,SP,MOTOCICLO,PARTICULAR,13,6,2026
7107,SAO PAULO,7633-1,Dirigir veiculo segurando telefone celular,SP,CAMINHONET,PARTICULAR,9,6,2026
6597,JALES,5010-0,DIRIGIR VEICULO SEM POSSUIR CNH/PPD/ACC,SP,MOTOCICLO,PARTICULAR,1,6,2026
6411,FERNANDOPOLIS,6637-1,CONDUZIR O VEICULO SEM EQUIPAMENTO OBRIGATORIO,SP,MOTOCICLO,PARTICULAR,1,6,2026
7107,SAO PAULO,5843-3,"Deixar de indicar c/ antec, med gesto de braco/luz indicadora, mudanca direcao",SP,CAMIONETA,PARTICULAR,3,6,2026
7107,SAO PAULO,5029-2,DIRIGIR VEICULO COM CNH/PPD/ACC COM SUSPENSAO DO DIREITO DE DIRIGIR,SP,AUTOMOVEL,PARTICULAR,4,6,2026
6379,DIVINOLANDIA,7633-1,Dirigir veiculo segurando telefone celular,Outras UFs,CAMIONETA,PARTICULAR,1,6,2026
6601,JANDIRA,5274-1,UTILIZ VEIC DEMONST/EXIBIR MANOBRA PERIGOSA MEDIANTE ARRANCADA BRUSCA,SP,MOTOCICLO,PARTICULAR,1,6,2026
6827,PATROCINIO PAULISTA,5274-1,UTILIZ VEIC DEMONST/EXIBIR MANOBRA PERIGOSA MEDIANTE ARRANCADA BRUSCA,SP,MOTOCICLO,PARTICULAR,1,6,2026
6189,AVARE,5185-1,Deixar o condutor de usar o cinto seguranca,SP,AUTOMOVEL,PARTICULAR,5,6,2026
6401,EMBU DAS ARTES,5967-0,"ULTRAPASSAR PELA CONTRAMAO LINHA DE DIVISAO DE FLUXOS OPOSTOS, CONTINUA AMARELA",SP,MOTOCICLO,PARTICULAR,1,6,2026
6215,BASTOS,6653-1,CONDUZIR O VEICULO COM DESCARGA LIVRE,SP,MOTOCICLO,PARTICULAR,1,6,2026
6979,RIO CLARO,6726-1,"CONDUZIR O VEICULO EM MAU ESTADO DE CONSERVACAO, COMPROMETENDO A SEGURANCA",SP,MOTOCICLO,PARTICULAR,2,6,2026
6639,LIMEIRA,7366-2,DIRIGIR VEICULO UTILIZANDO-SE DE TELEFONE CELULAR,SP,MOTOCICLO,PARTICULAR,1,6,2026
7145,SOROCABA,7633-2,Dirigir veiculo manuseando telefone celular,SP,MOTOCICLO,PARTICULAR,2,6,2026
6509,ILHABELA,5010-0,DIRIGIR VEICULO SEM POSSUIR CNH/PPD/ACC,SP,AUTOMOVEL,PARTICULAR,1,6,2026
6755,NIPOA,6530-0,USAR NO VEICULO EQUIP C/ SOM EM VOLUME/FREQUENCIA NAO AUTORIZADOS PELO CONTRAN,SP,AUTOMOVEL,PARTICULAR,1,6,2026
7107,SAO PAULO,5908-0,ULTRAPASSAR PELO ACOSTAMENTO,SP,CAMIONETA,PARTICULAR,1,6,2026
6929,PRESIDENTE PRUDENTE,7366-2,DIRIGIR VEICULO UTILIZANDO-SE DE TELEFONE CELULAR,SP,CAMINHONET,PARTICULAR,1,6,2026
6607,JAU,7633-2,Dirigir veiculo manuseando telefone celular,SP,UTILITARIO,PARTICULAR,1,6,2026
6707,MIRASSOL,6726-1,"CONDUZIR O VEICULO EM MAU ESTADO DE CONSERVACAO, COMPROMETENDO A SEGURANCA",SP,AUTOMOVEL,PARTICULAR,1,6,2026
6619,JUNDIAI,6122-0,DEIXAR DE DAR PREFERENCIA A PEDESTRE/VEIC N MOTORIZADO NA FAIXA A ELE DESTINADA,SP,AUTOMOVEL,PARTICULAR,1,6,2026
6299,CANANEIA,5738-0,TRANSITAR PELA CONTRAMAO DE DIRECAO EM VIA C/ SINALIZACAO DE REGUL SENTIDO UNICO,Outras UFs,MOTOCICLO,PARTICULAR,1,6,2026
6795,OURINHOS,6653-1,CONDUZIR O VEICULO COM DESCARGA LIVRE,SP,MOTOCICLO,PARTICULAR,4,6,2026
6969,RIBEIRAO PRETO,6050-1,AVAN O SIN VERM DO SEMAF EXC SE HOUVER SINALIZ PERM LIVRE CONV A DIR,SP,MOTONETA,PARTICULAR,1,6,2026
7145,SOROCABA,6050-1,AVAN O SIN VERM DO SEMAF EXC SE HOUVER SINALIZ PERM LIVRE CONV A DIR,SP,AUTOMOVEL,PARTICULAR,1,6,2026
6859,PILAR DO SUL,6599-2,CONDUZIR O VEICULO REGISTRADO QUE NAO ESTEJA DEVIDAMENTE LICENCIADO,SP,MOTOCICLO,PARTICULAR,1,6,2026
7017,SANTA BARBARA DO OESTE,6769-0,"CONDUZIR VEIC C/ DEFEITO NO SIST DE ILUMINACAO, SINALIZ OU LAMPADAS QUEIMADAS",SP,AUTOMOVEL,PARTICULAR,1,6,2026
7107,SAO PAULO,7617-1,"USAR QQ VEICULO PARA, DELIB, INTERROMPER CIRCULACAO NA VIA SEM AUT DO ORGAO",SP,MOTONETA,PARTICULAR,1,6,2026
6219,BAURU,5185-2,Deixar o passageiro de usar o cinto seguranca,SP,AUTOMOVEL,PARTICULAR,1,6,2026
7107,SAO PAULO,5207-0,Dirigir sem atencao ou sem os cuidados indispensaveis a seguranca,SP,CAMIONETA,PARTICULAR,2,6,2026
7057,SANTO ANDRE,7366-2,DIRIGIR VEICULO UTILIZANDO-SE DE TELEFONE CELULAR,Outras UFs,AUTOMOVEL,PARTICULAR,1,6,2026
6969,RIBEIRAO PRETO,6602-0,CONDUZIR O VEICULO COM QUALQUER UMA DAS PLACAS SEM LEGIBILIDADE E VISIBILIDADE,SP,AUTOMOVEL,PARTICULAR,1,6,2026
6291,CAMPINAS,5185-1,Deixar o condutor de usar o cinto seguranca,SP,CAMINHONET,PARTICULAR,1,6,2026
6105,AGUAI,5738-0,TRANSITAR PELA CONTRAMAO DE DIRECAO EM VIA C/ SINALIZACAO DE REGUL SENTIDO UNICO,SP,CAMINHAO,OFICIAL,1,6,2026
7107,SAO PAULO,6920-1,"Deixar de efetuar registro do veiculo em 30 dias, qdo for transf a propriedade",SP,REBOQUE,PARTICULAR,8,6,2026
6509,ILHABELA,5118-0,PERMITIR POSSE/CONDUCAO DO VEICULO A PESSOA SEM CNH/PPD/ACC,SP,AUTOMOVEL,PARTICULAR,1,6,2026
7107,SAO PAULO,5274-1,UTILIZ VEIC DEMONST/EXIBIR MANOBRA PERIGOSA MEDIANTE ARRANCADA BRUSCA,SP,AUTOMOVEL,PARTICULAR,2,6,2026
7107,SAO PAULO,7048-1,"CONDUZIR MOTOCICLETA, MOTONETA E CICLOMOTOR TRANSPORTANDO PASSAGEIRO S/ CAPACETE",SP,MOTOCICLO,PARTICULAR,4,6,2026
7175,TAQUARITINGA,6050-1,AVAN O SIN VERM DO SEMAF EXC SE HOUVER SINALIZ PERM LIVRE CONV A DIR,SP,AUTOMOVEL,PARTICULAR,1,6,2026
7251,EMBAUBA,5045-0,DIRIGIR VEICULO COM VALIDADE DE CNH/PPD VENCIDA HA MAIS DE 30 DIAS,SP,AUTOMOVEL,PARTICULAR,1,6,2026
6425,FRANCA,6580-0,CONDUZIR O VEICULO SEM QUALQUER UMA DAS PLACAS DE IDENTIFICACAO,Outras UFs,MOTOCICLO,PARTICULAR,1,6,2026
6563,ITAQUAQUECETUBA,6050-1,AVAN O SIN VERM DO SEMAF EXC SE HOUVER SINALIZ PERM LIVRE CONV A DIR,SP,AUTOMOVEL,PARTICULAR,1,6,2026
7107,SAO PAULO,6920-1,"Deixar de efetuar registro do veiculo em 30 dias, qdo for transf a propriedade",SP,AUTOMOVEL,ALUGUEL,1,6,2026
6427,FRANCISCO MORATO,5010-0,DIRIGIR VEICULO SEM POSSUIR CNH/PPD/ACC,SP,AUTOMOVEL,PARTICULAR,1,6,2026
6969,RIBEIRAO PRETO,6599-2,CONDUZIR O VEICULO REGISTRADO QUE NAO ESTEJA DEVIDAMENTE LICENCIADO,SP,MOTOCICLO,PARTICULAR,7,6,2026
7107,SAO PAULO,5215-2,Dirigir ameacando os demais veiculos,SP,AUTOMOVEL,PARTICULAR,1,6,2026
6179,ASSIS,5185-1,Deixar o condutor de usar o cinto seguranca,SP,AUTOMOVEL,PARTICULAR,1,6,2026
7075,SAO BERNARDO DO CAMPO,6599-2,CONDUZIR O VEICULO REGISTRADO QUE NAO ESTEJA DEVIDAMENTE LICENCIADO,Outras UFs,AUTOMOVEL,PARTICULAR,1,6,2026
6231,BIRITIBA-MIRIM,5010-0,DIRIGIR VEICULO SEM POSSUIR CNH/PPD/ACC,SP,AUTOMOVEL,PARTICULAR,1,6,2026
7107,SAO PAULO,7714-2,Cond motoc/moton/ciclom transp pass c/ cap seg c/ vis/oc prot des c/ reg Contran,SP,MOTOCICLO,PARTICULAR,1,6,2026
6713,MOGI DAS CRUZES,5274-2,UTILIZ VEIC DEM/EXIBIR MANOB PERIG MED DERRAP/FRENAG C/DESLIZ/ARRAST PNEUS,SP,AUTOMOVEL,PARTICULAR,1,6,2026
6387,DOURADO,5118-0,PERMITIR POSSE/CONDUCAO DO VEICULO A PESSOA SEM CNH/PPD/ACC,SP,MOTONETA,PARTICULAR,1,6,2026
6425,FRANCA,6599-2,CONDUZIR O VEICULO REGISTRADO QUE NAO ESTEJA DEVIDAMENTE LICENCIADO,SP,MOTOCICLO,PARTICULAR,1,6,2026
7107,SAO PAULO,6050-1,AVAN O SIN VERM DO SEMAF EXC SE HOUVER SINALIZ PERM LIVRE CONV A DIR,SP,AUTOMOVEL,ALUGUEL,6,6,2026
6563,ITAQUAQUECETUBA,7340-0,DIRIGIR O VEIC USANDO CALCADO QUE N SE FIRME NOS PES/COMPROMETA UTILIZ PEDAIS,SP,MOTOCICLO,PARTICULAR,3,6,2026
6181,ATIBAIA,7633-1,Dirigir veiculo segurando telefone celular,SP,CAMIONETA,PARTICULAR,1,6,2026
6249,BOTUCATU,6653-1,CONDUZIR O VEICULO COM DESCARGA LIVRE,SP,MOTOCICLO,PARTICULAR,1,6,2026
6229,BIRIGUI,6610-2,CONDUZIR O VEICULO COM CARACTERISTICA ALTERADA,SP,MOTOCICLO,PARTICULAR,1,6,2026
6969,RIBEIRAO PRETO,7633-1,Dirigir veiculo segurando telefone celular,SP,MOTOCICLO,PARTICULAR,1,6,2026
6779,OLIMPIA,5118-0,PERMITIR POSSE/CONDUCAO DO VEICULO A PESSOA SEM CNH/PPD/ACC,SP,MOTONETA,PARTICULAR,1,6,2026
7107,SAO PAULO,5690-0,TRANSITAR NA FAIXA/PISTA DA ESQUERDA REGUL CIRCULACAO EXCLUSIVA DETERM VEICULO,SP,CAMIONETA,ALUGUEL,1,6,2026
6219,BAURU,6653-2,CONDUZIR O VEICULO COM SILENCIADOR DE MOTOR DEFEITUOSO/DEFICIENTE/INOPERANTE,SP,MOTOCICLO,PARTICULAR,1,6,2026
7107,SAO PAULO,7030-1,Conduzir motoc/moton/ciclom s/ capacete de seguranca,SP,MOTOCICLO,PARTICULAR,12,6,2026
7099,SAO JOSE DOS CAMPOS,6602-0,CONDUZIR O VEICULO COM QUALQUER UMA DAS PLACAS SEM LEGIBILIDADE E VISIBILIDADE,SP,AUTOMOVEL,PARTICULAR,1,6,2026
7167,TAMBAU,5045-0,DIRIGIR VEICULO COM VALIDADE DE CNH/PPD VENCIDA HA MAIS DE 30 DIAS,SP,AUTOMOVEL,PARTICULAR,1,6,2026
7145,SOROCABA,6122-0,DEIXAR DE DAR PREFERENCIA A PEDESTRE/VEIC N MOTORIZADO NA FAIXA A ELE DESTINADA,SP,AUTOMOVEL,PARTICULAR,1,6,2026
6639,LIMEIRA,5045-0,DIRIGIR VEICULO COM VALIDADE DE CNH/PPD VENCIDA HA MAIS DE 30 DIAS,SP,CAMINHONET,PARTICULAR,1,6,2026
6639,LIMEIRA,6599-2,CONDUZIR O VEICULO REGISTRADO QUE NAO ESTEJA DEVIDAMENTE LICENCIADO,SP,CICLOMOTO,PARTICULAR,1,6,2026
6687,MATAO,5010-0,DIRIGIR VEICULO SEM POSSUIR CNH/PPD/ACC,SP,MOTOCICLO,PARTICULAR,1,6,2026
7107,SAO PAULO,5185-1,Deixar o condutor de usar o cinto seguranca,SP,CAMIONETA,PARTICULAR,12,6,2026
7157,TABOAO DA SERRA,6769-0,"CONDUZIR VEIC C/ DEFEITO NO SIST DE ILUMINACAO, SINALIZ OU LAMPADAS QUEIMADAS",SP,AUTOMOVEL,PARTICULAR,2,6,2026
7145,SOROCABA,5010-0,DIRIGIR VEICULO SEM POSSUIR CNH/PPD/ACC,SP,AUTOMOVEL,PARTICULAR,2,6,2026
7107,SAO PAULO,7633-1,Dirigir veiculo segurando telefone celular,SP,CAMINHONET,ALUGUEL,1,6,2026
7107,SAO PAULO,5843-3,"Deixar de indicar c/ antec, med gesto de braco/luz indicadora, mudanca direcao",SP,CAMINHONET,ALUGUEL,2,6,2026
6209,BARRETOS,6599-2,CONDUZIR O VEICULO REGISTRADO QUE NAO ESTEJA DEVIDAMENTE LICENCIADO,SP,MOTONETA,PARTICULAR,1,6,2026
6469,GUARATINGUETA,5215-1,Dirigir ameacando os pedestres que estejam atravessando a via publica,SP,MOTOCICLO,PARTICULAR,1,6,2026
6429,FRANCO DA ROCHA,5185-1,Deixar o condutor de usar o cinto seguranca,SP,AUTOMOVEL,PARTICULAR,1,6,2026
6231,BIRITIBA-MIRIM,7030-1,Conduzir motoc/moton/ciclom s/ capacete de seguranca,SP,MOTOCICLO,PARTICULAR,1,6,2026
6209,BARRETOS,7030-1,Conduzir motoc/moton/ciclom s/ capacete de seguranca,SP,MOTOCICLO,PARTICULAR,1,6,2026
6587,JABOTICABAL,5185-1,Deixar o condutor de usar o cinto seguranca,SP,CAMINHONET,PARTICULAR,1,6,2026
6795,OURINHOS,6670-0,CONDUZIR O VEICULO C/ EQUIP DO SISTEMA DE ILUMINACAO E DE SINALIZACAO ALTERADOS,SP,MOTOCICLO,PARTICULAR,3,6,2026
7107,SAO PAULO,7633-2,Dirigir veiculo manuseando telefone celular,Outras UFs,CAMIONETA,PARTICULAR,3,6,2026
6887,PIRASSUNUNGA,7684-2,Cond motoc/moton/ciclom c/ util cap de seg c/ vis/ocul prot des c/ regul Contran,SP,MOTOCICLO,PARTICULAR,1,6,2026
7107,SAO PAULO,6769-0,"CONDUZIR VEIC C/ DEFEITO NO SIST DE ILUMINACAO, SINALIZ OU LAMPADAS QUEIMADAS",SP,CAMINHONET,PARTICULAR,4,6,2026
6477,GUARULHOS,6637-1,CONDUZIR O VEICULO SEM EQUIPAMENTO OBRIGATORIO,SP,MOTOCICLO,PARTICULAR,1,6,2026
7107,SAO PAULO,6530-0,USAR NO VEICULO EQUIP C/ SOM EM VOLUME/FREQUENCIA NAO AUTORIZADOS PELO CONTRAN,SP,CAMINHONET,PARTICULAR,1,6,2026
7145,SOROCABA,5819-6,TRANSITAR COM O VEICULO EM MARCAS DE CANALIZACAO,SP,CAMINHONET,PARTICULAR,1,6,2026
7107,SAO PAULO,7366-2,DIRIGIR VEICULO UTILIZANDO-SE DE TELEFONE CELULAR,Outras UFs,AUTOMOVEL,PARTICULAR,1,6,2026
7047,SANTANA DE PARNAIBA,6653-1,CONDUZIR O VEICULO COM DESCARGA LIVRE,SP,MOTOCICLO,PARTICULAR,2,6,2026
6929,PRESIDENTE PRUDENTE,7366-2,DIRIGIR VEICULO UTILIZANDO-SE DE TELEFONE CELULAR,SP,AUTOMOVEL,PARTICULAR,1,6,2026
7107,SAO PAULO,6599-2,CONDUZIR O VEICULO REGISTRADO QUE NAO ESTEJA DEVIDAMENTE LICENCIADO,Outras UFs,AUTOMOVEL,,1,6,2026
6779,OLIMPIA,5010-0,DIRIGIR VEICULO SEM POSSUIR CNH/PPD/ACC,SP,MOTOCICLO,PARTICULAR,1,6,2026
6349,CORDEIROPOLIS,7340-0,DIRIGIR O VEIC USANDO CALCADO QUE N SE FIRME NOS PES/COMPROMETA UTILIZ PEDAIS,SP,MOTOCICLO,PARTICULAR,1,6,2026
6271,CACAPAVA,6599-2,CONDUZIR O VEICULO REGISTRADO QUE NAO ESTEJA DEVIDAMENTE LICENCIADO,SP,MOTOCICLO,PARTICULAR,1,6,2026
7107,SAO PAULO,6653-1,CONDUZIR O VEICULO COM DESCARGA LIVRE,SP,AUTOMOVEL,PARTICULAR,2,6,2026
6467,GUARAREMA,6599-2,CONDUZIR O VEICULO REGISTRADO QUE NAO ESTEJA DEVIDAMENTE LICENCIADO,SP,MOTOCICLO,PARTICULAR,1,6,2026
6639,LIMEIRA,6637-2,CONDUZIR O VEICULO COM EQUIPAMENTO OBRIGATORIO INEFICIENTE/INOPERANTE,SP,MOTOCICLO,PARTICULAR,2,6,2026
6291,CAMPINAS,6041-2,EXECUTAR OPERACAO DE CONVERSAO A ESQUERDA EM LOCAL PROIBIDO PELA SINALIZACAO,Outras UFs,AUTOMOVEL,PARTICULAR,1,6,2026
7157,TABOAO DA SERRA,6122-0,DEIXAR DE DAR PREFERENCIA A PEDESTRE/VEIC N MOTORIZADO NA FAIXA A ELE DESTINADA,SP,MOTOCICLO,PARTICULAR,1,6,2026
6313,CARAPICUIBA,7030-1,Conduzir motoc/moton/ciclom s/ capacete de seguranca,Outras UFs,MOTOCICLO,PARTICULAR,1,6,2026
7145,SOROCABA,5215-2,Dirigir ameacando os demais veiculos,SP,AUTOMOVEL,PARTICULAR,1,6,2026
7107,SAO PAULO,6289-1,DEIXAR DE REDUZIR A VELOCIDADE DO VEICULO AO APROXIMAR-SE DA GUIA DA CALCADA,SP,MOTOCICLO,PARTICULAR,1,6,2026
6271,CACAPAVA,5010-0,DIRIGIR VEICULO SEM POSSUIR CNH/PPD/ACC,SP,MOTOCICLO,PARTICULAR,2,6,2026
7107,SAO PAULO,6041-2,EXECUTAR OPERACAO DE CONVERSAO A ESQUERDA EM LOCAL PROIBIDO PELA SINALIZACAO,SP,UTILITARIO,PARTICULAR,1,6,2026
6281,CAIEIRAS,5207-0,Dirigir sem atencao ou sem os cuidados indispensaveis a seguranca,SP,MOTOCICLO,PARTICULAR,2,6,2026
6313,CARAPICUIBA,6076-0,TRANSPOR BLOQUEIO VIARIO POLICIAL,SP,MOTOCICLO,PARTICULAR,1,6,2026
6209,BARRETOS,7374-0,BLOQUEAR A VIA COM VEICULO,SP,AUTOMOVEL,PARTICULAR,1,6,2026
7107,SAO PAULO,7617-1,"USAR QQ VEICULO PARA, DELIB, INTERROMPER CIRCULACAO NA VIA SEM AUT DO ORGAO",SP,MOTOCICLO,PARTICULAR,17,6,2026
2949,ENGENHEIRO COELHO,7340-0,DIRIGIR O VEIC USANDO CALCADO QUE N SE FIRME NOS PES/COMPROMETA UTILIZ PEDAIS,Outras UFs,MOTOCICLO,PARTICULAR,1,6,2026
6313,CARAPICUIBA,5240-0,Disputar corrida,SP,MOTOCICLO,PARTICULAR,2,6,2026
7107,SAO PAULO,5029-1,Dirigir veiculo com CNH/PPD/ACC cassada,SP,AUTOMOVEL,PARTICULAR,1,6,2026
7107,SAO PAULO,6920-1,"Deixar de efetuar registro do veiculo em 30 dias, qdo for transf a propriedade",SP,MOTOCICLO,PARTICULAR,145,6,2026
7107,SAO PAULO,5185-1,Deixar o condutor de usar o cinto seguranca,SP,UTILITARIO,PARTICULAR,4,6,2026
6313,CARAPICUIBA,5274-2,UTILIZ VEIC DEM/EXIBIR MANOB PERIG MED DERRAP/FRENAG C/DESLIZ/ARRAST PNEUS,SP,MOTOCICLO,PARTICULAR,1,6,2026
6597,JALES,6653-1,CONDUZIR O VEICULO COM DESCARGA LIVRE,SP,MOTOCICLO,PARTICULAR,1,6,2026
7107,SAO PAULO,5819-5,"TRANSITAR COM O VEICULO EM ILHAS, REFUGIOS",SP,CAMIONETA,PARTICULAR,1,6,2026
6349,CORDEIROPOLIS,6769-0,"CONDUZIR VEIC C/ DEFEITO NO SIST DE ILUMINACAO, SINALIZ OU LAMPADAS QUEIMADAS",SP,MOTOCICLO,PARTICULAR,1,6,2026
6969,RIBEIRAO PRETO,5010-0,DIRIGIR VEICULO SEM POSSUIR CNH/PPD/ACC,SP,MOTOCICLO,PARTICULAR,2,6,2026
6477,GUARULHOS,5819-6,TRANSITAR COM O VEICULO EM MARCAS DE CANALIZACAO,SP,AUTOMOVEL,PARTICULAR,1,6,2026
7107,SAO PAULO,7633-1,Dirigir veiculo segurando telefone celular,SP,MOTOCICLO,PARTICULAR,1,6,2026
7107,SAO PAULO,6580-0,CONDUZIR O VEICULO SEM QUALQUER UMA DAS PLACAS DE IDENTIFICACAO,SP,CAMINHONET,PARTICULAR,1,6,2026
6369,CRUZEIRO,5738-0,TRANSITAR PELA CONTRAMAO DE DIRECAO EM VIA C/ SINALIZACAO DE REGUL SENTIDO UNICO,SP,MOTOCICLO,PARTICULAR,1,6,2026
7107,SAO PAULO,5002-0,"Multa, por nao identificacao do condutor infrator, imposta a pessoa juridica",Outras UFs,MICROONIB,PARTICULAR,1,6,2026
7107,SAO PAULO,6670-0,CONDUZIR O VEICULO C/ EQUIP DO SISTEMA DE ILUMINACAO E DE SINALIZACAO ALTERADOS,SP,AUTOMOVEL,PARTICULAR,1,6,2026
6475,GUARUJA,6050-1,AVAN O SIN VERM DO SEMAF EXC SE HOUVER SINALIZ PERM LIVRE CONV A DIR,SP,MOTONETA,PARTICULAR,1,6,2026
6875,PIRACICABA,6050-2,AVANCAR O SINAL DE PARADA OBRIGATORIA,SP,MOTOCICLO,PARTICULAR,1,6,2026
7107,SAO PAULO,6726-1,"CONDUZIR O VEICULO EM MAU ESTADO DE CONSERVACAO, COMPROMETENDO A SEGURANCA",SP,CAMIONETA,PARTICULAR,4,6,2026
6969,RIBEIRAO PRETO,5118-0,PERMITIR POSSE/CONDUCAO DO VEICULO A PESSOA SEM CNH/PPD/ACC,SP,MOTOCICLO,PARTICULAR,2,6,2026
7107,SAO PAULO,6556-5,CONDUZIR O VEICULO COM QUALQUER OUTRO ELEM DE IDENTIFICACAO VIOLADO/FALSIFICADO,SP,CAMINHAO,ALUGUEL,1,6,2026
7145,SOROCABA,5738-0,TRANSITAR PELA CONTRAMAO DE DIRECAO EM VIA C/ SINALIZACAO DE REGUL SENTIDO UNICO,SP,AUTOMOVEL,PARTICULAR,2,6,2026
7107,SAO PAULO,7269-0,EM MOV DE DIA DEIXAR DE MANTER ACESA LUZ BAIXA MOTOC/MOTON/CICLOM,SP,MOTOCICLO,PARTICULAR,1,6,2026
6619,JUNDIAI,6637-1,CONDUZIR O VEICULO SEM EQUIPAMENTO OBRIGATORIO,SP,MOTOCICLO,PARTICULAR,3,6,2026
6619,JUNDIAI,6599-2,CONDUZIR O VEICULO REGISTRADO QUE NAO ESTEJA DEVIDAMENTE LICENCIADO,SP,MOTOCICLO,PARTICULAR,2,6,2026
6707,MIRASSOL,5053-4,DIRIGIR VEICULO S/ ADAPTACOES IMPOSTAS NA CONCESSAO/RENOVACAO LICENCA CONDUZIR,SP,MOTOCICLO,PARTICULAR,1,6,2026
6345,CONCHAL,6653-1,CONDUZIR O VEICULO COM DESCARGA LIVRE,SP,MOTOCICLO,PARTICULAR,1,6,2026
6921,PRAIA GRANDE,6050-1,AVAN O SIN VERM DO SEMAF EXC SE HOUVER SINALIZ PERM LIVRE CONV A DIR,SP,AUTOMOVEL,PARTICULAR,1,6,2026
7107,SAO PAULO,5096-0,ENTREGAR VEICULO A PESSOA COM CNH/PPD VENCIDA HA MAIS DE 30 DIAS,SP,MOTOCICLO,PARTICULAR,1,6,2026
7107,SAO PAULO,5061-0,ENTREGAR VEICULO A PESSOA SEM CNH/PPD/ACC,SP,MOTOCICLO,PARTICULAR,3,6,2026
7107,SAO PAULO,6726-1,"CONDUZIR O VEICULO EM MAU ESTADO DE CONSERVACAO, COMPROMETENDO A SEGURANCA",SP,MOTONETA,PARTICULAR,4,6,2026
6179,ASSIS,7684-2,Cond motoc/moton/ciclom c/ util cap de seg c/ vis/ocul prot des c/ regul Contran,SP,MOTOCICLO,PARTICULAR,1,6,2026
7107,SAO PAULO,5029-1,Dirigir veiculo com CNH/PPD/ACC cassada,Outras UFs,AUTOMOVEL,PARTICULAR,1,6,2026
6875,PIRACICABA,5010-0,DIRIGIR VEICULO SEM POSSUIR CNH/PPD/ACC,SP,AUTOMOVEL,PARTICULAR,1,6,2026
7055,SANTO ANASTACIO,6726-1,"CONDUZIR O VEICULO EM MAU ESTADO DE CONSERVACAO, COMPROMETENDO A SEGURANCA",SP,AUTOMOVEL,PARTICULAR,1,6,2026
6681,MARILIA,6726-1,"CONDUZIR O VEICULO EM MAU ESTADO DE CONSERVACAO, COMPROMETENDO A SEGURANCA",SP,AUTOMOVEL,PARTICULAR,1,6,2026
6639,LIMEIRA,7684-2,Cond motoc/moton/ciclom c/ util cap de seg c/ vis/ocul prot des c/ regul Contran,SP,MOTOCICLO,PARTICULAR,1,6,2026
7057,SANTO ANDRE,5037-1,DIRIGIR VEICULO COM CNH DE CATEGORIA DIFERENTE DA DO VEICULO,SP,MOTOCICLO,PARTICULAR,1,6,2026
6425,FRANCA,6580-0,CONDUZIR O VEICULO SEM QUALQUER UMA DAS PLACAS DE IDENTIFICACAO,SP,MOTOCICLO,PARTICULAR,1,6,2026
7107,SAO PAULO,5002-0,"Multa, por nao identificacao do condutor infrator, imposta a pessoa juridica",SP,CAMIONETA,PARTICULAR,50,6,2026
6477,GUARULHOS,7340-0,DIRIGIR O VEIC USANDO CALCADO QUE N SE FIRME NOS PES/COMPROMETA UTILIZ PEDAIS,SP,MOTONETA,PARTICULAR,1,6,2026
7107,SAO PAULO,5843-4,"Deixar de indicar c/ antec, med gesto de braco/luz indicadora, mudanca de faixa",SP,AUTOMOVEL,ALUGUEL,1,6,2026
7157,TABOAO DA SERRA,6769-0,"CONDUZIR VEIC C/ DEFEITO NO SIST DE ILUMINACAO, SINALIZ OU LAMPADAS QUEIMADAS",Outras UFs,AUTOMOVEL,PARTICULAR,1,6,2026
6349,CORDEIROPOLIS,6670-0,CONDUZIR O VEICULO C/ EQUIP DO SISTEMA DE ILUMINACAO E DE SINALIZACAO ALTERADOS,SP,AUTOMOVEL,PARTICULAR,1,6,2026
6795,OURINHOS,6637-1,CONDUZIR O VEICULO SEM EQUIPAMENTO OBRIGATORIO,SP,MOTOCICLO,PARTICULAR,1,6,2026
6177,ARUJA,5746-3,TRANSITAR EM LOCAL/HORARIO NAO PERMITIDO PELA REGULAMENTACAO - CAMINHAO,SP,CAMINHAO,ALUGUEL,1,6,2026
6177,ARUJA,6025-0,"EXECUTAR RETORNO NAS INTERSECOES, ENTRANDO NA CONTRAMAO DA VIA TRANSVERSAL",SP,AUTOMOVEL,PARTICULAR,1,6,2026
7055,SANTO ANASTACIO,5045-0,DIRIGIR VEICULO COM VALIDADE DE CNH/PPD VENCIDA HA MAIS DE 30 DIAS,SP,AUTOMOVEL,PARTICULAR,1,6,2026
7237,VINHEDO,6653-1,CONDUZIR O VEICULO COM DESCARGA LIVRE,SP,MOTOCICLO,PARTICULAR,1,6,2026
6369,CRUZEIRO,7366-2,DIRIGIR VEICULO UTILIZANDO-SE DE TELEFONE CELULAR,SP,AUTOMOVEL,PARTICULAR,1,6,2026
6779,OLIMPIA,7684-1,Cond motoc/moton/ciclom c/ util cap de seg s/ vis/ocul prot,SP,MOTONETA,PARTICULAR,1,6,2026
7107,SAO PAULO,5010-0,DIRIGIR VEICULO SEM POSSUIR CNH/PPD/ACC,SP,MOTOCICLO,PARTICULAR,37,6,2026
6587,JABOTICABAL,5835-0,Desobedecer as ordens emanadas da autorid compet de transito ou de seus agentes,SP,CAMINHONET,PARTICULAR,1,6,2026
7107,SAO PAULO,6599-2,CONDUZIR O VEICULO REGISTRADO QUE NAO ESTEJA DEVIDAMENTE LICENCIADO,SP,MOTOCICLO,ALUGUEL,1,6,2026
6247,BORBOREMA,6050-2,AVANCAR O SINAL DE PARADA OBRIGATORIA,SP,MOTOCICLO,PARTICULAR,1,6,2026
7107,SAO PAULO,6637-1,CONDUZIR O VEICULO SEM EQUIPAMENTO OBRIGATORIO,SP,AUTOMOVEL,PARTICULAR,1,6,2026
6929,PRESIDENTE PRUDENTE,7633-1,Dirigir veiculo segurando telefone celular,SP,MOTOCICLO,PARTICULAR,1,6,2026
6619,JUNDIAI,6696-1,CONDUZIR C/ INSCR/ADESIVO/LEGENDA/SIMBOLO AFIXADO PARA-BRISA E EXTENSAO TRASEIRA,SP,CAMINHONET,PARTICULAR,1,6,2026
6475,GUARUJA,7340-0,DIRIGIR O VEIC USANDO CALCADO QUE N SE FIRME NOS PES/COMPROMETA UTILIZ PEDAIS,SP,MOTOCICLO,PARTICULAR,1,6,2026
7233,VARZEA PAULISTA,7030-1,Conduzir motoc/moton/ciclom s/ capacete de seguranca,SP,MOTOCICLO,PARTICULAR,1,6,2026
6509,ILHABELA,6599-2,CONDUZIR O VEICULO REGISTRADO QUE NAO ESTEJA DEVIDAMENTE LICENCIADO,SP,UTILITARIO,PARTICULAR,1,6,2026
7107,SAO PAULO,7633-2,Dirigir veiculo manuseando telefone celular,Outras UFs,AUTOMOVEL,,1,6,2026
7107,SAO PAULO,7633-1,Dirigir veiculo segurando telefone celular,SP,AUTOMOVEL,PARTICULAR,25,6,2026
7107,SAO PAULO,5185-2,Deixar o passageiro de usar o cinto seguranca,SP,AUTOMOVEL,PARTICULAR,14,6,2026
7107,SAO PAULO,6599-2,CONDUZIR O VEICULO REGISTRADO QUE NAO ESTEJA DEVIDAMENTE LICENCIADO,SP,REBOQUE,PARTICULAR,2,6,2026
6619,JUNDIAI,6599-2,CONDUZIR O VEICULO REGISTRADO QUE NAO ESTEJA DEVIDAMENTE LICENCIADO,SP,MOTONETA,PARTICULAR,1,6,2026
7079,SAO CARLOS,5010-0,DIRIGIR VEICULO SEM POSSUIR CNH/PPD/ACC,SP,AUTOMOVEL,PARTICULAR,1,6,2026
6313,CARAPICUIBA,5185-1,Deixar o condutor de usar o cinto seguranca,SP,AUTOMOVEL,PARTICULAR,2,6,2026
6313,CARAPICUIBA,5819-1,"TRANSITAR COM O VEICULO EM CALCADAS, PASSEIOS",SP,CAMIONETA,PARTICULAR,1,6,2026
7149,SUMARE,5185-1,Deixar o condutor de usar o cinto seguranca,SP,AUTOMOVEL,PARTICULAR,2,6,2026
6929,PRESIDENTE PRUDENTE,5010-0,DIRIGIR VEICULO SEM POSSUIR CNH/PPD/ACC,Outras UFs,AUTOMOVEL,PARTICULAR,1,6,2026
6639,LIMEIRA,6637-1,CONDUZIR O VEICULO SEM EQUIPAMENTO OBRIGATORIO,SP,CAMINHAO,PARTICULAR,1,6,2026
6487,IBATE,6580-0,CONDUZIR O VEICULO SEM QUALQUER UMA DAS PLACAS DE IDENTIFICACAO,SP,AUTOMOVEL,PARTICULAR,2,6,2026
7243,VOTORANTIM,7358-0,"DIRIGIR O VEICULO COM APENAS UMA DAS MAOS, EXCETO QUANDO PERMITIDO PELO CTB",SP,MOTOCICLO,PARTICULAR,1,6,2026
7183,TAUBATE,6726-1,"CONDUZIR O VEICULO EM MAU ESTADO DE CONSERVACAO, COMPROMETENDO A SEGURANCA",SP,MOTONETA,PARTICULAR,1,6,2026
6511,INDAIATUBA,6653-2,CONDUZIR O VEICULO COM SILENCIADOR DE MOTOR DEFEITUOSO/DEFICIENTE/INOPERANTE,SP,MOTOCICLO,PARTICULAR,1,6,2026
6883,PIRAPORA DO BOM JESUS,6408-0,PORTAR NO VEICULO PLACAS DE IDENTIFICACAO EM DESACORDO C/ ESPECIF/MODELO CONTRAN,SP,MOTOCICLO,PARTICULAR,1,6,2026
7235,VERA CRUZ,6599-2,CONDUZIR O VEICULO REGISTRADO QUE NAO ESTEJA DEVIDAMENTE LICENCIADO,SP,MOTOCICLO,PARTICULAR,1,6,2026
7107,SAO PAULO,5843-3,"Deixar de indicar c/ antec, med gesto de braco/luz indicadora, mudanca direcao",SP,AUTOMOVEL,PARTICULAR,5,6,2026
7107,SAO PAULO,5185-1,Deixar o condutor de usar o cinto seguranca,Outras UFs,CAMINHONET,PARTICULAR,1,6,2026
7145,SOROCABA,6050-2,AVANCAR O SINAL DE PARADA OBRIGATORIA,SP,MOTOCICLO,PARTICULAR,1,6,2026
6563,ITAQUAQUECETUBA,6653-1,CONDUZIR O VEICULO COM DESCARGA LIVRE,SP,MOTOCICLO,PARTICULAR,2,6,2026
7079,SAO CARLOS,5118-0,PERMITIR POSSE/CONDUCAO DO VEICULO A PESSOA SEM CNH/PPD/ACC,SP,AUTOMOVEL,PARTICULAR,2,6,2026
6511,INDAIATUBA,7633-1,Dirigir veiculo segurando telefone celular,SP,CAMINHONET,PARTICULAR,1,6,2026
6291,CAMPINAS,7579-0,"REC SUB TEST, EX CLIN, PERIC OU PROC Q PERM CERT INFL ALC/SUB PSIC FOR ART. 277",SP,MOTOCICLO,PARTICULAR,1,6,2026
7099,SAO JOSE DOS CAMPOS,6408-0,PORTAR NO VEICULO PLACAS DE IDENTIFICACAO EM DESACORDO C/ ESPECIF/MODELO CONTRAN,SP,MOTOCICLO,PARTICULAR,2,6,2026
7107,SAO PAULO,5045-0,DIRIGIR VEICULO COM VALIDADE DE CNH/PPD VENCIDA HA MAIS DE 30 DIAS,SP,MOTONETA,PARTICULAR,1,6,2026
6853,PERUIBE,7056-1,CONDUZIR MOTOC/MOTON/CICLOMOTOR FAZENDO MALABARISMO/EQUILIBRANDO-SE EM UMA RODA,SP,MOTOCICLO,PARTICULAR,1,6,2026
7107,SAO PAULO,5681-0,TRANSITAR NA FAIXA/PISTA DA DIREITA REGUL CIRCULACAO EXCLUSIVA DETERM VEICULO,SP,MOTOCICLO,PARTICULAR,1,6,2026
6545,ITAPECERICA DA SERRA,7358-0,"DIRIGIR O VEICULO COM APENAS UMA DAS MAOS, EXCETO QUANDO PERMITIDO PELO CTB",Outras UFs,AUTOMOVEL,PARTICULAR,1,6,2026
6789,OSASCO,6599-2,CONDUZIR O VEICULO REGISTRADO QUE NAO ESTEJA DEVIDAMENTE LICENCIADO,SP,AUTOMOVEL,PARTICULAR,1,6,2026
6915,PORTO FERREIRA,6530-0,USAR NO VEICULO EQUIP C/ SOM EM VOLUME/FREQUENCIA NAO AUTORIZADOS PELO CONTRAN,SP,AUTOMOVEL,PARTICULAR,1,6,2026
7047,SANTANA DE PARNAIBA,7358-0,"DIRIGIR O VEICULO COM APENAS UMA DAS MAOS, EXCETO QUANDO PERMITIDO PELO CTB",SP,UTILITARIO,PARTICULAR,1,6,2026
6619,JUNDIAI,6050-2,AVANCAR O SINAL DE PARADA OBRIGATORIA,SP,AUTOMOVEL,PARTICULAR,2,6,2026
6929,PRESIDENTE PRUDENTE,5274-1,UTILIZ VEIC DEMONST/EXIBIR MANOBRA PERIGOSA MEDIANTE ARRANCADA BRUSCA,SP,CAMINHONET,PARTICULAR,1,6,2026
6377,DIADEMA,5185-1,Deixar o condutor de usar o cinto seguranca,SP,AUTOMOVEL,PARTICULAR,1,6,2026
6263,BURITAMA,6599-2,CONDUZIR O VEICULO REGISTRADO QUE NAO ESTEJA DEVIDAMENTE LICENCIADO,SP,MOTONETA,PARTICULAR,1,6,2026
7243,VOTORANTIM,6602-0,CONDUZIR O VEICULO COM QUALQUER UMA DAS PLACAS SEM LEGIBILIDADE E VISIBILIDADE,SP,MOTOCICLO,PARTICULAR,1,6,2026
6239,BOITUVA,5185-1,Deixar o condutor de usar o cinto seguranca,SP,CAMINHONET,PARTICULAR,1,6,2026
7047,SANTANA DE PARNAIBA,7633-2,Dirigir veiculo manuseando telefone celular,SP,UTILITARIO,PARTICULAR,1,6,2026
6795,OURINHOS,5738-0,TRANSITAR PELA CONTRAMAO DE DIRECAO EM VIA C/ SINALIZACAO DE REGUL SENTIDO UNICO,SP,MOTOCICLO,PARTICULAR,1,6,2026
7107,SAO PAULO,5185-2,Deixar o passageiro de usar o cinto seguranca,SP,UTILITARIO,PARTICULAR,1,6,2026
7055,SANTO ANASTACIO,7633-2,Dirigir veiculo manuseando telefone celular,SP,CAMINHONET,PARTICULAR,1,6,2026
6897,POA,7056-2,CONDUZIR CICLO FAZENDO MALABARISMO OU EQUILIBRANDO-SE EM UMA RODA,SP,MOTOCICLO,PARTICULAR,1,6,2026
7243,VOTORANTIM,5819-1,"TRANSITAR COM O VEICULO EM CALCADAS, PASSEIOS",SP,MOTOCICLO,PARTICULAR,1,6,2026
7017,SANTA BARBARA DO OESTE,5010-0,DIRIGIR VEICULO SEM POSSUIR CNH/PPD/ACC,SP,MOTONETA,PARTICULAR,1,6,2026
7107,SAO PAULO,5738-0,TRANSITAR PELA CONTRAMAO DE DIRECAO EM VIA C/ SINALIZACAO DE REGUL SENTIDO UNICO,SP,AUTOMOVEL,PARTICULAR,7,6,2026
6503,IGARAPAVA,7340-0,DIRIGIR O VEIC USANDO CALCADO QUE N SE FIRME NOS PES/COMPROMETA UTILIZ PEDAIS,SP,MOTOCICLO,PARTICULAR,1,6,2026
7079,SAO CARLOS,6599-2,CONDUZIR O VEICULO REGISTRADO QUE NAO ESTEJA DEVIDAMENTE LICENCIADO,SP,MOTOCICLO,PARTICULAR,1,6,2026
6897,POA,6602-0,CONDUZIR O VEICULO COM QUALQUER UMA DAS PLACAS SEM LEGIBILIDADE E VISIBILIDADE,SP,MOTOCICLO,PARTICULAR,1,6,2026
6689,MAUA,5045-0,DIRIGIR VEICULO COM VALIDADE DE CNH/PPD VENCIDA HA MAIS DE 30 DIAS,SP,CAMINHAO,ALUGUEL,1,6,2026
6291,CAMPINAS,6599-2,CONDUZIR O VEICULO REGISTRADO QUE NAO ESTEJA DEVIDAMENTE LICENCIADO,SP,CAMIONETA,PARTICULAR,1,6,2026
6929,PRESIDENTE PRUDENTE,7056-1,CONDUZIR MOTOC/MOTON/CICLOMOTOR FAZENDO MALABARISMO/EQUILIBRANDO-SE EM UMA RODA,SP,MOTOCICLO,PARTICULAR,1,6,2026
6587,JABOTICABAL,6599-2,CONDUZIR O VEICULO REGISTRADO QUE NAO ESTEJA DEVIDAMENTE LICENCIADO,SP,MOTOCICLO,PARTICULAR,2,6,2026
6795,OURINHOS,5274-2,UTILIZ VEIC DEM/EXIBIR MANOB PERIG MED DERRAP/FRENAG C/DESLIZ/ARRAST PNEUS,SP,MOTOCICLO,PARTICULAR,1,6,2026
7107,SAO PAULO,5185-1,Deixar o condutor de usar o cinto seguranca,SP,CAMINHONET,ALUGUEL,9,6,2026
7107,SAO PAULO,5045-0,DIRIGIR VEICULO COM VALIDADE DE CNH/PPD VENCIDA HA MAIS DE 30 DIAS,Outras UFs,UTILITARIO,PARTICULAR,1,6,2026
6719,MOMBUCA,7030-1,Conduzir motoc/moton/ciclom s/ capacete de seguranca,SP,MOTOCICLO,PARTICULAR,1,6,2026
6219,BAURU,6726-1,"CONDUZIR O VEICULO EM MAU ESTADO DE CONSERVACAO, COMPROMETENDO A SEGURANCA",SP,AUTOMOVEL,PARTICULAR,1,6,2026
7107,SAO PAULO,7633-1,Dirigir veiculo segurando telefone celular,SP,MICROONIB,PARTICULAR,1,6,2026
6429,FRANCO DA ROCHA,7714-1,Cond motoc/moton/ciclom transp pass c/ cap de seg s/ vis/ocul de protecao,SP,MOTOCICLO,PARTICULAR,1,6,2026
6969,RIBEIRAO PRETO,6670-0,CONDUZIR O VEICULO C/ EQUIP DO SISTEMA DE ILUMINACAO E DE SINALIZACAO ALTERADOS,SP,MOTOCICLO,PARTICULAR,1,6,2026
6603,JARDINOPOLIS,6653-1,CONDUZIR O VEICULO COM DESCARGA LIVRE,SP,AUTOMOVEL,PARTICULAR,1,6,2026
6467,GUARAREMA,6599-2,CONDUZIR O VEICULO REGISTRADO QUE NAO ESTEJA DEVIDAMENTE LICENCIADO,SP,AUTOMOVEL,PARTICULAR,1,6,2026
7107,SAO PAULO,6599-2,CONDUZIR O VEICULO REGISTRADO QUE NAO ESTEJA DEVIDAMENTE LICENCIADO,SP,UTILITARIO,PARTICULAR,10,6,2026
7097,SAO JOSE DO RIO PRETO,5207-0,Dirigir sem atencao ou sem os cuidados indispensaveis a seguranca,SP,MOTOCICLO,PARTICULAR,1,6,2026
6587,JABOTICABAL,5797-0,FORCAR PASSAGEM ENTRE VEICS TRANS SENT OPOSTOS NA IMINENCIA REALIZ ULTRAPASSAGEM,SP,MOTOCICLO,PARTICULAR,1,6,2026
6125,ALVARES MACHADO,5185-1,Deixar o condutor de usar o cinto seguranca,SP,AUTOMOVEL,PARTICULAR,3,6,2026
7157,TABOAO DA SERRA,6599-2,CONDUZIR O VEICULO REGISTRADO QUE NAO ESTEJA DEVIDAMENTE LICENCIADO,SP,AUTOMOVEL,PARTICULAR,1,6,2026
6563,ITAQUAQUECETUBA,5029-1,Dirigir veiculo com CNH/PPD/ACC cassada,SP,MOTOCICLO,PARTICULAR,1,6,2026
7107,SAO PAULO,7366-1,DIRIGIR O VEICULO UTILIZANDO-SE DE FONES NOS OUVIDOS CONEC A APARELHAGEM SONORA,SP,CAMINHONET,PARTICULAR,1,6,2026
6209,BARRETOS,7684-2,Cond motoc/moton/ciclom c/ util cap de seg c/ vis/ocul prot des c/ regul Contran,SP,MOTONETA,PARTICULAR,1,6,2026
7135,SERTAOZINHO,7633-2,Dirigir veiculo manuseando telefone celular,SP,CAMIONETA,PARTICULAR,1,6,2026
6249,BOTUCATU,6769-0,"CONDUZIR VEIC C/ DEFEITO NO SIST DE ILUMINACAO, SINALIZ OU LAMPADAS QUEIMADAS",SP,MOTOCICLO,PARTICULAR,1,6,2026
6429,FRANCO DA ROCHA,5185-1,Deixar o condutor de usar o cinto seguranca,SP,CAMIONETA,PARTICULAR,1,6,2026
6843,PEDREIRA,7633-2,Dirigir veiculo manuseando telefone celular,SP,CAMINHONET,PARTICULAR,1,6,2026
6583,ITUVERAVA,6726-1,"CONDUZIR O VEICULO EM MAU ESTADO DE CONSERVACAO, COMPROMETENDO A SEGURANCA",Outras UFs,AUTOMOVEL,,1,6,2026
7099,SAO JOSE DOS CAMPOS,6726-1,"CONDUZIR O VEICULO EM MAU ESTADO DE CONSERVACAO, COMPROMETENDO A SEGURANCA",SP,MOTOCICLO,PARTICULAR,1,6,2026
7107,SAO PAULO,7315-0,DIRIGIR O VEICULO COM O BRACO DO LADO DE FORA,SP,AUTOMOVEL,PARTICULAR,1,6,2026
6789,OSASCO,6599-2,CONDUZIR O VEICULO REGISTRADO QUE NAO ESTEJA DEVIDAMENTE LICENCIADO,SP,MOTOCICLO,PARTICULAR,3,6,2026
7083,SAO JOAO DA BOA VISTA,5185-1,Deixar o condutor de usar o cinto seguranca,SP,AUTOMOVEL,PARTICULAR,1,6,2026
6131,AMERICANA,6076-0,TRANSPOR BLOQUEIO VIARIO POLICIAL,SP,AUTOMOVEL,PARTICULAR,1,6,2026
7107,SAO PAULO,5819-6,TRANSITAR COM O VEICULO EM MARCAS DE CANALIZACAO,SP,CAMINHONET,PARTICULAR,5,6,2026
6969,RIBEIRAO PRETO,7633-1,Dirigir veiculo segurando telefone celular,SP,AUTOMOVEL,PARTICULAR,3,6,2026
6661,MACATUBA,7366-2,DIRIGIR VEICULO UTILIZANDO-SE DE TELEFONE CELULAR,SP,CAMINHONET,PARTICULAR,1,6,2026
7107,SAO PAULO,6599-2,CONDUZIR O VEICULO REGISTRADO QUE NAO ESTEJA DEVIDAMENTE LICENCIADO,SP,CICLOMOTO,PARTICULAR,1,6,2026
6901,POMPEIA,5967-0,"ULTRAPASSAR PELA CONTRAMAO LINHA DE DIVISAO DE FLUXOS OPOSTOS, CONTINUA AMARELA",SP,MOTOCICLO,PARTICULAR,1,6,2026
7107,SAO PAULO,5819-6,TRANSITAR COM O VEICULO EM MARCAS DE CANALIZACAO,SP,MOTOCICLO,PARTICULAR,11,6,2026
818,RIBEIRAO DOS INDIOS,5010-0,DIRIGIR VEICULO SEM POSSUIR CNH/PPD/ACC,SP,AUTOMOVEL,PARTICULAR,1,6,2026
7075,SAO BERNARDO DO CAMPO,6050-1,AVAN O SIN VERM DO SEMAF EXC SE HOUVER SINALIZ PERM LIVRE CONV A DIR,SP,AUTOMOVEL,PARTICULAR,5,6,2026
6263,BURITAMA,6599-2,CONDUZIR O VEICULO REGISTRADO QUE NAO ESTEJA DEVIDAMENTE LICENCIADO,SP,AUTOMOVEL,PARTICULAR,1,6,2026
7057,SANTO ANDRE,5738-0,TRANSITAR PELA CONTRAMAO DE DIRECAO EM VIA C/ SINALIZACAO DE REGUL SENTIDO UNICO,SP,MOTOCICLO,PARTICULAR,1,6,2026
7071,SANTOS,6645-0,CONDUZIR O VEICULO COM EQUIP OBRIGATORIO EM DESACORDO COM O ESTAB PELO CONTRAN,SP,MOTOCICLO,PARTICULAR,1,6,2026
6707,MIRASSOL,5045-0,DIRIGIR VEICULO COM VALIDADE DE CNH/PPD VENCIDA HA MAIS DE 30 DIAS,SP,AUTOMOVEL,PARTICULAR,1,6,2026
6469,GUARATINGUETA,6637-1,CONDUZIR O VEICULO SEM EQUIPAMENTO OBRIGATORIO,SP,MOTOCICLO,PARTICULAR,1,6,2026
6789,OSASCO,5010-0,DIRIGIR VEICULO SEM POSSUIR CNH/PPD/ACC,SP,AUTOMOVEL,PARTICULAR,1,6,2026
6639,LIMEIRA,5010-0,DIRIGIR VEICULO SEM POSSUIR CNH/PPD/ACC,SP,MOTONETA,PARTICULAR,1,6,2026
6795,OURINHOS,7056-2,CONDUZIR CICLO FAZENDO MALABARISMO OU EQUILIBRANDO-SE EM UMA RODA,SP,MOTOCICLO,PARTICULAR,1,6,2026
6623,JUQUIA,7633-2,Dirigir veiculo manuseando telefone celular,SP,AUTOMOVEL,PARTICULAR,1,6,2026
6189,AVARE,5207-0,Dirigir sem atencao ou sem os cuidados indispensaveis a seguranca,Outras UFs,CAMINHONET,PARTICULAR,1,6,2026
6713,MOGI DAS CRUZES,7030-1,Conduzir motoc/moton/ciclom s/ capacete de seguranca,SP,MOTOCICLO,PARTICULAR,2,6,2026
7071,SANTOS,7340-0,DIRIGIR O VEIC USANDO CALCADO QUE N SE FIRME NOS PES/COMPROMETA UTILIZ PEDAIS,SP,MOTOCICLO,PARTICULAR,2,6,2026
7107,SAO PAULO,6017-1,"EXECUTAR OPERACAO DE RETORNO PASSANDO POR CIMA DE CALCADA, PASSEIO",SP,AUTOMOVEL,PARTICULAR,1,6,2026
7107,SAO PAULO,5010-0,DIRIGIR VEICULO SEM POSSUIR CNH/PPD/ACC,SP,CAMINHONET,ALUGUEL,1,6,2026
7135,SERTAOZINHO,6653-1,CONDUZIR O VEICULO COM DESCARGA LIVRE,SP,MOTOCICLO,PARTICULAR,2,6,2026
7107,SAO PAULO,5819-6,TRANSITAR COM O VEICULO EM MARCAS DE CANALIZACAO,Outras UFs,AUTOMOVEL,,1,6,2026
6929,PRESIDENTE PRUDENTE,5738-0,TRANSITAR PELA CONTRAMAO DE DIRECAO EM VIA C/ SINALIZACAO DE REGUL SENTIDO UNICO,SP,MOTOCICLO,PARTICULAR,2,6,2026
6179,ASSIS,6653-1,CONDUZIR O VEICULO COM DESCARGA LIVRE,SP,MOTOCICLO,PARTICULAR,1,6,2026
6715,MOGI-GUACU,5118-0,PERMITIR POSSE/CONDUCAO DO VEICULO A PESSOA SEM CNH/PPD/ACC,SP,MOTOCICLO,PARTICULAR,1,6,2026
6637,LENCOIS PAULISTA,7633-2,Dirigir veiculo manuseando telefone celular,SP,AUTOMOVEL,PARTICULAR,1,6,2026
6639,LIMEIRA,7641-0,COND VEIC EXIG HAB C/D/E S/ REAL EX TOX PREV - PGF 2/ART 148A APOS 30 DIAS VENC,SP,CAMINHAO,PARTICULAR,1,6,2026
6863,PINDORAMA,6599-2,CONDUZIR O VEICULO REGISTRADO QUE NAO ESTEJA DEVIDAMENTE LICENCIADO,SP,MOTOCICLO,PARTICULAR,1,6,2026
6489,IBIRA,6599-2,CONDUZIR O VEICULO REGISTRADO QUE NAO ESTEJA DEVIDAMENTE LICENCIADO,SP,AUTOMOVEL,PARTICULAR,1,6,2026
6903,PONGAI,5576-0,PARAR NAS ESQUINAS E A MENOS 5M DO BORDO DO ALINHAMENTO DA VIA TRANSVERSAL,SP,CAMINHONET,PARTICULAR,1,6,2026
7107,SAO PAULO,5002-0,"Multa, por nao identificacao do condutor infrator, imposta a pessoa juridica",SP,AUTOMOVEL,PARTICULAR,237,6,2026
7079,SAO CARLOS,6599-2,CONDUZIR O VEICULO REGISTRADO QUE NAO ESTEJA DEVIDAMENTE LICENCIADO,SP,AUTOMOVEL,PARTICULAR,6,6,2026
6313,CARAPICUIBA,5819-1,"TRANSITAR COM O VEICULO EM CALCADAS, PASSEIOS",SP,AUTOMOVEL,PARTICULAR,1,6,2026
6573,ITIRAPINA,5029-2,DIRIGIR VEICULO COM CNH/PPD/ACC COM SUSPENSAO DO DIREITO DE DIRIGIR,SP,AUTOMOVEL,PARTICULAR,1,6,2026
6771,NOVO HORIZONTE,6726-1,"CONDUZIR O VEICULO EM MAU ESTADO DE CONSERVACAO, COMPROMETENDO A SEGURANCA",SP,AUTOMOVEL,PARTICULAR,1,6,2026
6639,LIMEIRA,6599-2,CONDUZIR O VEICULO REGISTRADO QUE NAO ESTEJA DEVIDAMENTE LICENCIADO,SP,MOTOCICLO,PARTICULAR,20,6,2026
7107,SAO PAULO,7366-2,DIRIGIR VEICULO UTILIZANDO-SE DE TELEFONE CELULAR,SP,MICROONIB,ALUGUEL,1,6,2026
6469,GUARATINGUETA,5835-0,Desobedecer as ordens emanadas da autorid compet de transito ou de seus agentes,SP,MOTOCICLO,PARTICULAR,1,6,2026
7273,VARGEM GRANDE PAULISTA,7633-2,Dirigir veiculo manuseando telefone celular,SP,CAMINHONET,PARTICULAR,1,6,2026
7107,SAO PAULO,7633-1,Dirigir veiculo segurando telefone celular,Outras UFs,CAMIONETA,PARTICULAR,1,6,2026
7149,SUMARE,7340-0,DIRIGIR O VEIC USANDO CALCADO QUE N SE FIRME NOS PES/COMPROMETA UTILIZ PEDAIS,SP,MOTOCICLO,PARTICULAR,1,6,2026
6189,AVARE,7366-2,DIRIGIR VEICULO UTILIZANDO-SE DE TELEFONE CELULAR,SP,AUTOMOVEL,PARTICULAR,1,6,2026
6563,ITAQUAQUECETUBA,7633-2,Dirigir veiculo manuseando telefone celular,SP,AUTOMOVEL,PARTICULAR,1,6,2026
6639,LIMEIRA,6726-1,"CONDUZIR O VEICULO EM MAU ESTADO DE CONSERVACAO, COMPROMETENDO A SEGURANCA",SP,CAMINHAO,PARTICULAR,1,6,2026
6639,LIMEIRA,6637-1,CONDUZIR O VEICULO SEM EQUIPAMENTO OBRIGATORIO,SP,MOTOCICLO,PARTICULAR,4,6,2026
6639,LIMEIRA,7340-0,DIRIGIR O VEIC USANDO CALCADO QUE N SE FIRME NOS PES/COMPROMETA UTILIZ PEDAIS,SP,MOTOCICLO,PARTICULAR,1,6,2026
7107,SAO PAULO,5002-0,"Multa, por nao identificacao do condutor infrator, imposta a pessoa juridica",SP,TRICICLO,PARTICULAR,1,6,2026
6475,GUARUJA,7366-2,DIRIGIR VEICULO UTILIZANDO-SE DE TELEFONE CELULAR,SP,AUTOMOVEL,PARTICULAR,1,6,2026
7107,SAO PAULO,5185-2,Deixar o passageiro de usar o cinto seguranca,SP,CAMIONETA,ALUGUEL,1,6,2026
7107,SAO PAULO,6610-2,CONDUZIR O VEICULO COM CARACTERISTICA ALTERADA,SP,MOTOCICLO,PARTICULAR,2,6,2026
6425,FRANCA,6599-2,CONDUZIR O VEICULO REGISTRADO QUE NAO ESTEJA DEVIDAMENTE LICENCIADO,SP,AUTOMOVEL,PARTICULAR,4,6,2026
6795,OURINHOS,6637-2,CONDUZIR O VEICULO COM EQUIPAMENTO OBRIGATORIO INEFICIENTE/INOPERANTE,SP,MOTOCICLO,PARTICULAR,2,6,2026
6177,ARUJA,6599-2,CONDUZIR O VEICULO REGISTRADO QUE NAO ESTEJA DEVIDAMENTE LICENCIADO,SP,CAMINHAO,PARTICULAR,1,6,2026
6209,BARRETOS,6645-0,CONDUZIR O VEICULO COM EQUIP OBRIGATORIO EM DESACORDO COM O ESTAB PELO CONTRAN,SP,MOTOCICLO,PARTICULAR,1,6,2026
7107,SAO PAULO,6769-0,"CONDUZIR VEIC C/ DEFEITO NO SIST DE ILUMINACAO, SINALIZ OU LAMPADAS QUEIMADAS",SP,UTILITARIO,PARTICULAR,1,6,2026
2961,EMILIANOPOLIS,6564-0,CONDUZIR O VEICULO TRANSPORTANDO PASSAGEIROS EM COMPARTIMENTO DE CARGA,SP,CAMINHONET,PARTICULAR,1,6,2026
7079,SAO CARLOS,6599-2,CONDUZIR O VEICULO REGISTRADO QUE NAO ESTEJA DEVIDAMENTE LICENCIADO,SP,CAMIONETA,PARTICULAR,1,6,2026
7107,SAO PAULO,5681-0,TRANSITAR NA FAIXA/PISTA DA DIREITA REGUL CIRCULACAO EXCLUSIVA DETERM VEICULO,SP,UTILITARIO,PARTICULAR,1,6,2026
6401,EMBU DAS ARTES,5185-1,Deixar o condutor de usar o cinto seguranca,SP,AUTOMOVEL,PARTICULAR,1,6,2026
6789,OSASCO,7684-2,Cond motoc/moton/ciclom c/ util cap de seg c/ vis/ocul prot des c/ regul Contran,SP,MOTOCICLO,PARTICULAR,2,6,2026
6953,REGISTRO,5185-1,Deixar o condutor de usar o cinto seguranca,SP,AUTOMOVEL,PARTICULAR,1,6,2026
7005,SALTO,6050-1,AVAN O SIN VERM DO SEMAF EXC SE HOUVER SINALIZ PERM LIVRE CONV A DIR,SP,AUTOMOVEL,PARTICULAR,1,6,2026
7107,SAO PAULO,6920-1,"Deixar de efetuar registro do veiculo em 30 dias, qdo for transf a propriedade",SP,CAMINHAO,PARTICULAR,8,6,2026
6209,BARRETOS,6726-1,"CONDUZIR O VEICULO EM MAU ESTADO DE CONSERVACAO, COMPROMETENDO A SEGURANCA",SP,MOTOCICLO,PARTICULAR,1,6,2026
7175,TAQUARITINGA,6599-2,CONDUZIR O VEICULO REGISTRADO QUE NAO ESTEJA DEVIDAMENTE LICENCIADO,SP,MOTONETA,PARTICULAR,1,6,2026
7057,SANTO ANDRE,6599-2,CONDUZIR O VEICULO REGISTRADO QUE NAO ESTEJA DEVIDAMENTE LICENCIADO,SP,MOTOCICLO,PARTICULAR,1,6,2026
6619,JUNDIAI,6580-0,CONDUZIR O VEICULO SEM QUALQUER UMA DAS PLACAS DE IDENTIFICACAO,SP,AUTOMOVEL,PARTICULAR,2,6,2026
6707,MIRASSOL,6700-0,"CONDUZIR VEIC COM VIDRO TOTAL/PARCIALMENTE COBERTO POR PELICULA, PAINEIS/PINTURA",SP,AUTOMOVEL,PARTICULAR,1,6,2026
7083,SAO JOAO DA BOA VISTA,5045-0,DIRIGIR VEICULO COM VALIDADE DE CNH/PPD VENCIDA HA MAIS DE 30 DIAS,SP,MOTONETA,PARTICULAR,1,6,2026
6177,ARUJA,6408-0,PORTAR NO VEICULO PLACAS DE IDENTIFICACAO EM DESACORDO C/ ESPECIF/MODELO CONTRAN,SP,MOTOCICLO,PARTICULAR,1,6,2026
6131,AMERICANA,7633-2,Dirigir veiculo manuseando telefone celular,SP,CAMINHONET,PARTICULAR,1,6,2026
7107,SAO PAULO,6017-4,EXECUTAR OPERACAO DE RETORNO PASSANDO POR CIMA DE CANTEIRO DE DIVISOR DE PISTA,SP,MOTOCICLO,PARTICULAR,1,6,2026
7107,SAO PAULO,6483-0,USAR BUZINA QUE NAO A DE TOQUE BREVE COMO ADVERTENCIA A PEDESTRE OU CONDUTORES,SP,MICROONIB,PARTICULAR,1,6,2026
7107,SAO PAULO,5207-0,Dirigir sem atencao ou sem os cuidados indispensaveis a seguranca,SP,MOTOCICLO,PARTICULAR,4,6,2026
7017,SANTA BARBARA DO OESTE,5185-1,Deixar o condutor de usar o cinto seguranca,SP,AUTOMOVEL,PARTICULAR,1,6,2026
6969,RIBEIRAO PRETO,7030-1,Conduzir motoc/moton/ciclom s/ capacete de seguranca,SP,MOTOCICLO,PARTICULAR,1,6,2026
6549,ITAPEVA,6599-2,CONDUZIR O VEICULO REGISTRADO QUE NAO ESTEJA DEVIDAMENTE LICENCIADO,SP,MOTONETA,PARTICULAR,1,6,2026
6179,ASSIS,5010-0,DIRIGIR VEICULO SEM POSSUIR CNH/PPD/ACC,SP,MOTONETA,PARTICULAR,1,6,2026
6261,BURI,6637-1,CONDUZIR O VEICULO SEM EQUIPAMENTO OBRIGATORIO,SP,MOTOCICLO,PARTICULAR,1,6,2026
7183,TAUBATE,7633-2,Dirigir veiculo manuseando telefone celular,SP,AUTOMOVEL,PARTICULAR,2,6,2026
7145,SOROCABA,7633-2,Dirigir veiculo manuseando telefone celular,SP,CAMINHONET,PARTICULAR,3,6,2026
7107,SAO PAULO,6580-0,CONDUZIR O VEICULO SEM QUALQUER UMA DAS PLACAS DE IDENTIFICACAO,SP,AUTOMOVEL,PARTICULAR,8,6,2026
7107,SAO PAULO,5010-0,DIRIGIR VEICULO SEM POSSUIR CNH/PPD/ACC,SP,MOTOCICLO,ALUGUEL,1,6,2026
7245,VOTUPORANGA,6912-0,CONDUZIR VEICULO SEM OS DOCUMENTOS DE PORTE OBRIGATORIO REFERIDOS NO CTB,SP,MOTOCICLO,PARTICULAR,1,6,2026
6377,DIADEMA,5010-0,DIRIGIR VEICULO SEM POSSUIR CNH/PPD/ACC,SP,MOTOCICLO,PARTICULAR,1,6,2026
7075,SAO BERNARDO DO CAMPO,5274-2,UTILIZ VEIC DEM/EXIBIR MANOB PERIG MED DERRAP/FRENAG C/DESLIZ/ARRAST PNEUS,SP,MOTOCICLO,PARTICULAR,1,6,2026
7075,SAO BERNARDO DO CAMPO,7340-0,DIRIGIR O VEIC USANDO CALCADO QUE N SE FIRME NOS PES/COMPROMETA UTILIZ PEDAIS,SP,MOTOCICLO,PARTICULAR,1,6,2026
6409,FARTURA,5800-0,DEIXAR GUARDAR DIST SEGURANCA LAT/FRONT ENTRE SEU VEIC E DEMAIS E AO BORDO PISTA,SP,MOTOCICLO,PARTICULAR,1,6,2026
6177,ARUJA,5185-1,Deixar o condutor de usar o cinto seguranca,SP,AUTOMOVEL,PARTICULAR,1,6,2026
7075,SAO BERNARDO DO CAMPO,6050-1,AVAN O SIN VERM DO SEMAF EXC SE HOUVER SINALIZ PERM LIVRE CONV A DIR,SP,CAMINHONET,PARTICULAR,1,6,2026
6425,FRANCA,5010-0,DIRIGIR VEICULO SEM POSSUIR CNH/PPD/ACC,SP,AUTOMOVEL,PARTICULAR,1,6,2026
798,GAVIAO PEIXOTO,6050-2,AVANCAR O SINAL DE PARADA OBRIGATORIA,SP,CAMIONETA,PARTICULAR,1,6,2026
6545,ITAPECERICA DA SERRA,7056-1,CONDUZIR MOTOC/MOTON/CICLOMOTOR FAZENDO MALABARISMO/EQUILIBRANDO-SE EM UMA RODA,SP,MOTOCICLO,PARTICULAR,1,6,2026
6619,JUNDIAI,5185-1,Deixar o condutor de usar o cinto seguranca,SP,AUTOMOVEL,PARTICULAR,4,6,2026
6251,BRAGANCA PAULISTA,7340-0,DIRIGIR O VEIC USANDO CALCADO QUE N SE FIRME NOS PES/COMPROMETA UTILIZ PEDAIS,SP,MOTOCICLO,PARTICULAR,1,6,2026
6905,PONTAL,5819-1,"TRANSITAR COM O VEICULO EM CALCADAS, PASSEIOS",SP,MOTOCICLO,PARTICULAR,1,6,2026
7083,SAO JOAO DA BOA VISTA,6726-1,"CONDUZIR O VEICULO EM MAU ESTADO DE CONSERVACAO, COMPROMETENDO A SEGURANCA",SP,MOTONETA,PARTICULAR,1,6,2026
7107,SAO PAULO,6050-1,AVAN O SIN VERM DO SEMAF EXC SE HOUVER SINALIZ PERM LIVRE CONV A DIR,SP,CAMIONETA,PARTICULAR,9,6,2026
6131,AMERICANA,6050-1,AVAN O SIN VERM DO SEMAF EXC SE HOUVER SINALIZ PERM LIVRE CONV A DIR,SP,AUTOMOVEL,PARTICULAR,1,6,2026
6673,MANDURI,5010-0,DIRIGIR VEICULO SEM POSSUIR CNH/PPD/ACC,SP,AUTOMOVEL,PARTICULAR,1,6,2026
6291,CAMPINAS,6599-2,CONDUZIR O VEICULO REGISTRADO QUE NAO ESTEJA DEVIDAMENTE LICENCIADO,SP,MOTOCICLO,PARTICULAR,3,6,2026
7243,VOTORANTIM,7633-1,Dirigir veiculo segurando telefone celular,SP,MOTOCICLO,PARTICULAR,1,6,2026
7145,SOROCABA,5185-1,Deixar o condutor de usar o cinto seguranca,SP,AUTOMOVEL,PARTICULAR,5,6,2026
6817,PARANAPANEMA,6726-1,"CONDUZIR O VEICULO EM MAU ESTADO DE CONSERVACAO, COMPROMETENDO A SEGURANCA",Outras UFs,AUTOMOVEL,PARTICULAR,1,6,2026
7107,SAO PAULO,7110-0,CONDUZIR CICLO TRANSPORTANDO PASSAGEIRO FORA DA GARUPA/ASSENTO A ELE DESTINADO,SP,MOTOCICLO,PARTICULAR,1,6,2026
6573,ITIRAPINA,6599-2,CONDUZIR O VEICULO REGISTRADO QUE NAO ESTEJA DEVIDAMENTE LICENCIADO,SP,AUTOMOVEL,PARTICULAR,1,6,2026
7017,SANTA BARBARA DO OESTE,6050-1,AVAN O SIN VERM DO SEMAF EXC SE HOUVER SINALIZ PERM LIVRE CONV A DIR,SP,UTILITARIO,PARTICULAR,1,6,2026
6787,ORLANDIA,6599-2,CONDUZIR O VEICULO REGISTRADO QUE NAO ESTEJA DEVIDAMENTE LICENCIADO,SP,AUTOMOVEL,PARTICULAR,1,6,2026
6155,ARACATUBA,6130-0,DEIXAR DE DAR PREFERENCIA A PEDESTRE/VEIC N MOT QUE N HAJA CONCLUIDO A TRAVESSIA,SP,AUTOMOVEL,PARTICULAR,1,6,2026
7183,TAUBATE,6599-2,CONDUZIR O VEICULO REGISTRADO QUE NAO ESTEJA DEVIDAMENTE LICENCIADO,SP,MOTOCICLO,PARTICULAR,1,6,2026
6843,PEDREIRA,6653-1,CONDUZIR O VEICULO COM DESCARGA LIVRE,SP,MOTOCICLO,PARTICULAR,4,6,2026
7107,SAO PAULO,5002-0,"Multa, por nao identificacao do condutor infrator, imposta a pessoa juridica",SP,AUTOMOVEL,OFICIAL,1,6,2026
7107,SAO PAULO,7684-2,Cond motoc/moton/ciclom c/ util cap de seg c/ vis/ocul prot des c/ regul Contran,SP,MOTOCICLO,PARTICULAR,51,6,2026
6475,GUARUJA,6599-2,CONDUZIR O VEICULO REGISTRADO QUE NAO ESTEJA DEVIDAMENTE LICENCIADO,SP,MOTOCICLO,PARTICULAR,1,6,2026
7145,SOROCABA,7234-0,"EM MOVIMENTO, DEIXAR DE MANTER ACESA A LUZ BAIXA DURANTE A NOITE",SP,AUTOMOVEL,PARTICULAR,2,6,2026
7107,SAO PAULO,7285-0,"EM MOVIMENTO, DEIXAR DE MANTER A PLACA TRASEIRA ILUMINADA A NOITE",SP,AUTOMOVEL,PARTICULAR,2,6,2026
7107,SAO PAULO,5010-0,DIRIGIR VEICULO SEM POSSUIR CNH/PPD/ACC,SP,MOTONETA,PARTICULAR,9,6,2026
6621,JUNQUEIROPOLIS,5010-0,DIRIGIR VEICULO SEM POSSUIR CNH/PPD/ACC,SP,MOTONETA,PARTICULAR,1,6,2026
7121,SAO VICENTE,5738-0,TRANSITAR PELA CONTRAMAO DE DIRECAO EM VIA C/ SINALIZACAO DE REGUL SENTIDO UNICO,SP,MOTOCICLO,PARTICULAR,1,6,2026
6131,AMERICANA,7633-2,Dirigir veiculo manuseando telefone celular,SP,AUTOMOVEL,PARTICULAR,2,6,2026
6875,PIRACICABA,6599-2,CONDUZIR O VEICULO REGISTRADO QUE NAO ESTEJA DEVIDAMENTE LICENCIADO,SP,AUTOMOVEL,PARTICULAR,1,6,2026
7237,VINHEDO,5118-0,PERMITIR POSSE/CONDUCAO DO VEICULO A PESSOA SEM CNH/PPD/ACC,SP,AUTOMOVEL,PARTICULAR,1,6,2026
7107,SAO PAULO,5967-0,"ULTRAPASSAR PELA CONTRAMAO LINHA DE DIVISAO DE FLUXOS OPOSTOS, CONTINUA AMARELA",SP,AUTOMOVEL,PARTICULAR,2,6,2026
2969,ILHA COMPRIDA,6599-2,CONDUZIR O VEICULO REGISTRADO QUE NAO ESTEJA DEVIDAMENTE LICENCIADO,SP,AUTOMOVEL,PARTICULAR,1,6,2026
6979,RIO CLARO,6726-1,"CONDUZIR O VEICULO EM MAU ESTADO DE CONSERVACAO, COMPROMETENDO A SEGURANCA",SP,MOTONETA,PARTICULAR,1,6,2026
6189,AVARE,5185-1,Deixar o condutor de usar o cinto seguranca,SP,CAMINHONET,PARTICULAR,1,6,2026
6789,OSASCO,6041-2,EXECUTAR OPERACAO DE CONVERSAO A ESQUERDA EM LOCAL PROIBIDO PELA SINALIZACAO,SP,AUTOMOVEL,PARTICULAR,1,6,2026
6639,LIMEIRA,5193-0,Transportar crianca sem observancia das normas de seguranca estabelecidas p/ CTB,SP,AUTOMOVEL,PARTICULAR,1,6,2026
7181,TATUI,5045-0,DIRIGIR VEICULO COM VALIDADE DE CNH/PPD VENCIDA HA MAIS DE 30 DIAS,SP,MOTOCICLO,PARTICULAR,1,6,2026
7107,SAO PAULO,6920-1,"Deixar de efetuar registro do veiculo em 30 dias, qdo for transf a propriedade",SP,AUTOMOVEL,PARTICULAR,398,6,2026
7107,SAO PAULO,5843-4,"Deixar de indicar c/ antec, med gesto de braco/luz indicadora, mudanca de faixa",SP,AUTOMOVEL,PARTICULAR,11,6,2026
6587,JABOTICABAL,5215-2,Dirigir ameacando os demais veiculos,SP,MOTOCICLO,PARTICULAR,1,6,2026
7107,SAO PAULO,7030-1,Conduzir motoc/moton/ciclom s/ capacete de seguranca,SP,MOTONETA,PARTICULAR,3,6,2026
6509,ILHABELA,6637-1,CONDUZIR O VEICULO SEM EQUIPAMENTO OBRIGATORIO,SP,MOTOCICLO,PARTICULAR,1,6,2026
7145,SOROCABA,6041-2,EXECUTAR OPERACAO DE CONVERSAO A ESQUERDA EM LOCAL PROIBIDO PELA SINALIZACAO,SP,CAMINHONET,PARTICULAR,1,6,2026
7107,SAO PAULO,7684-2,Cond motoc/moton/ciclom c/ util cap de seg c/ vis/ocul prot des c/ regul Contran,Outras UFs,MOTOCICLO,PARTICULAR,1,6,2026
7107,SAO PAULO,6602-0,CONDUZIR O VEICULO COM QUALQUER UMA DAS PLACAS SEM LEGIBILIDADE E VISIBILIDADE,SP,CAMINHONET,OFICIAL,1,6,2026
7107,SAO PAULO,6920-1,"Deixar de efetuar registro do veiculo em 30 dias, qdo for transf a propriedade",SP,CAMINHAO,ALUGUEL,10,6,2026
6867,PINHALZINHO,5835-0,Desobedecer as ordens emanadas da autorid compet de transito ou de seus agentes,SP,AUTOMOVEL,PARTICULAR,1,6,2026
6357,COSMOPOLIS,5045-0,DIRIGIR VEICULO COM VALIDADE DE CNH/PPD VENCIDA HA MAIS DE 30 DIAS,SP,MOTONETA,PARTICULAR,1,6,2026
7107,SAO PAULO,6408-0,PORTAR NO VEICULO PLACAS DE IDENTIFICACAO EM DESACORDO C/ ESPECIF/MODELO CONTRAN,SP,CAMINHAO,ALUGUEL,1,6,2026
7107,SAO PAULO,6050-2,AVANCAR O SINAL DE PARADA OBRIGATORIA,SP,UTILITARIO,PARTICULAR,1,6,2026
7107,SAO PAULO,7633-1,Dirigir veiculo segurando telefone celular,SP,MICROONIB,ALUGUEL,1,6,2026
6639,LIMEIRA,5029-2,DIRIGIR VEICULO COM CNH/PPD/ACC COM SUSPENSAO DO DIREITO DE DIRIGIR,SP,MOTOCICLO,PARTICULAR,2,6,2026
7183,TAUBATE,6599-2,CONDUZIR O VEICULO REGISTRADO QUE NAO ESTEJA DEVIDAMENTE LICENCIADO,SP,AUTOMOVEL,PARTICULAR,1,6,2026
7145,SOROCABA,6580-0,CONDUZIR O VEICULO SEM QUALQUER UMA DAS PLACAS DE IDENTIFICACAO,SP,MOTOCICLO,PARTICULAR,1,6,2026
6291,CAMPINAS,5738-0,TRANSITAR PELA CONTRAMAO DE DIRECAO EM VIA C/ SINALIZACAO DE REGUL SENTIDO UNICO,SP,CAMIONETA,PARTICULAR,1,6,2026
7107,SAO PAULO,7331-0,DIRIGIR O VEICULO COM INCAPACIDADE FISICA OU MENTAL TEMPORARIA,SP,MOTOCICLO,PARTICULAR,1,6,2026
6717,MOGI-MIRIM,7056-1,CONDUZIR MOTOC/MOTON/CICLOMOTOR FAZENDO MALABARISMO/EQUILIBRANDO-SE EM UMA RODA,SP,MOTOCICLO,PARTICULAR,1,6,2026
6755,NIPOA,7579-0,"REC SUB TEST, EX CLIN, PERIC OU PROC Q PERM CERT INFL ALC/SUB PSIC FOR ART. 277",SP,AUTOMOVEL,PARTICULAR,1,6,2026
7107,SAO PAULO,6041-2,EXECUTAR OPERACAO DE CONVERSAO A ESQUERDA EM LOCAL PROIBIDO PELA SINALIZACAO,SP,AUTOMOVEL,PARTICULAR,4,6,2026
6795,OURINHOS,7056-1,CONDUZIR MOTOC/MOTON/CICLOMOTOR FAZENDO MALABARISMO/EQUILIBRANDO-SE EM UMA RODA,SP,MOTOCICLO,PARTICULAR,1,6,2026
7075,SAO BERNARDO DO CAMPO,6050-1,AVAN O SIN VERM DO SEMAF EXC SE HOUVER SINALIZ PERM LIVRE CONV A DIR,SP,MOTONETA,PARTICULAR,1,6,2026
6493,IBITINGA,6599-2,CONDUZIR O VEICULO REGISTRADO QUE NAO ESTEJA DEVIDAMENTE LICENCIADO,SP,AUTOMOVEL,PARTICULAR,1,6,2026
7135,SERTAOZINHO,6769-0,"CONDUZIR VEIC C/ DEFEITO NO SIST DE ILUMINACAO, SINALIZ OU LAMPADAS QUEIMADAS",SP,AUTOMOVEL,PARTICULAR,1,6,2026
7157,TABOAO DA SERRA,6726-1,"CONDUZIR O VEICULO EM MAU ESTADO DE CONSERVACAO, COMPROMETENDO A SEGURANCA",SP,MOTOCICLO,PARTICULAR,1,6,2026
7035,SANTA GERTRUDES,6599-2,CONDUZIR O VEICULO REGISTRADO QUE NAO ESTEJA DEVIDAMENTE LICENCIADO,SP,MOTOCICLO,PARTICULAR,1,6,2026
6477,GUARULHOS,6599-2,CONDUZIR O VEICULO REGISTRADO QUE NAO ESTEJA DEVIDAMENTE LICENCIADO,SP,UTILITARIO,PARTICULAR,1,6,2026
7107,SAO PAULO,5738-0,TRANSITAR PELA CONTRAMAO DE DIRECAO EM VIA C/ SINALIZACAO DE REGUL SENTIDO UNICO,SP,MOTONETA,PARTICULAR,2,6,2026
7099,SAO JOSE DOS CAMPOS,5738-0,TRANSITAR PELA CONTRAMAO DE DIRECAO EM VIA C/ SINALIZACAO DE REGUL SENTIDO UNICO,SP,MOTOCICLO,PARTICULAR,2,6,2026
6283,CAIUA,7579-0,"REC SUB TEST, EX CLIN, PERIC OU PROC Q PERM CERT INFL ALC/SUB PSIC FOR ART. 277",SP,AUTOMOVEL,PARTICULAR,1,6,2026
6229,BIRIGUI,7340-0,DIRIGIR O VEIC USANDO CALCADO QUE N SE FIRME NOS PES/COMPROMETA UTILIZ PEDAIS,SP,MOTOCICLO,PARTICULAR,1,6,2026
7107,SAO PAULO,6637-2,CONDUZIR O VEICULO COM EQUIPAMENTO OBRIGATORIO INEFICIENTE/INOPERANTE,SP,AUTOMOVEL,PARTICULAR,5,6,2026
6375,DESCALVADO,6530-0,USAR NO VEICULO EQUIP C/ SOM EM VOLUME/FREQUENCIA NAO AUTORIZADOS PELO CONTRAN,SP,CAMINHONET,PARTICULAR,1,6,2026
6177,ARUJA,7684-1,Cond motoc/moton/ciclom c/ util cap de seg s/ vis/ocul prot,SP,MOTOCICLO,PARTICULAR,1,6,2026
7135,SERTAOZINHO,5819-1,"TRANSITAR COM O VEICULO EM CALCADAS, PASSEIOS",SP,MOTOCICLO,PARTICULAR,1,6,2026
7083,SAO JOAO DA BOA VISTA,5967-0,"ULTRAPASSAR PELA CONTRAMAO LINHA DE DIVISAO DE FLUXOS OPOSTOS, CONTINUA AMARELA",Outras UFs,CAMINHAO,PARTICULAR,1,6,2026
7107,SAO PAULO,7072-1,CONDUZIR MOTOC/MOTON/CICLOM TRANSP CRIANCA MENOR DE 10 ANOS DE IDADE,SP,MOTOCICLO,PARTICULAR,1,6,2026
6241,BOM JESUS DOS PERDOES,5185-1,Deixar o condutor de usar o cinto seguranca,SP,AUTOMOVEL,PARTICULAR,1,6,2026
6587,JABOTICABAL,5274-2,UTILIZ VEIC DEM/EXIBIR MANOB PERIG MED DERRAP/FRENAG C/DESLIZ/ARRAST PNEUS,SP,MOTOCICLO,PARTICULAR,1,6,2026
6969,RIBEIRAO PRETO,7633-2,Dirigir veiculo manuseando telefone celular,SP,AUTOMOVEL,PARTICULAR,3,6,2026
7107,SAO PAULO,5843-3,"Deixar de indicar c/ antec, med gesto de braco/luz indicadora, mudanca direcao",SP,CAMINHONET,PARTICULAR,1,6,2026
6887,PIRASSUNUNGA,5185-1,Deixar o condutor de usar o cinto seguranca,SP,AUTOMOVEL,PARTICULAR,1,6,2026
7149,SUMARE,7030-1,Conduzir motoc/moton/ciclom s/ capacete de seguranca,SP,MOTOCICLO,PARTICULAR,1,6,2026
6251,BRAGANCA PAULISTA,6050-1,AVAN O SIN VERM DO SEMAF EXC SE HOUVER SINALIZ PERM LIVRE CONV A DIR,Outras UFs,CAMINHAO,ALUGUEL,1,6,2026
7245,VOTUPORANGA,6599-2,CONDUZIR O VEICULO REGISTRADO QUE NAO ESTEJA DEVIDAMENTE LICENCIADO,SP,MOTOCICLO,PARTICULAR,1,6,2026
7057,SANTO ANDRE,5185-1,Deixar o condutor de usar o cinto seguranca,Outras UFs,AUTOMOVEL,PARTICULAR,1,6,2026
6905,PONTAL,7340-0,DIRIGIR O VEIC USANDO CALCADO QUE N SE FIRME NOS PES/COMPROMETA UTILIZ PEDAIS,SP,MOTOCICLO,PARTICULAR,1,6,2026
2967,CAJATI,5193-0,Transportar crianca sem observancia das normas de seguranca estabelecidas p/ CTB,SP,AUTOMOVEL,PARTICULAR,1,6,2026
7107,SAO PAULO,5843-4,"Deixar de indicar c/ antec, med gesto de braco/luz indicadora, mudanca de faixa",Outras UFs,AUTOMOVEL,PARTICULAR,1,6,2026
7107,SAO PAULO,6645-0,CONDUZIR O VEICULO COM EQUIP OBRIGATORIO EM DESACORDO COM O ESTAB PELO CONTRAN,SP,ONIBUS,ALUGUEL,1,6,2026
6619,JUNDIAI,5193-0,Transportar crianca sem observancia das normas de seguranca estabelecidas p/ CTB,SP,AUTOMOVEL,PARTICULAR,1,6,2026
6291,CAMPINAS,6610-2,CONDUZIR O VEICULO COM CARACTERISTICA ALTERADA,SP,MOTOCICLO,PARTICULAR,1,6,2026
6285,CAJAMAR,6599-2,CONDUZIR O VEICULO REGISTRADO QUE NAO ESTEJA DEVIDAMENTE LICENCIADO,SP,MOTOCICLO,PARTICULAR,1,6,2026
6969,RIBEIRAO PRETO,5118-0,PERMITIR POSSE/CONDUCAO DO VEICULO A PESSOA SEM CNH/PPD/ACC,SP,MOTONETA,PARTICULAR,1,6,2026
6619,JUNDIAI,6530-0,USAR NO VEICULO EQUIP C/ SOM EM VOLUME/FREQUENCIA NAO AUTORIZADOS PELO CONTRAN,SP,CAMINHONET,PARTICULAR,1,6,2026
6619,JUNDIAI,7633-1,Dirigir veiculo segurando telefone celular,Outras UFs,CAMIONETA,PARTICULAR,1,6,2026
6451,GUAPIACU,5738-0,TRANSITAR PELA CONTRAMAO DE DIRECAO EM VIA C/ SINALIZACAO DE REGUL SENTIDO UNICO,SP,AUTOMOVEL,PARTICULAR,1,6,2026
6511,INDAIATUBA,5010-0,DIRIGIR VEICULO SEM POSSUIR CNH/PPD/ACC,SP,CAMIONETA,PARTICULAR,1,6,2026
6221,BEBEDOURO,6653-2,CONDUZIR O VEICULO COM SILENCIADOR DE MOTOR DEFEITUOSO/DEFICIENTE/INOPERANTE,SP,MOTOCICLO,PARTICULAR,2,6,2026
6469,GUARATINGUETA,7030-1,Conduzir motoc/moton/ciclom s/ capacete de seguranca,SP,MOTOCICLO,PARTICULAR,1,6,2026
6291,CAMPINAS,7633-2,Dirigir veiculo manuseando telefone celular,SP,AUTOMOVEL,PARTICULAR,3,6,2026
7057,SANTO ANDRE,6580-0,CONDUZIR O VEICULO SEM QUALQUER UMA DAS PLACAS DE IDENTIFICACAO,SP,AUTOMOVEL,PARTICULAR,1,6,2026
6477,GUARULHOS,7340-0,DIRIGIR O VEIC USANDO CALCADO QUE N SE FIRME NOS PES/COMPROMETA UTILIZ PEDAIS,SP,MOTOCICLO,PARTICULAR,1,6,2026
6475,GUARUJA,7366-2,DIRIGIR VEICULO UTILIZANDO-SE DE TELEFONE CELULAR,SP,MOTOCICLO,PARTICULAR,1,6,2026
6425,FRANCA,7684-2,Cond motoc/moton/ciclom c/ util cap de seg c/ vis/ocul prot des c/ regul Contran,SP,MOTOCICLO,PARTICULAR,1,6,2026
7145,SOROCABA,6408-0,PORTAR NO VEICULO PLACAS DE IDENTIFICACAO EM DESACORDO C/ ESPECIF/MODELO CONTRAN,SP,MOTOCICLO,PARTICULAR,2,6,2026
6619,JUNDIAI,7684-2,Cond motoc/moton/ciclom c/ util cap de seg c/ vis/ocul prot des c/ regul Contran,SP,MOTOCICLO,PARTICULAR,3,6,2026
6601,JANDIRA,7030-1,Conduzir motoc/moton/ciclom s/ capacete de seguranca,SP,MOTOCICLO,PARTICULAR,2,6,2026
7121,SAO VICENTE,6599-2,CONDUZIR O VEICULO REGISTRADO QUE NAO ESTEJA DEVIDAMENTE LICENCIADO,SP,MOTONETA,PARTICULAR,1,6,2026
2971,UBARANA,7056-1,CONDUZIR MOTOC/MOTON/CICLOMOTOR FAZENDO MALABARISMO/EQUILIBRANDO-SE EM UMA RODA,SP,MOTOCICLO,PARTICULAR,1,6,2026
6165,ARARAS,6726-1,"CONDUZIR O VEICULO EM MAU ESTADO DE CONSERVACAO, COMPROMETENDO A SEGURANCA",SP,MOTOCICLO,PARTICULAR,1,6,2026
6611,JOANOPOLIS,7366-2,DIRIGIR VEICULO UTILIZANDO-SE DE TELEFONE CELULAR,SP,AUTOMOVEL,PARTICULAR,1,6,2026
6179,ASSIS,7633-2,Dirigir veiculo manuseando telefone celular,SP,CAMINHONET,PARTICULAR,1,6,2026
7107,SAO PAULO,5002-0,"Multa, por nao identificacao do condutor infrator, imposta a pessoa juridica",SP,MICROONIB,PARTICULAR,1,6,2026
7107,SAO PAULO,5002-0,"Multa, por nao identificacao do condutor infrator, imposta a pessoa juridica",Outras UFs,CAMINHAO,PARTICULAR,1,6,2026
7107,SAO PAULO,6050-2,AVANCAR O SINAL DE PARADA OBRIGATORIA,Outras UFs,C. TRATOR,,1,6,2026
2993,POTIM,5819-1,"TRANSITAR COM O VEICULO EM CALCADAS, PASSEIOS",SP,MOTOCICLO,PARTICULAR,1,6,2026
6639,LIMEIRA,6602-0,CONDUZIR O VEICULO COM QUALQUER UMA DAS PLACAS SEM LEGIBILIDADE E VISIBILIDADE,SP,CAMINHAO,PARTICULAR,1,6,2026
6343,COLOMBIA,6599-2,CONDUZIR O VEICULO REGISTRADO QUE NAO ESTEJA DEVIDAMENTE LICENCIADO,SP,AUTOMOVEL,PARTICULAR,2,6,2026
6377,DIADEMA,6769-0,"CONDUZIR VEIC C/ DEFEITO NO SIST DE ILUMINACAO, SINALIZ OU LAMPADAS QUEIMADAS",SP,AUTOMOVEL,PARTICULAR,1,6,2026
6639,LIMEIRA,6599-2,CONDUZIR O VEICULO REGISTRADO QUE NAO ESTEJA DEVIDAMENTE LICENCIADO,SP,MOTONETA,PARTICULAR,3,6,2026
6853,PERUIBE,7331-0,DIRIGIR O VEICULO COM INCAPACIDADE FISICA OU MENTAL TEMPORARIA,SP,MOTOCICLO,PARTICULAR,1,6,2026
6969,RIBEIRAO PRETO,6726-1,"CONDUZIR O VEICULO EM MAU ESTADO DE CONSERVACAO, COMPROMETENDO A SEGURANCA",SP,CAMIONETA,PARTICULAR,1,6,2026
6619,JUNDIAI,7633-1,Dirigir veiculo segurando telefone celular,SP,AUTOMOVEL,PARTICULAR,1,6,2026
7017,SANTA BARBARA DO OESTE,7633-1,Dirigir veiculo segurando telefone celular,SP,AUTOMOVEL,PARTICULAR,1,6,2026
7107,SAO PAULO,5681-0,TRANSITAR NA FAIXA/PISTA DA DIREITA REGUL CIRCULACAO EXCLUSIVA DETERM VEICULO,SP,CAMINHAO,PARTICULAR,1,6,2026
6229,BIRIGUI,7684-2,Cond motoc/moton/ciclom c/ util cap de seg c/ vis/ocul prot des c/ regul Contran,SP,MOTOCICLO,PARTICULAR,1,6,2026
798,GAVIAO PEIXOTO,5967-0,"ULTRAPASSAR PELA CONTRAMAO LINHA DE DIVISAO DE FLUXOS OPOSTOS, CONTINUA AMARELA",SP,AUTOMOVEL,PARTICULAR,1,6,2026
6291,CAMPINAS,5029-2,DIRIGIR VEICULO COM CNH/PPD/ACC COM SUSPENSAO DO DIREITO DE DIRIGIR,SP,MOTOCICLO,PARTICULAR,1,6,2026
2959,ESTIVA GERBI,6599-2,CONDUZIR O VEICULO REGISTRADO QUE NAO ESTEJA DEVIDAMENTE LICENCIADO,SP,MOTOCICLO,PARTICULAR,1,6,2026
7107,SAO PAULO,7340-0,DIRIGIR O VEIC USANDO CALCADO QUE N SE FIRME NOS PES/COMPROMETA UTILIZ PEDAIS,SP,MOTONETA,PARTICULAR,3,6,2026
7151,SUZANO,6637-2,CONDUZIR O VEICULO COM EQUIPAMENTO OBRIGATORIO INEFICIENTE/INOPERANTE,SP,MOTOCICLO,PARTICULAR,1,6,2026
6469,GUARATINGUETA,5010-0,DIRIGIR VEICULO SEM POSSUIR CNH/PPD/ACC,SP,MOTOCICLO,PARTICULAR,2,6,2026
7175,TAQUARITINGA,7340-0,DIRIGIR O VEIC USANDO CALCADO QUE N SE FIRME NOS PES/COMPROMETA UTILIZ PEDAIS,Outras UFs,MOTOCICLO,PARTICULAR,1,6,2026
6901,POMPEIA,5207-0,Dirigir sem atencao ou sem os cuidados indispensaveis a seguranca,SP,CAMINHONET,PARTICULAR,1,6,2026
6715,MOGI-GUACU,7633-2,Dirigir veiculo manuseando telefone celular,SP,AUTOMOVEL,PARTICULAR,1,6,2026
7107,SAO PAULO,5002-0,"Multa, por nao identificacao do condutor infrator, imposta a pessoa juridica",SP,CAMINHONET,ALUGUEL,11,6,2026
7151,SUZANO,7218-0,TRANSPORTAR EM VEIC DESTINADO TRANSP PASSAGEIROS CARGA EXCEDENTE DESAC ART.109,SP,AUTOMOVEL,PARTICULAR,1,6,2026
6595,JAGUARIUNA,5045-0,DIRIGIR VEICULO COM VALIDADE DE CNH/PPD VENCIDA HA MAIS DE 30 DIAS,SP,MOTOCICLO,PARTICULAR,1,6,2026
7017,SANTA BARBARA DO OESTE,6050-1,AVAN O SIN VERM DO SEMAF EXC SE HOUVER SINALIZ PERM LIVRE CONV A DIR,SP,AUTOMOVEL,PARTICULAR,1,6,2026
6929,PRESIDENTE PRUDENTE,6530-0,USAR NO VEICULO EQUIP C/ SOM EM VOLUME/FREQUENCIA NAO AUTORIZADOS PELO CONTRAN,SP,CAMINHONET,PARTICULAR,1,6,2026
6281,CAIEIRAS,6610-2,CONDUZIR O VEICULO COM CARACTERISTICA ALTERADA,SP,AUTOMOVEL,PARTICULAR,1,6,2026
6287,CAJOBI,6599-2,CONDUZIR O VEICULO REGISTRADO QUE NAO ESTEJA DEVIDAMENTE LICENCIADO,SP,AUTOMOVEL,PARTICULAR,2,6,2026
7107,SAO PAULO,5843-1,"Deixar de indicar c/ antec, med gesto de braco/luz indicadora, inicio da marcha",SP,AUTOMOVEL,PARTICULAR,1,6,2026
7057,SANTO ANDRE,7633-2,Dirigir veiculo manuseando telefone celular,SP,AUTOMOVEL,PARTICULAR,2,6,2026
7107,SAO PAULO,5819-6,TRANSITAR COM O VEICULO EM MARCAS DE CANALIZACAO,SP,AUTOMOVEL,ALUGUEL,1,6,2026
6241,BOM JESUS DOS PERDOES,7358-0,"DIRIGIR O VEICULO COM APENAS UMA DAS MAOS, EXCETO QUANDO PERMITIDO PELO CTB",SP,MOTOCICLO,PARTICULAR,1,6,2026
7107,SAO PAULO,7633-2,Dirigir veiculo manuseando telefone celular,SP,MOTONETA,PARTICULAR,1,6,2026
7145,SOROCABA,6637-1,CONDUZIR O VEICULO SEM EQUIPAMENTO OBRIGATORIO,SP,MOTOCICLO,PARTICULAR,1,6,2026
6795,OURINHOS,6610-2,CONDUZIR O VEICULO COM CARACTERISTICA ALTERADA,SP,MOTOCICLO,PARTICULAR,3,6,2026
6427,FRANCISCO MORATO,6696-2,CONDUZIR C/ INSCR/ADESIVO/LEGENDA/SIMBOLO PINTADO PARA-BRISA E EXTENSAO TRASEIRA,SP,AUTOMOVEL,PARTICULAR,1,6,2026
6703,MIRANDOPOLIS,6645-0,CONDUZIR O VEICULO COM EQUIP OBRIGATORIO EM DESACORDO COM O ESTAB PELO CONTRAN,SP,MOTOCICLO,PARTICULAR,1,6,2026
6853,PERUIBE,6599-2,CONDUZIR O VEICULO REGISTRADO QUE NAO ESTEJA DEVIDAMENTE LICENCIADO,SP,MOTOCICLO,PARTICULAR,1,6,2026
6313,CARAPICUIBA,5983-0,ULTRAPASSAR VEICULO EM MOVIMENTO QUE INTEGRE CORTEJO/DESFILE/FORMACAO MILITAR,SP,CAMINHONET,PARTICULAR,1,6,2026
6619,JUNDIAI,6530-0,USAR NO VEICULO EQUIP C/ SOM EM VOLUME/FREQUENCIA NAO AUTORIZADOS PELO CONTRAN,Outras UFs,AUTOMOVEL,PARTICULAR,1,6,2026
6929,PRESIDENTE PRUDENTE,7030-1,Conduzir motoc/moton/ciclom s/ capacete de seguranca,SP,MOTOCICLO,PARTICULAR,1,6,2026
7107,SAO PAULO,5819-6,TRANSITAR COM O VEICULO EM MARCAS DE CANALIZACAO,SP,CAMIONETA,ALUGUEL,1,6,2026
6687,MATAO,7340-0,DIRIGIR O VEIC USANDO CALCADO QUE N SE FIRME NOS PES/COMPROMETA UTILIZ PEDAIS,SP,MOTOCICLO,PARTICULAR,1,6,2026
7107,SAO PAULO,6408-0,PORTAR NO VEICULO PLACAS DE IDENTIFICACAO EM DESACORDO C/ ESPECIF/MODELO CONTRAN,SP,MOTOCICLO,PARTICULAR,15,6,2026
6713,MOGI DAS CRUZES,6637-1,CONDUZIR O VEICULO SEM EQUIPAMENTO OBRIGATORIO,SP,MOTOCICLO,PARTICULAR,1,6,2026
6827,PATROCINIO PAULISTA,7056-1,CONDUZIR MOTOC/MOTON/CICLOMOTOR FAZENDO MALABARISMO/EQUILIBRANDO-SE EM UMA RODA,SP,MOTOCICLO,PARTICULAR,1,6,2026
6563,ITAQUAQUECETUBA,5185-1,Deixar o condutor de usar o cinto seguranca,SP,CAMINHONET,PARTICULAR,1,6,2026
6681,MARILIA,7633-2,Dirigir veiculo manuseando telefone celular,SP,CAMIONETA,PARTICULAR,1,6,2026
6905,PONTAL,7633-2,Dirigir veiculo manuseando telefone celular,SP,MOTOCICLO,PARTICULAR,1,6,2026
6863,PINDORAMA,6599-1,CONDUZIR O VEICULO QUE NAO ESTEJA REGISTRADO,Outras UFs,MOTOCICLO,,1,6,2026
7121,SAO VICENTE,7030-1,Conduzir motoc/moton/ciclom s/ capacete de seguranca,SP,MOTOCICLO,PARTICULAR,1,6,2026
7107,SAO PAULO,7366-1,DIRIGIR O VEICULO UTILIZANDO-SE DE FONES NOS OUVIDOS CONEC A APARELHAGEM SONORA,SP,MOTOCICLO,PARTICULAR,1,6,2026
6969,RIBEIRAO PRETO,7099-1,CONDUZIR MOTOCICLETA/MOTONETA/CICLOMOTOR SEM SEGURAR O GUIDOM COM AMBAS AS MAOS,SP,MOTOCICLO,PARTICULAR,1,6,2026
6789,OSASCO,6726-1,"CONDUZIR O VEICULO EM MAU ESTADO DE CONSERVACAO, COMPROMETENDO A SEGURANCA",SP,MOTOCICLO,PARTICULAR,2,6,2026
7107,SAO PAULO,6530-0,USAR NO VEICULO EQUIP C/ SOM EM VOLUME/FREQUENCIA NAO AUTORIZADOS PELO CONTRAN,SP,AUTOMOVEL,PARTICULAR,1,6,2026
7107,SAO PAULO,6050-2,AVANCAR O SINAL DE PARADA OBRIGATORIA,SP,CAMINHONET,PARTICULAR,2,6,2026
6409,FARTURA,5045-0,DIRIGIR VEICULO COM VALIDADE DE CNH/PPD VENCIDA HA MAIS DE 30 DIAS,SP,AUTOMOVEL,PARTICULAR,1,6,2026
6589,JACAREI,5010-0,DIRIGIR VEICULO SEM POSSUIR CNH/PPD/ACC,SP,MOTOCICLO,PARTICULAR,1,6,2026
7145,SOROCABA,6432-1,TRANSITAR COM FAROL DESREGULADO PERTURBANDO VISAO OUTRO CONDUTOR,SP,AUTOMOVEL,PARTICULAR,1,6,2026
7107,SAO PAULO,5266-3,PARTICIPAR COMO CONDUTOR EXIB/DEMONST PERICIA EM MANOBRA DE VEIC S/ PERMISSAO,SP,MOTOCICLO,PARTICULAR,1,6,2026
6563,ITAQUAQUECETUBA,6599-2,CONDUZIR O VEICULO REGISTRADO QUE NAO ESTEJA DEVIDAMENTE LICENCIADO,SP,AUTOMOVEL,PARTICULAR,5,6,2026
6133,AMERICO BRASILIENSE,6637-2,CONDUZIR O VEICULO COM EQUIPAMENTO OBRIGATORIO INEFICIENTE/INOPERANTE,SP,MOTOCICLO,PARTICULAR,1,6,2026
6219,BAURU,5185-1,Deixar o condutor de usar o cinto seguranca,SP,CAMINHONET,PARTICULAR,1,6,2026
6131,AMERICANA,6599-2,CONDUZIR O VEICULO REGISTRADO QUE NAO ESTEJA DEVIDAMENTE LICENCIADO,SP,AUTOMOVEL,PARTICULAR,2,6,2026
6619,JUNDIAI,6599-2,CONDUZIR O VEICULO REGISTRADO QUE NAO ESTEJA DEVIDAMENTE LICENCIADO,SP,CAMINHONET,ALUGUEL,1,6,2026
6713,MOGI DAS CRUZES,6599-2,CONDUZIR O VEICULO REGISTRADO QUE NAO ESTEJA DEVIDAMENTE LICENCIADO,SP,MOTONETA,PARTICULAR,1,6,2026
6487,IBATE,6726-1,"CONDUZIR O VEICULO EM MAU ESTADO DE CONSERVACAO, COMPROMETENDO A SEGURANCA",SP,CAMINHONET,PARTICULAR,1,6,2026
6477,GUARULHOS,5185-1,Deixar o condutor de usar o cinto seguranca,SP,AUTOMOVEL,PARTICULAR,1,6,2026
7109,SAO PEDRO,6599-2,CONDUZIR O VEICULO REGISTRADO QUE NAO ESTEJA DEVIDAMENTE LICENCIADO,SP,AUTOMOVEL,PARTICULAR,1,6,2026
7107,SAO PAULO,5274-1,UTILIZ VEIC DEMONST/EXIBIR MANOBRA PERIGOSA MEDIANTE ARRANCADA BRUSCA,SP,MOTOCICLO,PARTICULAR,17,6,2026
6411,FERNANDOPOLIS,6645-0,CONDUZIR O VEICULO COM EQUIP OBRIGATORIO EM DESACORDO COM O ESTAB PELO CONTRAN,SP,MOTOCICLO,PARTICULAR,2,6,2026
6595,JAGUARIUNA,6726-1,"CONDUZIR O VEICULO EM MAU ESTADO DE CONSERVACAO, COMPROMETENDO A SEGURANCA",SP,MOTOCICLO,PARTICULAR,1,6,2026
6563,ITAQUAQUECETUBA,7633-2,Dirigir veiculo manuseando telefone celular,SP,CAMINHONET,PARTICULAR,1,6,2026
6133,AMERICO BRASILIENSE,6726-1,"CONDUZIR O VEICULO EM MAU ESTADO DE CONSERVACAO, COMPROMETENDO A SEGURANCA",SP,MOTOCICLO,PARTICULAR,1,6,2026
6213,BARUERI,7633-2,Dirigir veiculo manuseando telefone celular,SP,AUTOMOVEL,PARTICULAR,2,6,2026
7061,SANTO ANTONIO DE POSSE,5010-0,DIRIGIR VEICULO SEM POSSUIR CNH/PPD/ACC,SP,MOTOCICLO,PARTICULAR,1,6,2026
6681,MARILIA,5045-0,DIRIGIR VEICULO COM VALIDADE DE CNH/PPD VENCIDA HA MAIS DE 30 DIAS,SP,AUTOMOVEL,PARTICULAR,1,6,2026
7209,UBATUBA,5274-1,UTILIZ VEIC DEMONST/EXIBIR MANOBRA PERIGOSA MEDIANTE ARRANCADA BRUSCA,SP,AUTOMOVEL,PARTICULAR,1,6,2026
6343,COLOMBIA,6580-0,CONDUZIR O VEICULO SEM QUALQUER UMA DAS PLACAS DE IDENTIFICACAO,SP,CAMIONETA,PARTICULAR,1,6,2026
6619,JUNDIAI,6653-1,CONDUZIR O VEICULO COM DESCARGA LIVRE,SP,MOTOCICLO,PARTICULAR,1,6,2026
6977,RINOPOLIS,5010-0,DIRIGIR VEICULO SEM POSSUIR CNH/PPD/ACC,SP,AUTOMOVEL,PARTICULAR,1,6,2026
6971,RIVERSUL,5010-0,DIRIGIR VEICULO SEM POSSUIR CNH/PPD/ACC,SP,MOTOCICLO,PARTICULAR,1,6,2026
2957,VARGEM,5738-0,TRANSITAR PELA CONTRAMAO DE DIRECAO EM VIA C/ SINALIZACAO DE REGUL SENTIDO UNICO,SP,MOTONETA,PARTICULAR,1,6,2026
6125,ALVARES MACHADO,7633-1,Dirigir veiculo segurando telefone celular,SP,CAMINHONET,PARTICULAR,1,6,2026
6921,PRAIA GRANDE,5185-1,Deixar o condutor de usar o cinto seguranca,SP,AUTOMOVEL,PARTICULAR,1,6,2026
6401,EMBU DAS ARTES,6580-0,CONDUZIR O VEICULO SEM QUALQUER UMA DAS PLACAS DE IDENTIFICACAO,SP,MOTOCICLO,PARTICULAR,1,6,2026
6563,ITAQUAQUECETUBA,5967-0,"ULTRAPASSAR PELA CONTRAMAO LINHA DE DIVISAO DE FLUXOS OPOSTOS, CONTINUA AMARELA",SP,AUTOMOVEL,PARTICULAR,1,6,2026
7111,SAO PEDRO DO TURVO,5185-2,Deixar o passageiro de usar o cinto seguranca,SP,AUTOMOVEL,PARTICULAR,1,6,2026
6313,CARAPICUIBA,5207-0,Dirigir sem atencao ou sem os cuidados indispensaveis a seguranca,SP,CAMINHONET,PARTICULAR,1,6,2026
7107,SAO PAULO,6726-1,"CONDUZIR O VEICULO EM MAU ESTADO DE CONSERVACAO, COMPROMETENDO A SEGURANCA",SP,MOTOCICLO,PARTICULAR,19,6,2026
6969,RIBEIRAO PRETO,6530-0,USAR NO VEICULO EQUIP C/ SOM EM VOLUME/FREQUENCIA NAO AUTORIZADOS PELO CONTRAN,SP,AUTOMOVEL,PARTICULAR,1,6,2026
6703,MIRANDOPOLIS,7340-0,DIRIGIR O VEIC USANDO CALCADO QUE N SE FIRME NOS PES/COMPROMETA UTILIZ PEDAIS,SP,MOTOCICLO,PARTICULAR,1,6,2026
7151,SUZANO,7293-0,"UTILIZAR O PISCA-ALERTA, EXCETO EM IMOBILIZACOES OU SITUACOES DE EMERGENCIA",SP,AUTOMOVEL,PARTICULAR,1,6,2026
7149,SUMARE,6599-2,CONDUZIR O VEICULO REGISTRADO QUE NAO ESTEJA DEVIDAMENTE LICENCIADO,SP,MOTOCICLO,PARTICULAR,1,6,2026
6183,AURIFLAMA,7340-0,DIRIGIR O VEIC USANDO CALCADO QUE N SE FIRME NOS PES/COMPROMETA UTILIZ PEDAIS,SP,MOTONETA,PARTICULAR,1,6,2026
6853,PERUIBE,6726-1,"CONDUZIR O VEICULO EM MAU ESTADO DE CONSERVACAO, COMPROMETENDO A SEGURANCA",SP,MOTOCICLO,PARTICULAR,1,6,2026
6887,PIRASSUNUNGA,7340-0,DIRIGIR O VEIC USANDO CALCADO QUE N SE FIRME NOS PES/COMPROMETA UTILIZ PEDAIS,SP,MOTOCICLO,PARTICULAR,1,6,2026
6639,LIMEIRA,5010-0,DIRIGIR VEICULO SEM POSSUIR CNH/PPD/ACC,SP,MOTOCICLO,PARTICULAR,1,6,2026
7071,SANTOS,5738-0,TRANSITAR PELA CONTRAMAO DE DIRECAO EM VIA C/ SINALIZACAO DE REGUL SENTIDO UNICO,SP,MOTOCICLO,PARTICULAR,2,6,2026
6795,OURINHOS,5185-2,Deixar o passageiro de usar o cinto seguranca,SP,CAMINHAO,OFICIAL,1,6,2026
7107,SAO PAULO,7633-2,Dirigir veiculo manuseando telefone celular,SP,CAMINHONET,ALUGUEL,3,6,2026
6503,IGARAPAVA,6599-2,CONDUZIR O VEICULO REGISTRADO QUE NAO ESTEJA DEVIDAMENTE LICENCIADO,SP,CAMINHAO,ALUGUEL,1,6,2026
6361,COTIA,5010-0,DIRIGIR VEICULO SEM POSSUIR CNH/PPD/ACC,SP,MOTOCICLO,PARTICULAR,1,6,2026
7149,SUMARE,7749-2,DIRIGIR VEICULO SEM POSSUIR CURSOS ESPECIFICOS OBRIGATORIOS,SP,AUTOMOVEL,PARTICULAR,1,6,2026
7061,SANTO ANTONIO DE POSSE,6599-2,CONDUZIR O VEICULO REGISTRADO QUE NAO ESTEJA DEVIDAMENTE LICENCIADO,SP,AUTOMOVEL,PARTICULAR,1,6,2026
7145,SOROCABA,7684-2,Cond motoc/moton/ciclom c/ util cap de seg c/ vis/ocul prot des c/ regul Contran,SP,MOTOCICLO,PARTICULAR,1,6,2026
6287,CAJOBI,6726-1,"CONDUZIR O VEICULO EM MAU ESTADO DE CONSERVACAO, COMPROMETENDO A SEGURANCA",SP,AUTOMOVEL,PARTICULAR,1,6,2026
6425,FRANCA,5169-1,DIRIGIR SOB A INFLUENCIA DE ALCOOL,SP,AUTOMOVEL,PARTICULAR,1,6,2026
6619,JUNDIAI,6696-1,CONDUZIR C/ INSCR/ADESIVO/LEGENDA/SIMBOLO AFIXADO PARA-BRISA E EXTENSAO TRASEIRA,SP,AUTOMOVEL,PARTICULAR,1,6,2026
6291,CAMPINAS,5835-0,Desobedecer as ordens emanadas da autorid compet de transito ou de seus agentes,SP,MOTOCICLO,PARTICULAR,1,6,2026
6477,GUARULHOS,6050-1,AVAN O SIN VERM DO SEMAF EXC SE HOUVER SINALIZ PERM LIVRE CONV A DIR,SP,AUTOMOVEL,PARTICULAR,4,6,2026
6619,JUNDIAI,6769-0,"CONDUZIR VEIC C/ DEFEITO NO SIST DE ILUMINACAO, SINALIZ OU LAMPADAS QUEIMADAS",Outras UFs,MOTOCICLO,PARTICULAR,1,6,2026
6979,RIO CLARO,5738-0,TRANSITAR PELA CONTRAMAO DE DIRECAO EM VIA C/ SINALIZACAO DE REGUL SENTIDO UNICO,SP,MOTONETA,PARTICULAR,2,6,2026
6579,ITU,5738-0,TRANSITAR PELA CONTRAMAO DE DIRECAO EM VIA C/ SINALIZACAO DE REGUL SENTIDO UNICO,SP,AUTOMOVEL,PARTICULAR,1,6,2026
6551,ITAPEVI,5800-0,DEIXAR GUARDAR DIST SEGURANCA LAT/FRONT ENTRE SEU VEIC E DEMAIS E AO BORDO PISTA,SP,MOTONETA,PARTICULAR,1,6,2026
6977,RINOPOLIS,6637-2,CONDUZIR O VEICULO COM EQUIPAMENTO OBRIGATORIO INEFICIENTE/INOPERANTE,SP,MOTOCICLO,PARTICULAR,1,6,2026
7107,SAO PAULO,6726-1,"CONDUZIR O VEICULO EM MAU ESTADO DE CONSERVACAO, COMPROMETENDO A SEGURANCA",SP,AUTOMOVEL,PARTICULAR,10,6,2026
7077,SAO CAETANO DO SUL,6599-2,CONDUZIR O VEICULO REGISTRADO QUE NAO ESTEJA DEVIDAMENTE LICENCIADO,SP,AUTOMOVEL,PARTICULAR,1,6,2026
6713,MOGI DAS CRUZES,6599-2,CONDUZIR O VEICULO REGISTRADO QUE NAO ESTEJA DEVIDAMENTE LICENCIADO,SP,MOTOCICLO,PARTICULAR,2,6,2026
7113,SAO ROQUE,6599-2,CONDUZIR O VEICULO REGISTRADO QUE NAO ESTEJA DEVIDAMENTE LICENCIADO,SP,MOTOCICLO,PARTICULAR,1,6,2026
7047,SANTANA DE PARNAIBA,5185-2,Deixar o passageiro de usar o cinto seguranca,SP,AUTOMOVEL,PARTICULAR,1,6,2026
7157,TABOAO DA SERRA,6637-2,CONDUZIR O VEICULO COM EQUIPAMENTO OBRIGATORIO INEFICIENTE/INOPERANTE,SP,MOTOCICLO,PARTICULAR,1,6,2026
7237,VINHEDO,6726-1,"CONDUZIR O VEICULO EM MAU ESTADO DE CONSERVACAO, COMPROMETENDO A SEGURANCA",SP,MOTOCICLO,PARTICULAR,1,6,2026
7017,SANTA BARBARA DO OESTE,6599-2,CONDUZIR O VEICULO REGISTRADO QUE NAO ESTEJA DEVIDAMENTE LICENCIADO,SP,AUTOMOVEL,PARTICULAR,1,6,2026
7075,SAO BERNARDO DO CAMPO,5738-0,TRANSITAR PELA CONTRAMAO DE DIRECAO EM VIA C/ SINALIZACAO DE REGUL SENTIDO UNICO,SP,MOTOCICLO,PARTICULAR,1,6,2026
7121,SAO VICENTE,7340-0,DIRIGIR O VEIC USANDO CALCADO QUE N SE FIRME NOS PES/COMPROMETA UTILIZ PEDAIS,SP,MOTONETA,PARTICULAR,1,6,2026
7107,SAO PAULO,6920-1,"Deixar de efetuar registro do veiculo em 30 dias, qdo for transf a propriedade",SP,S. REBOQUE,ALUGUEL,4,6,2026
7107,SAO PAULO,5010-0,DIRIGIR VEICULO SEM POSSUIR CNH/PPD/ACC,SP,AUTOMOVEL,PARTICULAR,9,6,2026
6281,CAIEIRAS,7633-2,Dirigir veiculo manuseando telefone celular,SP,AUTOMOVEL,PARTICULAR,2,6,2026
7107,SAO PAULO,7633-2,Dirigir veiculo manuseando telefone celular,Outras UFs,CAMINHONET,PARTICULAR,1,6,2026
6949,REGENTE FEIJO,5045-0,DIRIGIR VEICULO COM VALIDADE DE CNH/PPD VENCIDA HA MAIS DE 30 DIAS,SP,MOTONETA,PARTICULAR,1,6,2026
6573,ITIRAPINA,5185-1,Deixar o condutor de usar o cinto seguranca,SP,AUTOMOVEL,PARTICULAR,1,6,2026
2951,HORTOLANDIA,7633-2,Dirigir veiculo manuseando telefone celular,SP,AUTOMOVEL,PARTICULAR,1,6,2026
7079,SAO CARLOS,7072-1,CONDUZIR MOTOC/MOTON/CICLOM TRANSP CRIANCA MENOR DE 10 ANOS DE IDADE,SP,MOTOCICLO,PARTICULAR,1,6,2026
7099,SAO JOSE DOS CAMPOS,5835-0,Desobedecer as ordens emanadas da autorid compet de transito ou de seus agentes,Outras UFs,AUTOMOVEL,PARTICULAR,1,6,2026
6239,BOITUVA,5045-0,DIRIGIR VEICULO COM VALIDADE DE CNH/PPD VENCIDA HA MAIS DE 30 DIAS,SP,AUTOMOVEL,PARTICULAR,1,6,2026
6639,LIMEIRA,6726-1,"CONDUZIR O VEICULO EM MAU ESTADO DE CONSERVACAO, COMPROMETENDO A SEGURANCA",Outras UFs,MOTOCICLO,,1,6,2026
6477,GUARULHOS,6530-0,USAR NO VEICULO EQUIP C/ SOM EM VOLUME/FREQUENCIA NAO AUTORIZADOS PELO CONTRAN,SP,AUTOMOVEL,PARTICULAR,2,6,2026
7145,SOROCABA,6653-1,CONDUZIR O VEICULO COM DESCARGA LIVRE,SP,MOTOCICLO,PARTICULAR,6,6,2026
6409,FARTURA,5835-0,Desobedecer as ordens emanadas da autorid compet de transito ou de seus agentes,SP,AUTOMOVEL,PARTICULAR,1,6,2026
6247,BORBOREMA,6769-0,"CONDUZIR VEIC C/ DEFEITO NO SIST DE ILUMINACAO, SINALIZ OU LAMPADAS QUEIMADAS",SP,MOTOCICLO,PARTICULAR,1,6,2026
7017,SANTA BARBARA DO OESTE,5185-1,Deixar o condutor de usar o cinto seguranca,SP,CAMINHONET,PARTICULAR,1,6,2026
7161,TAGUAI,5550-0,ESTACIONAR EM LOCAL/HORARIO PROIBIDO ESPECIFICAMENTE PELA SINALIZACAO,SP,AUTOMOVEL,PARTICULAR,1,6,2026
6219,BAURU,6599-2,CONDUZIR O VEICULO REGISTRADO QUE NAO ESTEJA DEVIDAMENTE LICENCIADO,SP,AUTOMOVEL,PARTICULAR,1,6,2026
6291,CAMPINAS,6599-2,CONDUZIR O VEICULO REGISTRADO QUE NAO ESTEJA DEVIDAMENTE LICENCIADO,SP,CAMINHONET,PARTICULAR,1,6,2026
6883,PIRAPORA DO BOM JESUS,6637-1,CONDUZIR O VEICULO SEM EQUIPAMENTO OBRIGATORIO,SP,MOTOCICLO,PARTICULAR,1,6,2026
7157,TABOAO DA SERRA,6017-1,"EXECUTAR OPERACAO DE RETORNO PASSANDO POR CIMA DE CALCADA, PASSEIO",SP,AUTOMOVEL,PARTICULAR,1,6,2026
7099,SAO JOSE DOS CAMPOS,7048-1,"CONDUZIR MOTOCICLETA, MOTONETA E CICLOMOTOR TRANSPORTANDO PASSAGEIRO S/ CAPACETE",SP,MOTOCICLO,PARTICULAR,1,6,2026
7107,SAO PAULO,6050-2,AVANCAR O SINAL DE PARADA OBRIGATORIA,SP,AUTOMOVEL,ALUGUEL,2,6,2026
6177,ARUJA,6653-2,CONDUZIR O VEICULO COM SILENCIADOR DE MOTOR DEFEITUOSO/DEFICIENTE/INOPERANTE,SP,MOTOCICLO,PARTICULAR,2,6,2026
6489,IBIRA,5045-0,DIRIGIR VEICULO COM VALIDADE DE CNH/PPD VENCIDA HA MAIS DE 30 DIAS,SP,AUTOMOVEL,PARTICULAR,1,6,2026
7107,SAO PAULO,5002-0,"Multa, por nao identificacao do condutor infrator, imposta a pessoa juridica",Outras UFs,AUTOMOVEL,PARTICULAR,34,6,2026
7107,SAO PAULO,7340-0,DIRIGIR O VEIC USANDO CALCADO QUE N SE FIRME NOS PES/COMPROMETA UTILIZ PEDAIS,SP,MOTOCICLO,PARTICULAR,14,6,2026
6929,PRESIDENTE PRUDENTE,5835-0,Desobedecer as ordens emanadas da autorid compet de transito ou de seus agentes,SP,MOTOCICLO,PARTICULAR,1,6,2026
7099,SAO JOSE DOS CAMPOS,6637-1,CONDUZIR O VEICULO SEM EQUIPAMENTO OBRIGATORIO,SP,MOTOCICLO,PARTICULAR,4,6,2026
6563,ITAQUAQUECETUBA,5185-1,Deixar o condutor de usar o cinto seguranca,SP,AUTOMOVEL,PARTICULAR,4,6,2026
6619,JUNDIAI,7633-2,Dirigir veiculo manuseando telefone celular,SP,AUTOMOVEL,PARTICULAR,2,6,2026
6293,CAMPO LIMPO PAULISTA,5185-1,Deixar o condutor de usar o cinto seguranca,SP,CAMIONETA,PARTICULAR,1,6,2026
6115,ALFREDO MARCONDES,5550-0,ESTACIONAR EM LOCAL/HORARIO PROIBIDO ESPECIFICAMENTE PELA SINALIZACAO,SP,AUTOMOVEL,PARTICULAR,1,6,2026
7107,SAO PAULO,7633-1,Dirigir veiculo segurando telefone celular,SP,CAMIONETA,PARTICULAR,4,6,2026
6713,MOGI DAS CRUZES,6610-2,CONDUZIR O VEICULO COM CARACTERISTICA ALTERADA,SP,MOTOCICLO,PARTICULAR,1,6,2026
7145,SOROCABA,6050-2,AVANCAR O SINAL DE PARADA OBRIGATORIA,SP,AUTOMOVEL,PARTICULAR,1,6,2026
6921,PRAIA GRANDE,5738-0,TRANSITAR PELA CONTRAMAO DE DIRECAO EM VIA C/ SINALIZACAO DE REGUL SENTIDO UNICO,SP,AUTOMOVEL,PARTICULAR,1,6,2026
7083,SAO JOAO DA BOA VISTA,5738-0,TRANSITAR PELA CONTRAMAO DE DIRECAO EM VIA C/ SINALIZACAO DE REGUL SENTIDO UNICO,SP,AUTOMOVEL,PARTICULAR,1,6,2026
6183,AURIFLAMA,5738-0,TRANSITAR PELA CONTRAMAO DE DIRECAO EM VIA C/ SINALIZACAO DE REGUL SENTIDO UNICO,SP,MOTONETA,PARTICULAR,1,6,2026
6639,LIMEIRA,6637-1,CONDUZIR O VEICULO SEM EQUIPAMENTO OBRIGATORIO,SP,AUTOMOVEL,PARTICULAR,1,6,2026
7095,SAO JOSE DO RIO PARDO,6726-1,"CONDUZIR O VEICULO EM MAU ESTADO DE CONSERVACAO, COMPROMETENDO A SEGURANCA",SP,AUTOMOVEL,PARTICULAR,1,6,2026
6573,ITIRAPINA,5550-0,ESTACIONAR EM LOCAL/HORARIO PROIBIDO ESPECIFICAMENTE PELA SINALIZACAO,SP,AUTOMOVEL,PARTICULAR,1,6,2026
7083,SAO JOAO DA BOA VISTA,5142-0,PERMITIR POSSE/CONDUCAO DO VEIC A PESSOA COM CNH/PPD VENCIDA HA MAIS DE 30 DIAS,SP,MOTOCICLO,PARTICULAR,1,6,2026
7099,SAO JOSE DOS CAMPOS,7340-0,DIRIGIR O VEIC USANDO CALCADO QUE N SE FIRME NOS PES/COMPROMETA UTILIZ PEDAIS,SP,MOTOCICLO,PARTICULAR,1,6,2026
7145,SOROCABA,7684-1,Cond motoc/moton/ciclom c/ util cap de seg s/ vis/ocul prot,SP,MOTOCICLO,PARTICULAR,1,6,2026
6895,PLATINA,6599-2,CONDUZIR O VEICULO REGISTRADO QUE NAO ESTEJA DEVIDAMENTE LICENCIADO,SP,AUTOMOVEL,PARTICULAR,2,6,2026
6377,DIADEMA,5819-2,"TRANSITAR COM O VEICULO EM CICLOVIAS, CICLOFAIXAS",SP,MOTONETA,PARTICULAR,1,6,2026
7107,SAO PAULO,5002-0,"Multa, por nao identificacao do condutor infrator, imposta a pessoa juridica",SP,C. TRATOR,ALUGUEL,11,6,2026
6587,JABOTICABAL,6653-1,CONDUZIR O VEICULO COM DESCARGA LIVRE,SP,MOTOCICLO,PARTICULAR,1,6,2026
6359,COSMORAMA,6599-2,CONDUZIR O VEICULO REGISTRADO QUE NAO ESTEJA DEVIDAMENTE LICENCIADO,SP,AUTOMOVEL,PARTICULAR,1,6,2026
6489,IBIRA,6530-0,USAR NO VEICULO EQUIP C/ SOM EM VOLUME/FREQUENCIA NAO AUTORIZADOS PELO CONTRAN,SP,CAMINHONET,PARTICULAR,1,6,2026
7107,SAO PAULO,7684-1,Cond motoc/moton/ciclom c/ util cap de seg s/ vis/ocul prot,Outras UFs,MOTOCICLO,PARTICULAR,1,6,2026
7107,SAO PAULO,5207-0,Dirigir sem atencao ou sem os cuidados indispensaveis a seguranca,SP,AUTOMOVEL,PARTICULAR,3,6,2026
7107,SAO PAULO,5274-1,UTILIZ VEIC DEMONST/EXIBIR MANOBRA PERIGOSA MEDIANTE ARRANCADA BRUSCA,Outras UFs,AUTOMOVEL,PARTICULAR,1,6,2026
6313,CARAPICUIBA,6637-1,CONDUZIR O VEICULO SEM EQUIPAMENTO OBRIGATORIO,SP,MOTOCICLO,PARTICULAR,1,6,2026
6715,MOGI-GUACU,6653-2,CONDUZIR O VEICULO COM SILENCIADOR DE MOTOR DEFEITUOSO/DEFICIENTE/INOPERANTE,SP,MOTOCICLO,PARTICULAR,1,6,2026
7107,SAO PAULO,5185-1,Deixar o condutor de usar o cinto seguranca,SP,REBOQUE,PARTICULAR,1,6,2026
6433,GALIA,7722-0,"EM MOV DEIX MANT ACES LUZ BAIX DIA,ROD PIST SIMP FOR PER URB VEIC DESP LUZ ROD D",SP,AUTOMOVEL,PARTICULAR,1,6,2026
6875,PIRACICABA,7684-1,Cond motoc/moton/ciclom c/ util cap de seg s/ vis/ocul prot,SP,MOTOCICLO,PARTICULAR,1,6,2026
6281,CAIEIRAS,7633-2,Dirigir veiculo manuseando telefone celular,SP,CAMIONETA,PARTICULAR,1,6,2026
7097,SAO JOSE DO RIO PRETO,6599-2,CONDUZIR O VEICULO REGISTRADO QUE NAO ESTEJA DEVIDAMENTE LICENCIADO,SP,AUTOMOVEL,PARTICULAR,1,6,2026
7017,SANTA BARBARA DO OESTE,6599-2,CONDUZIR O VEICULO REGISTRADO QUE NAO ESTEJA DEVIDAMENTE LICENCIADO,SP,MOTONETA,PARTICULAR,1,6,2026
6177,ARUJA,7234-0,"EM MOVIMENTO, DEIXAR DE MANTER ACESA A LUZ BAIXA DURANTE A NOITE",SP,AUTOMOVEL,PARTICULAR,1,6,2026
6673,MANDURI,5118-0,PERMITIR POSSE/CONDUCAO DO VEICULO A PESSOA SEM CNH/PPD/ACC,SP,AUTOMOVEL,PARTICULAR,1,6,2026
6807,PALMITAL,6530-0,USAR NO VEICULO EQUIP C/ SOM EM VOLUME/FREQUENCIA NAO AUTORIZADOS PELO CONTRAN,SP,AUTOMOVEL,PARTICULAR,2,6,2026
7145,SOROCABA,5185-2,Deixar o passageiro de usar o cinto seguranca,SP,AUTOMOVEL,PARTICULAR,1,6,2026
6639,LIMEIRA,6726-1,"CONDUZIR O VEICULO EM MAU ESTADO DE CONSERVACAO, COMPROMETENDO A SEGURANCA",SP,MOTOCICLO,PARTICULAR,14,6,2026
7055,SANTO ANASTACIO,6530-0,USAR NO VEICULO EQUIP C/ SOM EM VOLUME/FREQUENCIA NAO AUTORIZADOS PELO CONTRAN,SP,CAMINHONET,PARTICULAR,1,6,2026
6639,LIMEIRA,7633-2,Dirigir veiculo manuseando telefone celular,SP,MOTOCICLO,PARTICULAR,1,6,2026
7181,TATUI,6599-2,CONDUZIR O VEICULO REGISTRADO QUE NAO ESTEJA DEVIDAMENTE LICENCIADO,SP,MOTOCICLO,PARTICULAR,1,6,2026
6323,CATANDUVA,5185-1,Deixar o condutor de usar o cinto seguranca,SP,AUTOMOVEL,PARTICULAR,1,6,2026
6343,COLOMBIA,7633-2,Dirigir veiculo manuseando telefone celular,SP,AUTOMOVEL,PARTICULAR,1,6,2026
6179,ASSIS,6408-0,PORTAR NO VEICULO PLACAS DE IDENTIFICACAO EM DESACORDO C/ ESPECIF/MODELO CONTRAN,SP,MOTOCICLO,PARTICULAR,1,6,2026
7107,SAO PAULO,6408-0,PORTAR NO VEICULO PLACAS DE IDENTIFICACAO EM DESACORDO C/ ESPECIF/MODELO CONTRAN,SP,C. TRATOR,ALUGUEL,1,6,2026
6573,ITIRAPINA,5843-3,"Deixar de indicar c/ antec, med gesto de braco/luz indicadora, mudanca direcao",SP,AUTOMOVEL,PARTICULAR,1,6,2026
7107,SAO PAULO,5193-0,Transportar crianca sem observancia das normas de seguranca estabelecidas p/ CTB,SP,UTILITARIO,PARTICULAR,1,6,2026
6563,ITAQUAQUECETUBA,5185-1,Deixar o condutor de usar o cinto seguranca,SP,CAMINHONET,ALUGUEL,1,6,2026
6853,PERUIBE,5118-0,PERMITIR POSSE/CONDUCAO DO VEICULO A PESSOA SEM CNH/PPD/ACC,SP,MOTOCICLO,PARTICULAR,1,6,2026
7107,SAO PAULO,7633-1,Dirigir veiculo segurando telefone celular,SP,CAMINHAO,PARTICULAR,1,6,2026
6165,ARARAS,5118-0,PERMITIR POSSE/CONDUCAO DO VEICULO A PESSOA SEM CNH/PPD/ACC,SP,MOTOCICLO,PARTICULAR,1,6,2026
7145,SOROCABA,5037-1,DIRIGIR VEICULO COM CNH DE CATEGORIA DIFERENTE DA DO VEICULO,SP,MOTOCICLO,PARTICULAR,1,6,2026
7107,SAO PAULO,6653-2,CONDUZIR O VEICULO COM SILENCIADOR DE MOTOR DEFEITUOSO/DEFICIENTE/INOPERANTE,SP,MOTOCICLO,PARTICULAR,1,6,2026
7107,SAO PAULO,6670-0,CONDUZIR O VEICULO C/ EQUIP DO SISTEMA DE ILUMINACAO E DE SINALIZACAO ALTERADOS,SP,MOTOCICLO,PARTICULAR,2,6,2026
6313,CARAPICUIBA,7684-1,Cond motoc/moton/ciclom c/ util cap de seg s/ vis/ocul prot,SP,MOTOCICLO,PARTICULAR,1,6,2026
7107,SAO PAULO,6580-0,CONDUZIR O VEICULO SEM QUALQUER UMA DAS PLACAS DE IDENTIFICACAO,SP,MOTOCICLO,PARTICULAR,4,6,2026
6239,BOITUVA,7366-2,DIRIGIR VEICULO UTILIZANDO-SE DE TELEFONE CELULAR,SP,AUTOMOVEL,PARTICULAR,1,6,2026
6779,OLIMPIA,6530-0,USAR NO VEICULO EQUIP C/ SOM EM VOLUME/FREQUENCIA NAO AUTORIZADOS PELO CONTRAN,SP,AUTOMOVEL,PARTICULAR,1,6,2026
2993,POTIM,7030-1,Conduzir motoc/moton/ciclom s/ capacete de seguranca,SP,MOTOCICLO,PARTICULAR,1,6,2026
6361,COTIA,6599-2,CONDUZIR O VEICULO REGISTRADO QUE NAO ESTEJA DEVIDAMENTE LICENCIADO,SP,MOTONETA,PARTICULAR,1,6,2026
7107,SAO PAULO,6050-2,AVANCAR O SINAL DE PARADA OBRIGATORIA,SP,CAMIONETA,PARTICULAR,2,6,2026
6969,RIBEIRAO PRETO,6599-2,CONDUZIR O VEICULO REGISTRADO QUE NAO ESTEJA DEVIDAMENTE LICENCIADO,SP,MOTONETA,PARTICULAR,4,6,2026
6969,RIBEIRAO PRETO,7633-2,Dirigir veiculo manuseando telefone celular,SP,MOTOCICLO,PARTICULAR,1,6,2026
7149,SUMARE,6050-1,AVAN O SIN VERM DO SEMAF EXC SE HOUVER SINALIZ PERM LIVRE CONV A DIR,SP,MOTOCICLO,PARTICULAR,1,6,2026
7107,SAO PAULO,6599-2,CONDUZIR O VEICULO REGISTRADO QUE NAO ESTEJA DEVIDAMENTE LICENCIADO,SP,CAMINHAO,ALUGUEL,1,6,2026
7107,SAO PAULO,6726-1,"CONDUZIR O VEICULO EM MAU ESTADO DE CONSERVACAO, COMPROMETENDO A SEGURANCA",Outras UFs,CAMINHAO,ALUGUEL,1,6,2026
6291,CAMPINAS,5274-1,UTILIZ VEIC DEMONST/EXIBIR MANOBRA PERIGOSA MEDIANTE ARRANCADA BRUSCA,SP,AUTOMOVEL,PARTICULAR,1,6,2026
6713,MOGI DAS CRUZES,5207-0,Dirigir sem atencao ou sem os cuidados indispensaveis a seguranca,SP,AUTOMOVEL,PARTICULAR,1,6,2026
6969,RIBEIRAO PRETO,7056-1,CONDUZIR MOTOC/MOTON/CICLOMOTOR FAZENDO MALABARISMO/EQUILIBRANDO-SE EM UMA RODA,SP,MOTOCICLO,PARTICULAR,1,6,2026
6729,MONTE APRAZIVEL,5185-1,Deixar o condutor de usar o cinto seguranca,SP,AUTOMOVEL,PARTICULAR,1,6,2026
6241,BOM JESUS DOS PERDOES,6726-1,"CONDUZIR O VEICULO EM MAU ESTADO DE CONSERVACAO, COMPROMETENDO A SEGURANCA",SP,MOTOCICLO,PARTICULAR,1,6,2026
6529,IRACEMAPOLIS,5118-0,PERMITIR POSSE/CONDUCAO DO VEICULO A PESSOA SEM CNH/PPD/ACC,SP,AUTOMOVEL,PARTICULAR,1,6,2026
6589,JACAREI,6599-2,CONDUZIR O VEICULO REGISTRADO QUE NAO ESTEJA DEVIDAMENTE LICENCIADO,SP,MOTOCICLO,PARTICULAR,1,6,2026
6291,CAMPINAS,6408-0,PORTAR NO VEICULO PLACAS DE IDENTIFICACAO EM DESACORDO C/ ESPECIF/MODELO CONTRAN,SP,MOTOCICLO,PARTICULAR,1,6,2026
6291,CAMPINAS,5274-1,UTILIZ VEIC DEMONST/EXIBIR MANOBRA PERIGOSA MEDIANTE ARRANCADA BRUSCA,SP,MOTOCICLO,PARTICULAR,2,6,2026
7057,SANTO ANDRE,6599-2,CONDUZIR O VEICULO REGISTRADO QUE NAO ESTEJA DEVIDAMENTE LICENCIADO,SP,AUTOMOVEL,PARTICULAR,1,6,2026
6281,CAIEIRAS,5010-0,DIRIGIR VEICULO SEM POSSUIR CNH/PPD/ACC,SP,AUTOMOVEL,PARTICULAR,1,6,2026
6369,CRUZEIRO,5185-1,Deixar o condutor de usar o cinto seguranca,SP,CAMINHONET,PARTICULAR,1,6,2026
6621,JUNQUEIROPOLIS,6726-1,"CONDUZIR O VEICULO EM MAU ESTADO DE CONSERVACAO, COMPROMETENDO A SEGURANCA",SP,MOTOCICLO,PARTICULAR,1,6,2026
7231,VARGEM GRANDE DO SUL,7684-2,Cond motoc/moton/ciclom c/ util cap de seg c/ vis/ocul prot des c/ regul Contran,SP,MOTOCICLO,PARTICULAR,1,6,2026
6131,AMERICANA,7633-1,Dirigir veiculo segurando telefone celular,SP,AUTOMOVEL,PARTICULAR,1,6,2026
6619,JUNDIAI,5738-0,TRANSITAR PELA CONTRAMAO DE DIRECAO EM VIA C/ SINALIZACAO DE REGUL SENTIDO UNICO,SP,MOTONETA,PARTICULAR,1,6,2026
7051,SANTA RITA DO PASSA QUATRO,7617-3,"USAR QQ VEICULO PARA, DELIB, PERTURBAR CIRCULACAO NA VIA SEM AUT DO ORGAO",SP,MOTOCICLO,PARTICULAR,1,6,2026
6313,CARAPICUIBA,5797-0,FORCAR PASSAGEM ENTRE VEICS TRANS SENT OPOSTOS NA IMINENCIA REALIZ ULTRAPASSAGEM,SP,MOTOCICLO,PARTICULAR,1,6,2026
6401,EMBU DAS ARTES,5045-0,DIRIGIR VEICULO COM VALIDADE DE CNH/PPD VENCIDA HA MAIS DE 30 DIAS,SP,AUTOMOVEL,PARTICULAR,1,6,2026
7107,SAO PAULO,5185-1,Deixar o condutor de usar o cinto seguranca,Outras UFs,CAMINHAO,ALUGUEL,2,6,2026
6291,CAMPINAS,6050-1,AVAN O SIN VERM DO SEMAF EXC SE HOUVER SINALIZ PERM LIVRE CONV A DIR,SP,MOTOCICLO,PARTICULAR,2,6,2026
6619,JUNDIAI,5010-0,DIRIGIR VEICULO SEM POSSUIR CNH/PPD/ACC,SP,MOTOCICLO,PARTICULAR,2,6,2026
6113,AGUDOS,6726-1,"CONDUZIR O VEICULO EM MAU ESTADO DE CONSERVACAO, COMPROMETENDO A SEGURANCA",SP,MOTOCICLO,PARTICULAR,1,6,2026
7107,SAO PAULO,5819-6,TRANSITAR COM O VEICULO EM MARCAS DE CANALIZACAO,SP,CAMINHAO,ALUGUEL,2,6,2026
7143,SOCORRO,7633-1,Dirigir veiculo segurando telefone celular,SP,CAMINHAO,PARTICULAR,1,6,2026
6875,PIRACICABA,5185-1,Deixar o condutor de usar o cinto seguranca,SP,AUTOMOVEL,PARTICULAR,1,6,2026
7181,TATUI,6653-1,CONDUZIR O VEICULO COM DESCARGA LIVRE,SP,MOTOCICLO,PARTICULAR,1,6,2026
6969,RIBEIRAO PRETO,7684-2,Cond motoc/moton/ciclom c/ util cap de seg c/ vis/ocul prot des c/ regul Contran,SP,MOTONETA,PARTICULAR,1,6,2026
7133,SERRA NEGRA,5045-0,DIRIGIR VEICULO COM VALIDADE DE CNH/PPD VENCIDA HA MAIS DE 30 DIAS,SP,MOTOCICLO,PARTICULAR,1,6,2026
7135,SERTAOZINHO,7684-2,Cond motoc/moton/ciclom c/ util cap de seg c/ vis/ocul prot des c/ regul Contran,SP,MOTOCICLO,PARTICULAR,2,6,2026
7057,SANTO ANDRE,6599-2,CONDUZIR O VEICULO REGISTRADO QUE NAO ESTEJA DEVIDAMENTE LICENCIADO,SP,MOTONETA,PARTICULAR,1,6,2026
7107,SAO PAULO,5002-0,"Multa, por nao identificacao do condutor infrator, imposta a pessoa juridica",Outras UFs,C. TRATOR,ALUGUEL,9,6,2026
6477,GUARULHOS,6050-1,AVAN O SIN VERM DO SEMAF EXC SE HOUVER SINALIZ PERM LIVRE CONV A DIR,SP,CAMINHONET,ALUGUEL,1,6,2026
7107,SAO PAULO,5843-4,"Deixar de indicar c/ antec, med gesto de braco/luz indicadora, mudanca de faixa",SP,CAMINHAO,ALUGUEL,1,6,2026
7107,SAO PAULO,6637-2,CONDUZIR O VEICULO COM EQUIPAMENTO OBRIGATORIO INEFICIENTE/INOPERANTE,SP,CAMINHAO,ALUGUEL,1,6,2026
7057,SANTO ANDRE,6653-1,CONDUZIR O VEICULO COM DESCARGA LIVRE,SP,MOTOCICLO,PARTICULAR,1,6,2026
6349,CORDEIROPOLIS,6645-0,CONDUZIR O VEICULO COM EQUIP OBRIGATORIO EM DESACORDO COM O ESTAB PELO CONTRAN,SP,MOTOCICLO,PARTICULAR,1,6,2026
7075,SAO BERNARDO DO CAMPO,5010-0,DIRIGIR VEICULO SEM POSSUIR CNH/PPD/ACC,SP,MOTOCICLO,PARTICULAR,1,6,2026
6215,BASTOS,7684-2,Cond motoc/moton/ciclom c/ util cap de seg c/ vis/ocul prot des c/ regul Contran,SP,MOTOCICLO,PARTICULAR,1,6,2026
6493,IBITINGA,5045-0,DIRIGIR VEICULO COM VALIDADE DE CNH/PPD VENCIDA HA MAIS DE 30 DIAS,SP,AUTOMOVEL,PARTICULAR,1,6,2026
7083,SAO JOAO DA BOA VISTA,6599-2,CONDUZIR O VEICULO REGISTRADO QUE NAO ESTEJA DEVIDAMENTE LICENCIADO,SP,MOTONETA,PARTICULAR,2,6,2026
7083,SAO JOAO DA BOA VISTA,5045-0,DIRIGIR VEICULO COM VALIDADE DE CNH/PPD VENCIDA HA MAIS DE 30 DIAS,SP,MOTOCICLO,PARTICULAR,1,6,2026
6125,ALVARES MACHADO,5185-1,Deixar o condutor de usar o cinto seguranca,SP,UTILITARIO,PARTICULAR,1,6,2026
7133,SERRA NEGRA,6599-2,CONDUZIR O VEICULO REGISTRADO QUE NAO ESTEJA DEVIDAMENTE LICENCIADO,SP,MOTOCICLO,PARTICULAR,1,6,2026
6979,RIO CLARO,7684-2,Cond motoc/moton/ciclom c/ util cap de seg c/ vis/ocul prot des c/ regul Contran,SP,MOTOCICLO,PARTICULAR,1,6,2026
7107,SAO PAULO,5002-0,"Multa, por nao identificacao do condutor infrator, imposta a pessoa juridica",SP,AUTOMOVEL,ALUGUEL,1,6,2026
7077,SAO CAETANO DO SUL,6599-2,CONDUZIR O VEICULO REGISTRADO QUE NAO ESTEJA DEVIDAMENTE LICENCIADO,SP,MOTOCICLO,PARTICULAR,2,6,2026
6281,CAIEIRAS,5185-1,Deixar o condutor de usar o cinto seguranca,SP,AUTOMOVEL,PARTICULAR,1,6,2026
6165,ARARAS,7340-0,DIRIGIR O VEIC USANDO CALCADO QUE N SE FIRME NOS PES/COMPROMETA UTILIZ PEDAIS,SP,MOTOCICLO,PARTICULAR,2,6,2026
6713,MOGI DAS CRUZES,7633-2,Dirigir veiculo manuseando telefone celular,SP,AUTOMOVEL,PARTICULAR,2,6,2026
6897,POA,6653-1,CONDUZIR O VEICULO COM DESCARGA LIVRE,SP,MOTOCICLO,PARTICULAR,1,6,2026
6179,ASSIS,6050-1,AVAN O SIN VERM DO SEMAF EXC SE HOUVER SINALIZ PERM LIVRE CONV A DIR,SP,MOTOCICLO,PARTICULAR,1,6,2026
6969,RIBEIRAO PRETO,6050-1,AVAN O SIN VERM DO SEMAF EXC SE HOUVER SINALIZ PERM LIVRE CONV A DIR,SP,MOTOCICLO,PARTICULAR,2,6,2026
6883,PIRAPORA DO BOM JESUS,5720-0,TRANSITAR PELA CONTRAMAO DE DIRECAO EM VIA COM DUPLO SENTIDO DE CIRCULACAO,SP,MOTOCICLO,PARTICULAR,1,6,2026
6853,PERUIBE,6769-0,"CONDUZIR VEIC C/ DEFEITO NO SIST DE ILUMINACAO, SINALIZ OU LAMPADAS QUEIMADAS",SP,AUTOMOVEL,PARTICULAR,1,6,2026
6377,DIADEMA,6599-2,CONDUZIR O VEICULO REGISTRADO QUE NAO ESTEJA DEVIDAMENTE LICENCIADO,SP,AUTOMOVEL,PARTICULAR,4,6,2026
6209,BARRETOS,5185-2,Deixar o passageiro de usar o cinto seguranca,SP,AUTOMOVEL,PARTICULAR,1,6,2026
6729,MONTE APRAZIVEL,5193-0,Transportar crianca sem observancia das normas de seguranca estabelecidas p/ CTB,SP,AUTOMOVEL,PARTICULAR,1,6,2026
6619,JUNDIAI,7340-0,DIRIGIR O VEIC USANDO CALCADO QUE N SE FIRME NOS PES/COMPROMETA UTILIZ PEDAIS,SP,MOTOCICLO,PARTICULAR,1,6,2026
6241,BOM JESUS DOS PERDOES,6726-1,"CONDUZIR O VEICULO EM MAU ESTADO DE CONSERVACAO, COMPROMETENDO A SEGURANCA",Outras UFs,MOTOCICLO,PARTICULAR,1,6,2026
6241,BOM JESUS DOS PERDOES,6599-2,CONDUZIR O VEICULO REGISTRADO QUE NAO ESTEJA DEVIDAMENTE LICENCIADO,SP,MOTOCICLO,PARTICULAR,1,6,2026
7033,SANTA FE DO SUL,6599-2,CONDUZIR O VEICULO REGISTRADO QUE NAO ESTEJA DEVIDAMENTE LICENCIADO,SP,AUTOMOVEL,PARTICULAR,1,6,2026
7095,SAO JOSE DO RIO PARDO,6637-1,CONDUZIR O VEICULO SEM EQUIPAMENTO OBRIGATORIO,SP,MOTOCICLO,PARTICULAR,1,6,2026
7107,SAO PAULO,6050-1,AVAN O SIN VERM DO SEMAF EXC SE HOUVER SINALIZ PERM LIVRE CONV A DIR,SP,CAMINHONET,ALUGUEL,5,6,2026
7145,SOROCABA,6050-1,AVAN O SIN VERM DO SEMAF EXC SE HOUVER SINALIZ PERM LIVRE CONV A DIR,SP,MOTOCICLO,PARTICULAR,7,6,2026
6619,JUNDIAI,5185-1,Deixar o condutor de usar o cinto seguranca,SP,CAMINHONET,PARTICULAR,2,6,2026
6711,MOCOCA,5738-0,TRANSITAR PELA CONTRAMAO DE DIRECAO EM VIA C/ SINALIZACAO DE REGUL SENTIDO UNICO,SP,MOTOCICLO,PARTICULAR,1,6,2026
6291,CAMPINAS,6637-1,CONDUZIR O VEICULO SEM EQUIPAMENTO OBRIGATORIO,SP,MOTOCICLO,PARTICULAR,1,6,2026
7107,SAO PAULO,5720-0,TRANSITAR PELA CONTRAMAO DE DIRECAO EM VIA COM DUPLO SENTIDO DE CIRCULACAO,SP,AUTOMOVEL,PARTICULAR,5,6,2026
7107,SAO PAULO,5827-0,"TRANSITAR EM MARCHA RE, SALVO NA DISTANCIA NECESSARIA A PEQUENAS MANOBRAS",SP,AUTOMOVEL,PARTICULAR,1,6,2026
6131,AMERICANA,7366-2,DIRIGIR VEICULO UTILIZANDO-SE DE TELEFONE CELULAR,SP,AUTOMOVEL,PARTICULAR,3,6,2026
6409,FARTURA,5207-0,Dirigir sem atencao ou sem os cuidados indispensaveis a seguranca,SP,MOTOCICLO,PARTICULAR,1,6,2026
6191,BADY BASSITT,5045-0,DIRIGIR VEICULO COM VALIDADE DE CNH/PPD VENCIDA HA MAIS DE 30 DIAS,SP,AUTOMOVEL,PARTICULAR,1,6,2026
6131,AMERICANA,5045-0,DIRIGIR VEICULO COM VALIDADE DE CNH/PPD VENCIDA HA MAIS DE 30 DIAS,SP,MOTOCICLO,PARTICULAR,1,6,2026
7051,SANTA RITA DO PASSA QUATRO,7366-2,DIRIGIR VEICULO UTILIZANDO-SE DE TELEFONE CELULAR,SP,AUTOMOVEL,PARTICULAR,1,6,2026
6905,PONTAL,7633-2,Dirigir veiculo manuseando telefone celular,SP,AUTOMOVEL,PARTICULAR,2,6,2026
6313,CARAPICUIBA,5738-0,TRANSITAR PELA CONTRAMAO DE DIRECAO EM VIA C/ SINALIZACAO DE REGUL SENTIDO UNICO,SP,MOTOCICLO,PARTICULAR,2,6,2026
6843,PEDREIRA,6653-2,CONDUZIR O VEICULO COM SILENCIADOR DE MOTOR DEFEITUOSO/DEFICIENTE/INOPERANTE,SP,MOTOCICLO,PARTICULAR,1,6,2026
6863,PINDORAMA,5010-0,DIRIGIR VEICULO SEM POSSUIR CNH/PPD/ACC,SP,MOTOCICLO,PARTICULAR,1,6,2026
7107,SAO PAULO,7633-2,Dirigir veiculo manuseando telefone celular,SP,MOTOCICLO,PARTICULAR,3,6,2026
6183,AURIFLAMA,7684-2,Cond motoc/moton/ciclom c/ util cap de seg c/ vis/ocul prot des c/ regul Contran,SP,MOTONETA,PARTICULAR,1,6,2026
6475,GUARUJA,6653-2,CONDUZIR O VEICULO COM SILENCIADOR DE MOTOR DEFEITUOSO/DEFICIENTE/INOPERANTE,SP,MOTOCICLO,PARTICULAR,1,6,2026
7107,SAO PAULO,7293-0,"UTILIZAR O PISCA-ALERTA, EXCETO EM IMOBILIZACOES OU SITUACOES DE EMERGENCIA",SP,CAMIONETA,PARTICULAR,1,6,2026
6219,BAURU,6726-1,"CONDUZIR O VEICULO EM MAU ESTADO DE CONSERVACAO, COMPROMETENDO A SEGURANCA",SP,MOTOCICLO,PARTICULAR,2,6,2026
6219,BAURU,6637-1,CONDUZIR O VEICULO SEM EQUIPAMENTO OBRIGATORIO,SP,MOTOCICLO,PARTICULAR,1,6,2026
6715,MOGI-GUACU,7684-2,Cond motoc/moton/ciclom c/ util cap de seg c/ vis/ocul prot des c/ regul Contran,SP,MOTOCICLO,PARTICULAR,3,6,2026
7149,SUMARE,5029-2,DIRIGIR VEICULO COM CNH/PPD/ACC COM SUSPENSAO DO DIREITO DE DIRIGIR,SP,MOTOCICLO,PARTICULAR,1,6,2026
7107,SAO PAULO,6920-1,"Deixar de efetuar registro do veiculo em 30 dias, qdo for transf a propriedade",SP,CAMIONETA,PARTICULAR,28,6,2026
6475,GUARUJA,6599-2,CONDUZIR O VEICULO REGISTRADO QUE NAO ESTEJA DEVIDAMENTE LICENCIADO,SP,AUTOMOVEL,PARTICULAR,3,6,2026
7107,SAO PAULO,5010-0,DIRIGIR VEICULO SEM POSSUIR CNH/PPD/ACC,SP,CAMIONETA,PARTICULAR,3,6,2026
7075,SAO BERNARDO DO CAMPO,7684-2,Cond motoc/moton/ciclom c/ util cap de seg c/ vis/ocul prot des c/ regul Contran,SP,MOTOCICLO,PARTICULAR,2,6,2026
6789,OSASCO,7684-1,Cond motoc/moton/ciclom c/ util cap de seg s/ vis/ocul prot,SP,MOTOCICLO,PARTICULAR,2,6,2026
6639,LIMEIRA,6670-0,CONDUZIR O VEICULO C/ EQUIP DO SISTEMA DE ILUMINACAO E DE SINALIZACAO ALTERADOS,SP,MOTOCICLO,PARTICULAR,3,6,2026
6717,MOGI-MIRIM,6599-2,CONDUZIR O VEICULO REGISTRADO QUE NAO ESTEJA DEVIDAMENTE LICENCIADO,SP,AUTOMOVEL,PARTICULAR,1,6,2026
7107,SAO PAULO,5002-0,"Multa, por nao identificacao do condutor infrator, imposta a pessoa juridica",Outras UFs,CAMINHAO,ALUGUEL,6,6,2026
7035,SANTA GERTRUDES,6726-1,"CONDUZIR O VEICULO EM MAU ESTADO DE CONSERVACAO, COMPROMETENDO A SEGURANCA",SP,MOTOCICLO,PARTICULAR,2,6,2026
7079,SAO CARLOS,5045-0,DIRIGIR VEICULO COM VALIDADE DE CNH/PPD VENCIDA HA MAIS DE 30 DIAS,SP,AUTOMOVEL,PARTICULAR,2,6,2026
7107,SAO PAULO,5207-0,Dirigir sem atencao ou sem os cuidados indispensaveis a seguranca,Outras UFs,AUTOMOVEL,PARTICULAR,1,6,2026
6711,MOCOCA,6599-2,CONDUZIR O VEICULO REGISTRADO QUE NAO ESTEJA DEVIDAMENTE LICENCIADO,SP,AUTOMOVEL,PARTICULAR,1,6,2026
6789,OSASCO,5010-0,DIRIGIR VEICULO SEM POSSUIR CNH/PPD/ACC,SP,MOTOCICLO,PARTICULAR,2,6,2026
7107,SAO PAULO,5002-0,"Multa, por nao identificacao do condutor infrator, imposta a pessoa juridica",SP,MICROONIB,ALUGUEL,6,6,2026
7107,SAO PAULO,6637-1,CONDUZIR O VEICULO SEM EQUIPAMENTO OBRIGATORIO,SP,MOTOCICLO,PARTICULAR,9,6,2026
7107,SAO PAULO,6769-0,"CONDUZIR VEIC C/ DEFEITO NO SIST DE ILUMINACAO, SINALIZ OU LAMPADAS QUEIMADAS",Outras UFs,MOTONETA,PARTICULAR,1,6,2026
7107,SAO PAULO,7366-2,DIRIGIR VEICULO UTILIZANDO-SE DE TELEFONE CELULAR,SP,AUTOMOVEL,PARTICULAR,18,6,2026
6949,REGENTE FEIJO,7340-0,DIRIGIR O VEIC USANDO CALCADO QUE N SE FIRME NOS PES/COMPROMETA UTILIZ PEDAIS,SP,MOTOCICLO,PARTICULAR,1,6,2026
6681,MARILIA,6726-1,"CONDUZIR O VEICULO EM MAU ESTADO DE CONSERVACAO, COMPROMETENDO A SEGURANCA",SP,MOTOCICLO,PARTICULAR,3,6,2026
7107,SAO PAULO,6726-1,"CONDUZIR O VEICULO EM MAU ESTADO DE CONSERVACAO, COMPROMETENDO A SEGURANCA",SP,C. TRATOR,ALUGUEL,2,6,2026
6249,BOTUCATU,6599-2,CONDUZIR O VEICULO REGISTRADO QUE NAO ESTEJA DEVIDAMENTE LICENCIADO,SP,CAMINHONET,PARTICULAR,1,6,2026
6401,EMBU DAS ARTES,5835-0,Desobedecer as ordens emanadas da autorid compet de transito ou de seus agentes,SP,MOTOCICLO,PARTICULAR,1,6,2026
6789,OSASCO,6050-1,AVAN O SIN VERM DO SEMAF EXC SE HOUVER SINALIZ PERM LIVRE CONV A DIR,SP,MOTOCICLO,PARTICULAR,1,6,2026
7107,SAO PAULO,5185-1,Deixar o condutor de usar o cinto seguranca,SP,CAMINHONET,PARTICULAR,15,6,2026
7107,SAO PAULO,7234-0,"EM MOVIMENTO, DEIXAR DE MANTER ACESA A LUZ BAIXA DURANTE A NOITE",SP,AUTOMOVEL,ALUGUEL,1,6,2026
7197,TREMEMBE,5118-0,PERMITIR POSSE/CONDUCAO DO VEICULO A PESSOA SEM CNH/PPD/ACC,SP,MOTONETA,PARTICULAR,1,6,2026
7107,SAO PAULO,5690-0,TRANSITAR NA FAIXA/PISTA DA ESQUERDA REGUL CIRCULACAO EXCLUSIVA DETERM VEICULO,SP,MOTOCICLO,PARTICULAR,3,6,2026
7107,SAO PAULO,7633-1,Dirigir veiculo segurando telefone celular,SP,UTILITARIO,PARTICULAR,2,6,2026
6475,GUARUJA,7684-2,Cond motoc/moton/ciclom c/ util cap de seg c/ vis/ocul prot des c/ regul Contran,SP,MOTOCICLO,PARTICULAR,1,6,2026
7107,SAO PAULO,5827-0,"TRANSITAR EM MARCHA RE, SALVO NA DISTANCIA NECESSARIA A PEQUENAS MANOBRAS",SP,CAMIONETA,PARTICULAR,2,6,2026
7149,SUMARE,5142-0,PERMITIR POSSE/CONDUCAO DO VEIC A PESSOA COM CNH/PPD VENCIDA HA MAIS DE 30 DIAS,SP,MOTOCICLO,PARTICULAR,1,6,2026
6789,OSASCO,6653-1,CONDUZIR O VEICULO COM DESCARGA LIVRE,SP,MOTOCICLO,PARTICULAR,3,6,2026
6563,ITAQUAQUECETUBA,7366-2,DIRIGIR VEICULO UTILIZANDO-SE DE TELEFONE CELULAR,SP,AUTOMOVEL,PARTICULAR,1,6,2026
7107,SAO PAULO,5967-0,"ULTRAPASSAR PELA CONTRAMAO LINHA DE DIVISAO DE FLUXOS OPOSTOS, CONTINUA AMARELA",SP,MOTOCICLO,PARTICULAR,1,6,2026
6131,AMERICANA,7340-0,DIRIGIR O VEIC USANDO CALCADO QUE N SE FIRME NOS PES/COMPROMETA UTILIZ PEDAIS,SP,MOTOCICLO,PARTICULAR,1,6,2026
6489,IBIRA,5185-1,Deixar o condutor de usar o cinto seguranca,SP,AUTOMOVEL,PARTICULAR,1,6,2026
7173,TAPIRATIBA,6599-2,CONDUZIR O VEICULO REGISTRADO QUE NAO ESTEJA DEVIDAMENTE LICENCIADO,SP,AUTOMOVEL,PARTICULAR,1,6,2026
7107,SAO PAULO,6602-0,CONDUZIR O VEICULO COM QUALQUER UMA DAS PLACAS SEM LEGIBILIDADE E VISIBILIDADE,SP,MOTONETA,PARTICULAR,1,6,2026
6549,ITAPEVA,5185-1,Deixar o condutor de usar o cinto seguranca,SP,AUTOMOVEL,PARTICULAR,1,6,2026
6619,JUNDIAI,6408-0,PORTAR NO VEICULO PLACAS DE IDENTIFICACAO EM DESACORDO C/ ESPECIF/MODELO CONTRAN,Outras UFs,MOTOCICLO,PARTICULAR,1,6,2026
7209,UBATUBA,6530-0,USAR NO VEICULO EQUIP C/ SOM EM VOLUME/FREQUENCIA NAO AUTORIZADOS PELO CONTRAN,Outras UFs,AUTOMOVEL,PARTICULAR,1,6,2026
6621,JUNQUEIROPOLIS,7340-0,DIRIGIR O VEIC USANDO CALCADO QUE N SE FIRME NOS PES/COMPROMETA UTILIZ PEDAIS,SP,MOTOCICLO,PARTICULAR,1,6,2026
6425,FRANCA,5029-2,DIRIGIR VEICULO COM CNH/PPD/ACC COM SUSPENSAO DO DIREITO DE DIRIGIR,Outras UFs,MOTOCICLO,PARTICULAR,1,6,2026
6477,GUARULHOS,6050-1,AVAN O SIN VERM DO SEMAF EXC SE HOUVER SINALIZ PERM LIVRE CONV A DIR,SP,MOTOCICLO,PARTICULAR,1,6,2026
6715,MOGI-GUACU,5185-1,Deixar o condutor de usar o cinto seguranca,Outras UFs,AUTOMOVEL,,1,6,2026
6427,FRANCISCO MORATO,5045-0,DIRIGIR VEICULO COM VALIDADE DE CNH/PPD VENCIDA HA MAIS DE 30 DIAS,SP,AUTOMOVEL,PARTICULAR,1,6,2026
6589,JACAREI,5118-0,PERMITIR POSSE/CONDUCAO DO VEICULO A PESSOA SEM CNH/PPD/ACC,SP,MOTOCICLO,PARTICULAR,1,6,2026
7107,SAO PAULO,5266-2,PARTICIPAR NA VIA COMO CONDUTOR EM EVENTOS ORGANIZADOS SEM PERMISSAO,SP,MOTOCICLO,PARTICULAR,1,6,2026
6313,CARAPICUIBA,6637-2,CONDUZIR O VEICULO COM EQUIPAMENTO OBRIGATORIO INEFICIENTE/INOPERANTE,SP,AUTOMOVEL,PARTICULAR,1,6,2026
6475,GUARUJA,5010-0,DIRIGIR VEICULO SEM POSSUIR CNH/PPD/ACC,SP,MOTOCICLO,PARTICULAR,1,6,2026
6639,LIMEIRA,6050-1,AVAN O SIN VERM DO SEMAF EXC SE HOUVER SINALIZ PERM LIVRE CONV A DIR,SP,MOTONETA,PARTICULAR,1,6,2026
2949,ENGENHEIRO COELHO,7366-2,DIRIGIR VEICULO UTILIZANDO-SE DE TELEFONE CELULAR,SP,CAMIONETA,OFICIAL,1,6,2026
7133,SERRA NEGRA,5274-1,UTILIZ VEIC DEMONST/EXIBIR MANOBRA PERIGOSA MEDIANTE ARRANCADA BRUSCA,SP,MOTOCICLO,PARTICULAR,1,6,2026
6581,ITUPEVA,5185-1,Deixar o condutor de usar o cinto seguranca,SP,AUTOMOVEL,PARTICULAR,1,6,2026
6963,RIBEIRAO CORRENTE,5207-0,Dirigir sem atencao ou sem os cuidados indispensaveis a seguranca,SP,MOTOCICLO,PARTICULAR,1,6,2026
6619,JUNDIAI,5010-0,DIRIGIR VEICULO SEM POSSUIR CNH/PPD/ACC,SP,MOTONETA,PARTICULAR,1,6,2026
7107,SAO PAULO,7633-2,Dirigir veiculo manuseando telefone celular,SP,AUTOMOVEL,ALUGUEL,3,6,2026
7107,SAO PAULO,6050-1,AVAN O SIN VERM DO SEMAF EXC SE HOUVER SINALIZ PERM LIVRE CONV A DIR,Outras UFs,CAMIONETA,PARTICULAR,1,6,2026
6875,PIRACICABA,6726-1,"CONDUZIR O VEICULO EM MAU ESTADO DE CONSERVACAO, COMPROMETENDO A SEGURANCA",SP,AUTOMOVEL,PARTICULAR,1,6,2026
6179,ASSIS,7358-0,"DIRIGIR O VEICULO COM APENAS UMA DAS MAOS, EXCETO QUANDO PERMITIDO PELO CTB",SP,CAMINHONET,PARTICULAR,1,6,2026
6697,MINEIROS DO TIETE,5193-0,Transportar crianca sem observancia das normas de seguranca estabelecidas p/ CTB,SP,AUTOMOVEL,PARTICULAR,1,6,2026
7149,SUMARE,6610-2,CONDUZIR O VEICULO COM CARACTERISTICA ALTERADA,SP,CAMINHONET,PARTICULAR,1,6,2026
6249,BOTUCATU,5010-0,DIRIGIR VEICULO SEM POSSUIR CNH/PPD/ACC,SP,MOTOCICLO,PARTICULAR,2,6,2026
7017,SANTA BARBARA DO OESTE,6637-2,CONDUZIR O VEICULO COM EQUIPAMENTO OBRIGATORIO INEFICIENTE/INOPERANTE,SP,AUTOMOVEL,PARTICULAR,1,6,2026
6323,CATANDUVA,5487-0,ESTACIONAR AO LADO DE OUTRO VEICULO EM FILA DUPLA,SP,AUTOMOVEL,PARTICULAR,1,6,2026
6687,MATAO,6599-2,CONDUZIR O VEICULO REGISTRADO QUE NAO ESTEJA DEVIDAMENTE LICENCIADO,SP,MOTOCICLO,PARTICULAR,2,6,2026
7107,SAO PAULO,7234-0,"EM MOVIMENTO, DEIXAR DE MANTER ACESA A LUZ BAIXA DURANTE A NOITE",SP,AUTOMOVEL,PARTICULAR,9,6,2026
6163,ARARAQUARA,6599-2,CONDUZIR O VEICULO REGISTRADO QUE NAO ESTEJA DEVIDAMENTE LICENCIADO,SP,CICLOMOTO,PARTICULAR,1,6,2026
7107,SAO PAULO,7285-0,"EM MOVIMENTO, DEIXAR DE MANTER A PLACA TRASEIRA ILUMINADA A NOITE",SP,CAMINHONET,PARTICULAR,1,6,2026
7107,SAO PAULO,7293-0,"UTILIZAR O PISCA-ALERTA, EXCETO EM IMOBILIZACOES OU SITUACOES DE EMERGENCIA",SP,AUTOMOVEL,PARTICULAR,1,6,2026
6861,PINDAMONHANGABA,5819-1,"TRANSITAR COM O VEICULO EM CALCADAS, PASSEIOS",SP,AUTOMOVEL,PARTICULAR,1,6,2026
6313,CARAPICUIBA,5843-1,"Deixar de indicar c/ antec, med gesto de braco/luz indicadora, inicio da marcha",SP,AUTOMOVEL,PARTICULAR,1,6,2026
6429,FRANCO DA ROCHA,6599-2,CONDUZIR O VEICULO REGISTRADO QUE NAO ESTEJA DEVIDAMENTE LICENCIADO,SP,MOTOCICLO,PARTICULAR,1,6,2026
6281,CAIEIRAS,5738-0,TRANSITAR PELA CONTRAMAO DE DIRECAO EM VIA C/ SINALIZACAO DE REGUL SENTIDO UNICO,SP,MOTOCICLO,PARTICULAR,1,6,2026
6959,RIBEIRAO BONITO,5045-0,DIRIGIR VEICULO COM VALIDADE DE CNH/PPD VENCIDA HA MAIS DE 30 DIAS,SP,CAMINHONET,PARTICULAR,1,6,2026
6717,MOGI-MIRIM,6726-1,"CONDUZIR O VEICULO EM MAU ESTADO DE CONSERVACAO, COMPROMETENDO A SEGURANCA",SP,AUTOMOVEL,PARTICULAR,1,6,2026
6305,CAPAO BONITO,5274-1,UTILIZ VEIC DEMONST/EXIBIR MANOBRA PERIGOSA MEDIANTE ARRANCADA BRUSCA,SP,MOTOCICLO,PARTICULAR,1,6,2026
7097,SAO JOSE DO RIO PRETO,6645-0,CONDUZIR O VEICULO COM EQUIP OBRIGATORIO EM DESACORDO COM O ESTAB PELO CONTRAN,SP,MOTOCICLO,PARTICULAR,1,6,2026
7145,SOROCABA,6726-1,"CONDUZIR O VEICULO EM MAU ESTADO DE CONSERVACAO, COMPROMETENDO A SEGURANCA",SP,MOTOCICLO,PARTICULAR,3,6,2026
6969,RIBEIRAO PRETO,5045-0,DIRIGIR VEICULO COM VALIDADE DE CNH/PPD VENCIDA HA MAIS DE 30 DIAS,SP,MOTONETA,PARTICULAR,1,6,2026
6563,ITAQUAQUECETUBA,6637-1,CONDUZIR O VEICULO SEM EQUIPAMENTO OBRIGATORIO,SP,MOTOCICLO,PARTICULAR,6,6,2026
6639,LIMEIRA,5185-1,Deixar o condutor de usar o cinto seguranca,SP,AUTOMOVEL,PARTICULAR,9,6,2026
6921,PRAIA GRANDE,6599-2,CONDUZIR O VEICULO REGISTRADO QUE NAO ESTEJA DEVIDAMENTE LICENCIADO,SP,AUTOMOVEL,PARTICULAR,1,6,2026
6369,CRUZEIRO,5185-1,Deixar o condutor de usar o cinto seguranca,SP,AUTOMOVEL,PARTICULAR,1,6,2026
6717,MOGI-MIRIM,5045-0,DIRIGIR VEICULO COM VALIDADE DE CNH/PPD VENCIDA HA MAIS DE 30 DIAS,SP,CAMIONETA,PARTICULAR,1,6,2026
6589,JACAREI,6530-0,USAR NO VEICULO EQUIP C/ SOM EM VOLUME/FREQUENCIA NAO AUTORIZADOS PELO CONTRAN,SP,CAMIONETA,PARTICULAR,1,6,2026
6177,ARUJA,6653-1,CONDUZIR O VEICULO COM DESCARGA LIVRE,SP,MOTOCICLO,PARTICULAR,1,6,2026
6969,RIBEIRAO PRETO,7633-2,Dirigir veiculo manuseando telefone celular,SP,CAMIONETA,PARTICULAR,1,6,2026
6853,PERUIBE,5045-0,DIRIGIR VEICULO COM VALIDADE DE CNH/PPD VENCIDA HA MAIS DE 30 DIAS,SP,AUTOMOVEL,PARTICULAR,1,6,2026
7107,SAO PAULO,6653-1,CONDUZIR O VEICULO COM DESCARGA LIVRE,SP,MOTOCICLO,PARTICULAR,5,6,2026
6179,ASSIS,6530-0,USAR NO VEICULO EQUIP C/ SOM EM VOLUME/FREQUENCIA NAO AUTORIZADOS PELO CONTRAN,SP,CAMINHONET,PARTICULAR,2,6,2026
6853,PERUIBE,6769-0,"CONDUZIR VEIC C/ DEFEITO NO SIST DE ILUMINACAO, SINALIZ OU LAMPADAS QUEIMADAS",SP,MOTOCICLO,PARTICULAR,2,6,2026
6601,JANDIRA,7374-0,BLOQUEAR A VIA COM VEICULO,SP,AUTOMOVEL,PARTICULAR,1,6,2026
6573,ITIRAPINA,5118-0,PERMITIR POSSE/CONDUCAO DO VEICULO A PESSOA SEM CNH/PPD/ACC,SP,CAMIONETA,PARTICULAR,1,6,2026
6711,MOCOCA,7633-2,Dirigir veiculo manuseando telefone celular,SP,MOTOCICLO,PARTICULAR,1,6,2026
6639,LIMEIRA,5045-0,DIRIGIR VEICULO COM VALIDADE DE CNH/PPD VENCIDA HA MAIS DE 30 DIAS,SP,MOTOCICLO,PARTICULAR,4,6,2026
6229,BIRIGUI,7579-0,"REC SUB TEST, EX CLIN, PERIC OU PROC Q PERM CERT INFL ALC/SUB PSIC FOR ART. 277",SP,AUTOMOVEL,PARTICULAR,1,6,2026
7121,SAO VICENTE,5738-0,TRANSITAR PELA CONTRAMAO DE DIRECAO EM VIA C/ SINALIZACAO DE REGUL SENTIDO UNICO,SP,AUTOMOVEL,PARTICULAR,1,6,2026
7149,SUMARE,6726-1,"CONDUZIR O VEICULO EM MAU ESTADO DE CONSERVACAO, COMPROMETENDO A SEGURANCA",SP,MOTOCICLO,PARTICULAR,2,6,2026
7107,SAO PAULO,5061-0,ENTREGAR VEICULO A PESSOA SEM CNH/PPD/ACC,SP,CAMIONETA,PARTICULAR,1,6,2026
6563,ITAQUAQUECETUBA,5193-0,Transportar crianca sem observancia das normas de seguranca estabelecidas p/ CTB,SP,AUTOMOVEL,PARTICULAR,1,6,2026
7107,SAO PAULO,5207-0,Dirigir sem atencao ou sem os cuidados indispensaveis a seguranca,SP,UTILITARIO,PARTICULAR,1,6,2026
6789,OSASCO,6050-1,AVAN O SIN VERM DO SEMAF EXC SE HOUVER SINALIZ PERM LIVRE CONV A DIR,SP,AUTOMOVEL,PARTICULAR,1,6,2026
6313,CARAPICUIBA,6726-1,"CONDUZIR O VEICULO EM MAU ESTADO DE CONSERVACAO, COMPROMETENDO A SEGURANCA",SP,AUTOMOVEL,PARTICULAR,1,6,2026
7107,SAO PAULO,6602-0,CONDUZIR O VEICULO COM QUALQUER UMA DAS PLACAS SEM LEGIBILIDADE E VISIBILIDADE,SP,CAMIONETA,PARTICULAR,1,6,2026
6689,MAUA,7633-1,Dirigir veiculo segurando telefone celular,SP,AUTOMOVEL,PARTICULAR,1,6,2026
7107,SAO PAULO,6920-1,"Deixar de efetuar registro do veiculo em 30 dias, qdo for transf a propriedade",SP,ONIBUS,PARTICULAR,2,6,2026
7107,SAO PAULO,7560-0,CONDUZIR VEIC DE TRANSP PASSAG OU CARGA EM DESACORDO C/ AS COND DO ART 67-C CTB,SP,ONIBUS,ALUGUEL,1,6,2026
6361,COTIA,6556-1,CONDUZIR O VEICULO COM O LACRE DE IDENTIFICACAO VIOLADO/FALSIFICADO,SP,MOTOCICLO,PARTICULAR,1,6,2026
6409,FARTURA,5142-0,PERMITIR POSSE/CONDUCAO DO VEIC A PESSOA COM CNH/PPD VENCIDA HA MAIS DE 30 DIAS,SP,AUTOMOVEL,PARTICULAR,1,6,2026
6529,IRACEMAPOLIS,6599-2,CONDUZIR O VEICULO REGISTRADO QUE NAO ESTEJA DEVIDAMENTE LICENCIADO,SP,AUTOMOVEL,PARTICULAR,1,6,2026
6713,MOGI DAS CRUZES,5800-0,DEIXAR GUARDAR DIST SEGURANCA LAT/FRONT ENTRE SEU VEIC E DEMAIS E AO BORDO PISTA,SP,MOTOCICLO,PARTICULAR,1,6,2026
6431,GABRIEL MONTEIRO,6726-1,"CONDUZIR O VEICULO EM MAU ESTADO DE CONSERVACAO, COMPROMETENDO A SEGURANCA",SP,AUTOMOVEL,PARTICULAR,1,6,2026
7095,SAO JOSE DO RIO PARDO,6599-2,CONDUZIR O VEICULO REGISTRADO QUE NAO ESTEJA DEVIDAMENTE LICENCIADO,SP,AUTOMOVEL,PARTICULAR,1,6,2026
6425,FRANCA,7749-2,DIRIGIR VEICULO SEM POSSUIR CURSOS ESPECIFICOS OBRIGATORIOS,SP,AUTOMOVEL,PARTICULAR,1,6,2026
7075,SAO BERNARDO DO CAMPO,6599-2,CONDUZIR O VEICULO REGISTRADO QUE NAO ESTEJA DEVIDAMENTE LICENCIADO,SP,MOTOCICLO,PARTICULAR,2,6,2026
7057,SANTO ANDRE,7048-1,"CONDUZIR MOTOCICLETA, MOTONETA E CICLOMOTOR TRANSPORTANDO PASSAGEIRO S/ CAPACETE",SP,MOTONETA,PARTICULAR,1,6,2026
6601,JANDIRA,6599-2,CONDUZIR O VEICULO REGISTRADO QUE NAO ESTEJA DEVIDAMENTE LICENCIADO,SP,MOTOCICLO,PARTICULAR,1,6,2026
7107,SAO PAULO,5002-0,"Multa, por nao identificacao do condutor infrator, imposta a pessoa juridica",Outras UFs,CAMINHONET,,1,6,2026
6971,RIVERSUL,6599-2,CONDUZIR O VEICULO REGISTRADO QUE NAO ESTEJA DEVIDAMENTE LICENCIADO,SP,MOTOCICLO,PARTICULAR,1,6,2026
6313,CARAPICUIBA,6645-0,CONDUZIR O VEICULO COM EQUIP OBRIGATORIO EM DESACORDO COM O ESTAB PELO CONTRAN,SP,MOTOCICLO,PARTICULAR,1,6,2026
6589,JACAREI,6726-1,"CONDUZIR O VEICULO EM MAU ESTADO DE CONSERVACAO, COMPROMETENDO A SEGURANCA",SP,MOTOCICLO,PARTICULAR,2,6,2026
6853,PERUIBE,5207-0,Dirigir sem atencao ou sem os cuidados indispensaveis a seguranca,SP,MOTOCICLO,PARTICULAR,1,6,2026
6369,CRUZEIRO,6599-2,CONDUZIR O VEICULO REGISTRADO QUE NAO ESTEJA DEVIDAMENTE LICENCIADO,SP,MOTOCICLO,PARTICULAR,2,6,2026
6639,LIMEIRA,6769-0,"CONDUZIR VEIC C/ DEFEITO NO SIST DE ILUMINACAO, SINALIZ OU LAMPADAS QUEIMADAS",SP,MOTOCICLO,PARTICULAR,2,6,2026
7243,VOTORANTIM,5207-0,Dirigir sem atencao ou sem os cuidados indispensaveis a seguranca,SP,MOTOCICLO,PARTICULAR,1,6,2026
6875,PIRACICABA,6050-1,AVAN O SIN VERM DO SEMAF EXC SE HOUVER SINALIZ PERM LIVRE CONV A DIR,SP,MOTOCICLO,PARTICULAR,1,6,2026
7099,SAO JOSE DOS CAMPOS,7633-2,Dirigir veiculo manuseando telefone celular,SP,CAMINHONET,ALUGUEL,1,6,2026
6361,COTIA,6637-2,CONDUZIR O VEICULO COM EQUIPAMENTO OBRIGATORIO INEFICIENTE/INOPERANTE,SP,MOTOCICLO,PARTICULAR,1,6,2026
7273,VARGEM GRANDE PAULISTA,5738-0,TRANSITAR PELA CONTRAMAO DE DIRECAO EM VIA C/ SINALIZACAO DE REGUL SENTIDO UNICO,SP,AUTOMOVEL,PARTICULAR,1,6,2026
7107,SAO PAULO,6050-3,AVAN O SIN VERM DO SEMAF EXC SE HOUVER SINALIZ PERM LIVRE CONV A DIR -FISC ELETR,SP,MOTOCICLO,PARTICULAR,2,6,2026
6361,COTIA,5185-1,Deixar o condutor de usar o cinto seguranca,SP,AUTOMOVEL,PARTICULAR,1,6,2026
7107,SAO PAULO,6050-3,AVAN O SIN VERM DO SEMAF EXC SE HOUVER SINALIZ PERM LIVRE CONV A DIR -FISC ELETR,SP,MOTONETA,PARTICULAR,1,6,2026
6219,BAURU,5274-1,UTILIZ VEIC DEMONST/EXIBIR MANOBRA PERIGOSA MEDIANTE ARRANCADA BRUSCA,SP,AUTOMOVEL,PARTICULAR,1,6,2026
6789,OSASCO,5207-0,Dirigir sem atencao ou sem os cuidados indispensaveis a seguranca,SP,AUTOMOVEL,PARTICULAR,1,6,2026
6487,IBATE,7030-1,Conduzir motoc/moton/ciclom s/ capacete de seguranca,SP,MOTOCICLO,PARTICULAR,1,6,2026
6509,ILHABELA,5045-0,DIRIGIR VEICULO COM VALIDADE DE CNH/PPD VENCIDA HA MAIS DE 30 DIAS,SP,MOTOCICLO,PARTICULAR,1,6,2026
6645,LORENA,7340-0,DIRIGIR O VEIC USANDO CALCADO QUE N SE FIRME NOS PES/COMPROMETA UTILIZ PEDAIS,SP,MOTOCICLO,PARTICULAR,1,6,2026
7133,SERRA NEGRA,6653-1,CONDUZIR O VEICULO COM DESCARGA LIVRE,SP,MOTOCICLO,PARTICULAR,1,6,2026
7099,SAO JOSE DOS CAMPOS,6602-0,CONDUZIR O VEICULO COM QUALQUER UMA DAS PLACAS SEM LEGIBILIDADE E VISIBILIDADE,SP,MOTOCICLO,PARTICULAR,1,6,2026
7107,SAO PAULO,6637-2,CONDUZIR O VEICULO COM EQUIPAMENTO OBRIGATORIO INEFICIENTE/INOPERANTE,SP,C. TRATOR,ALUGUEL,4,6,2026
7107,SAO PAULO,6580-0,CONDUZIR O VEICULO SEM QUALQUER UMA DAS PLACAS DE IDENTIFICACAO,SP,MOTONETA,PARTICULAR,1,6,2026
6853,PERUIBE,7340-0,DIRIGIR O VEIC USANDO CALCADO QUE N SE FIRME NOS PES/COMPROMETA UTILIZ PEDAIS,SP,MOTOCICLO,PARTICULAR,3,6,2026
6219,BAURU,5193-0,Transportar crianca sem observancia das normas de seguranca estabelecidas p/ CTB,SP,CAMINHONET,PARTICULAR,1,6,2026
6639,LIMEIRA,6645-0,CONDUZIR O VEICULO COM EQUIP OBRIGATORIO EM DESACORDO COM O ESTAB PELO CONTRAN,SP,CAMINHAO,PARTICULAR,1,6,2026
6619,JUNDIAI,6599-2,CONDUZIR O VEICULO REGISTRADO QUE NAO ESTEJA DEVIDAMENTE LICENCIADO,SP,CAMINHONET,PARTICULAR,1,6,2026
6969,RIBEIRAO PRETO,5738-0,TRANSITAR PELA CONTRAMAO DE DIRECAO EM VIA C/ SINALIZACAO DE REGUL SENTIDO UNICO,SP,MOTOCICLO,PARTICULAR,1,6,2026
7107,SAO PAULO,6050-1,AVAN O SIN VERM DO SEMAF EXC SE HOUVER SINALIZ PERM LIVRE CONV A DIR,SP,CAMIONETA,ALUGUEL,1,6,2026
6469,GUARATINGUETA,5274-1,UTILIZ VEIC DEMONST/EXIBIR MANOBRA PERIGOSA MEDIANTE ARRANCADA BRUSCA,SP,MOTOCICLO,PARTICULAR,2,6,2026
7149,SUMARE,6637-1,CONDUZIR O VEICULO SEM EQUIPAMENTO OBRIGATORIO,SP,CAMINHONET,PARTICULAR,1,6,2026
6165,ARARAS,6599-2,CONDUZIR O VEICULO REGISTRADO QUE NAO ESTEJA DEVIDAMENTE LICENCIADO,SP,MOTOCICLO,PARTICULAR,1,6,2026
6779,OLIMPIA,5010-0,DIRIGIR VEICULO SEM POSSUIR CNH/PPD/ACC,SP,MOTONETA,PARTICULAR,1,6,2026
7135,SERTAOZINHO,5738-0,TRANSITAR PELA CONTRAMAO DE DIRECAO EM VIA C/ SINALIZACAO DE REGUL SENTIDO UNICO,SP,MOTOCICLO,PARTICULAR,1,6,2026
7107,SAO PAULO,5002-0,"Multa, por nao identificacao do condutor infrator, imposta a pessoa juridica",SP,MOTONETA,PARTICULAR,19,6,2026
7107,SAO PAULO,6920-1,"Deixar de efetuar registro do veiculo em 30 dias, qdo for transf a propriedade",SP,UTILITARIO,PARTICULAR,15,6,2026
7107,SAO PAULO,6920-1,"Deixar de efetuar registro do veiculo em 30 dias, qdo for transf a propriedade",SP,S. REBOQUE,PARTICULAR,2,6,2026
6861,PINDAMONHANGABA,5207-0,Dirigir sem atencao ou sem os cuidados indispensaveis a seguranca,SP,AUTOMOVEL,PARTICULAR,1,6,2026
7107,SAO PAULO,6726-1,"CONDUZIR O VEICULO EM MAU ESTADO DE CONSERVACAO, COMPROMETENDO A SEGURANCA",SP,MOTOCICLO,ALUGUEL,1,6,2026
7107,SAO PAULO,7366-2,DIRIGIR VEICULO UTILIZANDO-SE DE TELEFONE CELULAR,SP,CAMINHONET,PARTICULAR,3,6,2026
7237,VINHEDO,6408-0,PORTAR NO VEICULO PLACAS DE IDENTIFICACAO EM DESACORDO C/ ESPECIF/MODELO CONTRAN,SP,MOTOCICLO,PARTICULAR,1,6,2026
6249,BOTUCATU,5045-0,DIRIGIR VEICULO COM VALIDADE DE CNH/PPD VENCIDA HA MAIS DE 30 DIAS,SP,MOTOCICLO,PARTICULAR,1,6,2026
6219,BAURU,7633-2,Dirigir veiculo manuseando telefone celular,SP,AUTOMOVEL,PARTICULAR,1,6,2026
6477,GUARULHOS,5738-0,TRANSITAR PELA CONTRAMAO DE DIRECAO EM VIA C/ SINALIZACAO DE REGUL SENTIDO UNICO,SP,AUTOMOVEL,PARTICULAR,1,6,2026
7107,SAO PAULO,5185-2,Deixar o passageiro de usar o cinto seguranca,SP,CAMINHONET,PARTICULAR,2,6,2026
2951,HORTOLANDIA,5185-1,Deixar o condutor de usar o cinto seguranca,SP,CAMINHONET,PARTICULAR,1,6,2026
6409,FARTURA,5185-1,Deixar o condutor de usar o cinto seguranca,Outras UFs,AUTOMOVEL,PARTICULAR,1,6,2026
6639,LIMEIRA,6599-2,CONDUZIR O VEICULO REGISTRADO QUE NAO ESTEJA DEVIDAMENTE LICENCIADO,SP,AUTOMOVEL,PARTICULAR,3,6,2026
7047,SANTANA DE PARNAIBA,7684-2,Cond motoc/moton/ciclom c/ util cap de seg c/ vis/ocul prot des c/ regul Contran,SP,MOTOCICLO,PARTICULAR,1,6,2026
6189,AVARE,6050-2,AVANCAR O SINAL DE PARADA OBRIGATORIA,SP,CAMINHONET,PARTICULAR,1,6,2026
6619,JUNDIAI,6637-2,CONDUZIR O VEICULO COM EQUIPAMENTO OBRIGATORIO INEFICIENTE/INOPERANTE,SP,MOTOCICLO,PARTICULAR,1,6,2026
6639,LIMEIRA,5118-0,PERMITIR POSSE/CONDUCAO DO VEICULO A PESSOA SEM CNH/PPD/ACC,SP,MOTOCICLO,PARTICULAR,1,6,2026
7125,SARUTAIA,5185-1,Deixar o condutor de usar o cinto seguranca,SP,AUTOMOVEL,PARTICULAR,1,6,2026
7157,TABOAO DA SERRA,5185-1,Deixar o condutor de usar o cinto seguranca,SP,AUTOMOVEL,PARTICULAR,1,6,2026
6313,CARAPICUIBA,7684-2,Cond motoc/moton/ciclom c/ util cap de seg c/ vis/ocul prot des c/ regul Contran,SP,MOTOCICLO,PARTICULAR,2,6,2026
6349,CORDEIROPOLIS,6599-2,CONDUZIR O VEICULO REGISTRADO QUE NAO ESTEJA DEVIDAMENTE LICENCIADO,SP,AUTOMOVEL,PARTICULAR,1,6,2026
6787,ORLANDIA,6726-1,"CONDUZIR O VEICULO EM MAU ESTADO DE CONSERVACAO, COMPROMETENDO A SEGURANCA",SP,AUTOMOVEL,PARTICULAR,1,6,2026
6469,GUARATINGUETA,6050-1,AVAN O SIN VERM DO SEMAF EXC SE HOUVER SINALIZ PERM LIVRE CONV A DIR,SP,MOTOCICLO,PARTICULAR,1,6,2026
7075,SAO BERNARDO DO CAMPO,5045-0,DIRIGIR VEICULO COM VALIDADE DE CNH/PPD VENCIDA HA MAIS DE 30 DIAS,SP,MOTOCICLO,PARTICULAR,1,6,2026
6639,LIMEIRA,5045-0,DIRIGIR VEICULO COM VALIDADE DE CNH/PPD VENCIDA HA MAIS DE 30 DIAS,SP,MOTONETA,PARTICULAR,3,6,2026
7107,SAO PAULO,5738-0,TRANSITAR PELA CONTRAMAO DE DIRECAO EM VIA C/ SINALIZACAO DE REGUL SENTIDO UNICO,SP,CAMIONETA,PARTICULAR,1,6,2026
7107,SAO PAULO,6050-1,AVAN O SIN VERM DO SEMAF EXC SE HOUVER SINALIZ PERM LIVRE CONV A DIR,SP,AUTOMOVEL,PARTICULAR,78,6,2026
6361,COTIA,6637-1,CONDUZIR O VEICULO SEM EQUIPAMENTO OBRIGATORIO,SP,MOTOCICLO,PARTICULAR,1,6,2026
6619,JUNDIAI,6556-1,CONDUZIR O VEICULO COM O LACRE DE IDENTIFICACAO VIOLADO/FALSIFICADO,Outras UFs,MOTOCICLO,PARTICULAR,1,6,2026
6163,ARARAQUARA,7633-2,Dirigir veiculo manuseando telefone celular,SP,AUTOMOVEL,PARTICULAR,1,6,2026
7121,SAO VICENTE,6599-2,CONDUZIR O VEICULO REGISTRADO QUE NAO ESTEJA DEVIDAMENTE LICENCIADO,SP,AUTOMOVEL,PARTICULAR,1,6,2026
6249,BOTUCATU,6726-1,"CONDUZIR O VEICULO EM MAU ESTADO DE CONSERVACAO, COMPROMETENDO A SEGURANCA",SP,MOTOCICLO,PARTICULAR,10,6,2026
7243,VOTORANTIM,7684-2,Cond motoc/moton/ciclom c/ util cap de seg c/ vis/ocul prot des c/ regul Contran,SP,MOTOCICLO,PARTICULAR,2,6,2026
6425,FRANCA,6645-0,CONDUZIR O VEICULO COM EQUIP OBRIGATORIO EM DESACORDO COM O ESTAB PELO CONTRAN,SP,MOTOCICLO,PARTICULAR,1,6,2026
6601,JANDIRA,7633-1,Dirigir veiculo segurando telefone celular,SP,AUTOMOVEL,PARTICULAR,1,6,2026
6715,MOGI-GUACU,6599-2,CONDUZIR O VEICULO REGISTRADO QUE NAO ESTEJA DEVIDAMENTE LICENCIADO,SP,MOTONETA,PARTICULAR,1,6,2026
7107,SAO PAULO,5002-0,"Multa, por nao identificacao do condutor infrator, imposta a pessoa juridica",SP,CAMINHONET,OFICIAL,1,6,2026
7107,SAO PAULO,5185-1,Deixar o condutor de usar o cinto seguranca,SP,AUTOMOVEL,PARTICULAR,123,6,2026
6587,JABOTICABAL,5843-3,"Deixar de indicar c/ antec, med gesto de braco/luz indicadora, mudanca direcao",SP,MOTOCICLO,PARTICULAR,4,6,2026
6209,BARRETOS,5274-1,UTILIZ VEIC DEMONST/EXIBIR MANOBRA PERIGOSA MEDIANTE ARRANCADA BRUSCA,SP,MOTOCICLO,PARTICULAR,1,6,2026
6875,PIRACICABA,7340-0,DIRIGIR O VEIC USANDO CALCADO QUE N SE FIRME NOS PES/COMPROMETA UTILIZ PEDAIS,SP,MOTOCICLO,PARTICULAR,2,6,2026
7057,SANTO ANDRE,5207-0,Dirigir sem atencao ou sem os cuidados indispensaveis a seguranca,SP,MOTOCICLO,PARTICULAR,1,6,2026
6969,RIBEIRAO PRETO,6610-2,CONDUZIR O VEICULO COM CARACTERISTICA ALTERADA,SP,MOTOCICLO,PARTICULAR,1,6,2026
6313,CARAPICUIBA,7684-1,Cond motoc/moton/ciclom c/ util cap de seg s/ vis/ocul prot,SP,MOTONETA,PARTICULAR,1,6,2026
7107,SAO PAULO,5002-0,"Multa, por nao identificacao do condutor infrator, imposta a pessoa juridica",Outras UFs,ONIBUS,ALUGUEL,1,6,2026
6587,JABOTICABAL,6653-2,CONDUZIR O VEICULO COM SILENCIADOR DE MOTOR DEFEITUOSO/DEFICIENTE/INOPERANTE,SP,MOTOCICLO,PARTICULAR,3,6,2026
6553,ITAPIRA,5010-0,DIRIGIR VEICULO SEM POSSUIR CNH/PPD/ACC,SP,AUTOMOVEL,PARTICULAR,1,6,2026
6219,BAURU,5010-0,DIRIGIR VEICULO SEM POSSUIR CNH/PPD/ACC,SP,MOTOCICLO,PARTICULAR,1,6,2026
7247,BOREBI,6530-0,USAR NO VEICULO EQUIP C/ SOM EM VOLUME/FREQUENCIA NAO AUTORIZADOS PELO CONTRAN,SP,AUTOMOVEL,PARTICULAR,1,6,2026
7107,SAO PAULO,6599-2,CONDUZIR O VEICULO REGISTRADO QUE NAO ESTEJA DEVIDAMENTE LICENCIADO,SP,MOTONETA,PARTICULAR,18,6,2026
6711,MOCOCA,7030-1,Conduzir motoc/moton/ciclom s/ capacete de seguranca,SP,MOTOCICLO,PARTICULAR,1,6,2026
6887,PIRASSUNUNGA,6653-1,CONDUZIR O VEICULO COM DESCARGA LIVRE,SP,MOTOCICLO,PARTICULAR,1,6,2026
7107,SAO PAULO,6050-3,AVAN O SIN VERM DO SEMAF EXC SE HOUVER SINALIZ PERM LIVRE CONV A DIR -FISC ELETR,SP,AUTOMOVEL,PARTICULAR,1,6,2026
7107,SAO PAULO,6645-0,CONDUZIR O VEICULO COM EQUIP OBRIGATORIO EM DESACORDO COM O ESTAB PELO CONTRAN,SP,MOTOCICLO,PARTICULAR,2,6,2026
7107,SAO PAULO,5738-0,TRANSITAR PELA CONTRAMAO DE DIRECAO EM VIA C/ SINALIZACAO DE REGUL SENTIDO UNICO,SP,MOTOCICLO,PARTICULAR,12,6,2026
6595,JAGUARIUNA,6599-2,CONDUZIR O VEICULO REGISTRADO QUE NAO ESTEJA DEVIDAMENTE LICENCIADO,SP,MOTOCICLO,PARTICULAR,1,6,2026
6181,ATIBAIA,7366-2,DIRIGIR VEICULO UTILIZANDO-SE DE TELEFONE CELULAR,SP,AUTOMOVEL,PARTICULAR,1,6,2026
6163,ARARAQUARA,7285-0,"EM MOVIMENTO, DEIXAR DE MANTER A PLACA TRASEIRA ILUMINADA A NOITE",SP,AUTOMOVEL,PARTICULAR,1,6,2026
7083,SAO JOAO DA BOA VISTA,7633-1,Dirigir veiculo segurando telefone celular,SP,MOTONETA,PARTICULAR,1,6,2026
6209,BARRETOS,5185-1,Deixar o condutor de usar o cinto seguranca,SP,AUTOMOVEL,PARTICULAR,3,6,2026
7083,SAO JOAO DA BOA VISTA,5010-0,DIRIGIR VEICULO SEM POSSUIR CNH/PPD/ACC,SP,MOTONETA,PARTICULAR,1,6,2026
6717,MOGI-MIRIM,5045-0,DIRIGIR VEICULO COM VALIDADE DE CNH/PPD VENCIDA HA MAIS DE 30 DIAS,SP,AUTOMOVEL,PARTICULAR,1,6,2026
6487,IBATE,5045-0,DIRIGIR VEICULO COM VALIDADE DE CNH/PPD VENCIDA HA MAIS DE 30 DIAS,SP,AUTOMOVEL,PARTICULAR,1,6,2026
6477,GUARULHOS,5959-3,ULTRAPASSAR PELA CONTRAMAO VEICULO PARADO EM FILA JUNTO A CRUZAMENTO,SP,MOTOCICLO,PARTICULAR,1,6,2026
7157,TABOAO DA SERRA,5959-1,ULTRAPASSAR PELA CONTRAMAO VEICULO PARADO EM FILA JUNTO SINAL LUMINOSO,SP,AUTOMOVEL,PARTICULAR,1,6,2026
7157,TABOAO DA SERRA,7234-0,"EM MOVIMENTO, DEIXAR DE MANTER ACESA A LUZ BAIXA DURANTE A NOITE",Outras UFs,AUTOMOVEL,PARTICULAR,1,6,2026
7107,SAO PAULO,7358-0,"DIRIGIR O VEICULO COM APENAS UMA DAS MAOS, EXCETO QUANDO PERMITIDO PELO CTB",SP,AUTOMOVEL,PARTICULAR,7,6,2026
7145,SOROCABA,6050-2,AVANCAR O SINAL DE PARADA OBRIGATORIA,SP,CAMIONETA,PARTICULAR,1,6,2026
7149,SUMARE,5045-0,DIRIGIR VEICULO COM VALIDADE DE CNH/PPD VENCIDA HA MAIS DE 30 DIAS,SP,MOTOCICLO,PARTICULAR,1,6,2026
6827,PATROCINIO PAULISTA,7684-1,Cond motoc/moton/ciclom c/ util cap de seg s/ vis/ocul prot,SP,MOTOCICLO,PARTICULAR,1,6,2026
6163,ARARAQUARA,6602-0,CONDUZIR O VEICULO COM QUALQUER UMA DAS PLACAS SEM LEGIBILIDADE E VISIBILIDADE,SP,AUTOMOVEL,PARTICULAR,1,6,2026
7167,TAMBAU,6602-0,CONDUZIR O VEICULO COM QUALQUER UMA DAS PLACAS SEM LEGIBILIDADE E VISIBILIDADE,SP,MOTONETA,PARTICULAR,1,6,2026
6897,POA,6599-2,CONDUZIR O VEICULO REGISTRADO QUE NAO ESTEJA DEVIDAMENTE LICENCIADO,SP,AUTOMOVEL,PARTICULAR,1,6,2026
7121,SAO VICENTE,7340-0,DIRIGIR O VEIC USANDO CALCADO QUE N SE FIRME NOS PES/COMPROMETA UTILIZ PEDAIS,SP,MOTOCICLO,PARTICULAR,2,6,2026
7071,SANTOS,6599-2,CONDUZIR O VEICULO REGISTRADO QUE NAO ESTEJA DEVIDAMENTE LICENCIADO,SP,MOTONETA,PARTICULAR,1,6,2026
6639,LIMEIRA,5215-2,Dirigir ameacando os demais veiculos,SP,CAMINHONET,PARTICULAR,1,6,2026
7161,TAGUAI,6580-0,CONDUZIR O VEICULO SEM QUALQUER UMA DAS PLACAS DE IDENTIFICACAO,SP,AUTOMOVEL,PARTICULAR,1,6,2026
7149,SUMARE,6670-0,CONDUZIR O VEICULO C/ EQUIP DO SISTEMA DE ILUMINACAO E DE SINALIZACAO ALTERADOS,SP,MOTOCICLO,PARTICULAR,1,6,2026
7121,SAO VICENTE,5010-0,DIRIGIR VEICULO SEM POSSUIR CNH/PPD/ACC,SP,MOTOCICLO,PARTICULAR,2,6,2026
7237,VINHEDO,6599-2,CONDUZIR O VEICULO REGISTRADO QUE NAO ESTEJA DEVIDAMENTE LICENCIADO,SP,MOTOCICLO,PARTICULAR,1,6,2026
6707,MIRASSOL,6599-2,CONDUZIR O VEICULO REGISTRADO QUE NAO ESTEJA DEVIDAMENTE LICENCIADO,SP,AUTOMOVEL,PARTICULAR,1,6,2026
7231,VARGEM GRANDE DO SUL,7340-0,DIRIGIR O VEIC USANDO CALCADO QUE N SE FIRME NOS PES/COMPROMETA UTILIZ PEDAIS,SP,MOTOCICLO,PARTICULAR,1,6,2026
6639,LIMEIRA,5215-1,Dirigir ameacando os pedestres que estejam atravessando a via publica,SP,CAMINHONET,PARTICULAR,1,6,2026
7107,SAO PAULO,6920-1,"Deixar de efetuar registro do veiculo em 30 dias, qdo for transf a propriedade",SP,C. TRATOR,PARTICULAR,4,6,2026
7107,SAO PAULO,7633-2,Dirigir veiculo manuseando telefone celular,SP,AUTOMOVEL,PARTICULAR,117,6,2026
6587,JABOTICABAL,6769-0,"CONDUZIR VEIC C/ DEFEITO NO SIST DE ILUMINACAO, SINALIZ OU LAMPADAS QUEIMADAS",SP,MOTOCICLO,PARTICULAR,4,6,2026
6969,RIBEIRAO PRETO,7684-1,Cond motoc/moton/ciclom c/ util cap de seg s/ vis/ocul prot,SP,MOTONETA,PARTICULAR,1,6,2026
7107,SAO PAULO,6599-2,CONDUZIR O VEICULO REGISTRADO QUE NAO ESTEJA DEVIDAMENTE LICENCIADO,SP,CAMINHONET,ALUGUEL,7,6,2026
6313,CARAPICUIBA,6050-1,AVAN O SIN VERM DO SEMAF EXC SE HOUVER SINALIZ PERM LIVRE CONV A DIR,SP,CAMINHONET,ALUGUEL,1,6,2026
7107,SAO PAULO,5720-0,TRANSITAR PELA CONTRAMAO DE DIRECAO EM VIA COM DUPLO SENTIDO DE CIRCULACAO,SP,MOTOCICLO,PARTICULAR,3,6,2026
6433,GALIA,6769-0,"CONDUZIR VEIC C/ DEFEITO NO SIST DE ILUMINACAO, SINALIZ OU LAMPADAS QUEIMADAS",SP,AUTOMOVEL,PARTICULAR,1,6,2026
6807,PALMITAL,6599-2,CONDUZIR O VEICULO REGISTRADO QUE NAO ESTEJA DEVIDAMENTE LICENCIADO,SP,AUTOMOVEL,PARTICULAR,1,6,2026
7107,SAO PAULO,5185-1,Deixar o condutor de usar o cinto seguranca,Outras UFs,AUTOMOVEL,PARTICULAR,4,6,2026
6177,ARUJA,6726-1,"CONDUZIR O VEICULO EM MAU ESTADO DE CONSERVACAO, COMPROMETENDO A SEGURANCA",SP,MOTOCICLO,PARTICULAR,1,6,2026
6619,JUNDIAI,7340-0,DIRIGIR O VEIC USANDO CALCADO QUE N SE FIRME NOS PES/COMPROMETA UTILIZ PEDAIS,SP,MOTONETA,PARTICULAR,1,6,2026
7107,SAO PAULO,6050-1,AVAN O SIN VERM DO SEMAF EXC SE HOUVER SINALIZ PERM LIVRE CONV A DIR,SP,CAMINHAO,ALUGUEL,1,6,2026
7107,SAO PAULO,5002-0,"Multa, por nao identificacao do condutor infrator, imposta a pessoa juridica",SP,ONIBUS,ALUGUEL,5,6,2026
7107,SAO PAULO,7056-1,CONDUZIR MOTOC/MOTON/CICLOMOTOR FAZENDO MALABARISMO/EQUILIBRANDO-SE EM UMA RODA,SP,MOTOCICLO,PARTICULAR,6,6,2026
6163,ARARAQUARA,5010-0,DIRIGIR VEICULO SEM POSSUIR CNH/PPD/ACC,SP,AUTOMOVEL,PARTICULAR,1,6,2026
6359,COSMORAMA,5118-0,PERMITIR POSSE/CONDUCAO DO VEICULO A PESSOA SEM CNH/PPD/ACC,SP,AUTOMOVEL,PARTICULAR,1,6,2026
7145,SOROCABA,6769-0,"CONDUZIR VEIC C/ DEFEITO NO SIST DE ILUMINACAO, SINALIZ OU LAMPADAS QUEIMADAS",SP,AUTOMOVEL,PARTICULAR,1,6,2026
6493,IBITINGA,7633-2,Dirigir veiculo manuseando telefone celular,SP,AUTOMOVEL,PARTICULAR,2,6,2026
7107,SAO PAULO,5185-1,Deixar o condutor de usar o cinto seguranca,SP,MICROONIB,ALUGUEL,1,6,2026
7107,SAO PAULO,5002-0,"Multa, por nao identificacao do condutor infrator, imposta a pessoa juridica",Outras UFs,AUTOMOVEL,,2,6,2026
6189,AVARE,6050-2,AVANCAR O SINAL DE PARADA OBRIGATORIA,Outras UFs,CAMINHONET,PARTICULAR,1,6,2026
6409,FARTURA,6726-1,"CONDUZIR O VEICULO EM MAU ESTADO DE CONSERVACAO, COMPROMETENDO A SEGURANCA",SP,AUTOMOVEL,PARTICULAR,1,6,2026
7107,SAO PAULO,6017-1,"EXECUTAR OPERACAO DE RETORNO PASSANDO POR CIMA DE CALCADA, PASSEIO",SP,MOTOCICLO,PARTICULAR,1,6,2026
6875,PIRACICABA,6653-2,CONDUZIR O VEICULO COM SILENCIADOR DE MOTOR DEFEITUOSO/DEFICIENTE/INOPERANTE,SP,MOTOCICLO,PARTICULAR,2,6,2026
7107,SAO PAULO,7366-2,DIRIGIR VEICULO UTILIZANDO-SE DE TELEFONE CELULAR,Outras UFs,CAMINHONET,PARTICULAR,1,6,2026
7077,SAO CAETANO DO SUL,7633-1,Dirigir veiculo segurando telefone celular,SP,AUTOMOVEL,PARTICULAR,2,6,2026
6969,RIBEIRAO PRETO,6050-3,AVAN O SIN VERM DO SEMAF EXC SE HOUVER SINALIZ PERM LIVRE CONV A DIR -FISC ELETR,SP,MOTOCICLO,PARTICULAR,1,6,2026
6445,GUAICARA,5525-0,ESTACIONAR NA CONTRAMAO DE DIRECAO,SP,AUTOMOVEL,PARTICULAR,1,6,2026
7035,SANTA GERTRUDES,7684-2,Cond motoc/moton/ciclom c/ util cap de seg c/ vis/ocul prot des c/ regul Contran,SP,MOTOCICLO,PARTICULAR,2,6,2026
7107,SAO PAULO,5819-2,"TRANSITAR COM O VEICULO EM CICLOVIAS, CICLOFAIXAS",SP,MOTOCICLO,PARTICULAR,4,6,2026
6563,ITAQUAQUECETUBA,5045-0,DIRIGIR VEICULO COM VALIDADE DE CNH/PPD VENCIDA HA MAIS DE 30 DIAS,SP,MOTOCICLO,PARTICULAR,1,6,2026
6487,IBATE,6726-1,"CONDUZIR O VEICULO EM MAU ESTADO DE CONSERVACAO, COMPROMETENDO A SEGURANCA",SP,AUTOMOVEL,PARTICULAR,1,6,2026
7107,SAO PAULO,6572-0,CONDUZIR O VEICULO COM DISPOSITIVO ANTIRRADAR,SP,MOTOCICLO,PARTICULAR,2,6,2026
7079,SAO CARLOS,5061-0,ENTREGAR VEICULO A PESSOA SEM CNH/PPD/ACC,SP,AUTOMOVEL,PARTICULAR,1,6,2026
7077,SAO CAETANO DO SUL,6050-2,AVANCAR O SINAL DE PARADA OBRIGATORIA,Outras UFs,AUTOMOVEL,PARTICULAR,1,6,2026
7107,SAO PAULO,5185-1,Deixar o condutor de usar o cinto seguranca,Outras UFs,AUTOMOVEL,,2,6,2026
7107,SAO PAULO,6920-1,"Deixar de efetuar registro do veiculo em 30 dias, qdo for transf a propriedade",SP,TR. RODAS,PARTICULAR,1,6,2026
6977,RINOPOLIS,6599-2,CONDUZIR O VEICULO REGISTRADO QUE NAO ESTEJA DEVIDAMENTE LICENCIADO,SP,AUTOMOVEL,PARTICULAR,1,6,2026
6427,FRANCISCO MORATO,7030-1,Conduzir motoc/moton/ciclom s/ capacete de seguranca,SP,MOTOCICLO,PARTICULAR,1,6,2026
7203,TUPI PAULISTA,7633-2,Dirigir veiculo manuseando telefone celular,SP,AUTOMOVEL,PARTICULAR,1,6,2026
7251,EMBAUBA,6599-2,CONDUZIR O VEICULO REGISTRADO QUE NAO ESTEJA DEVIDAMENTE LICENCIADO,SP,AUTOMOVEL,PARTICULAR,1,6,2026
6573,ITIRAPINA,5010-0,DIRIGIR VEICULO SEM POSSUIR CNH/PPD/ACC,SP,CAMIONETA,PARTICULAR,1,6,2026
6639,LIMEIRA,5045-0,DIRIGIR VEICULO COM VALIDADE DE CNH/PPD VENCIDA HA MAIS DE 30 DIAS,Outras UFs,MOTOCICLO,,1,6,2026
7107,SAO PAULO,6599-2,CONDUZIR O VEICULO REGISTRADO QUE NAO ESTEJA DEVIDAMENTE LICENCIADO,SP,CAMIONETA,PARTICULAR,41,6,2026
7135,SERTAOZINHO,5185-1,Deixar o condutor de usar o cinto seguranca,SP,AUTOMOVEL,PARTICULAR,1,6,2026
6587,JABOTICABAL,6637-2,CONDUZIR O VEICULO COM EQUIPAMENTO OBRIGATORIO INEFICIENTE/INOPERANTE,SP,MOTOCICLO,PARTICULAR,1,6,2026
6601,JANDIRA,7293-0,"UTILIZAR O PISCA-ALERTA, EXCETO EM IMOBILIZACOES OU SITUACOES DE EMERGENCIA",SP,AUTOMOVEL,PARTICULAR,1,6,2026
6349,CORDEIROPOLIS,6653-1,CONDUZIR O VEICULO COM DESCARGA LIVRE,SP,MOTOCICLO,PARTICULAR,1,6,2026
7157,TABOAO DA SERRA,7030-1,Conduzir motoc/moton/ciclom s/ capacete de seguranca,SP,MOTOCICLO,PARTICULAR,1,6,2026
7107,SAO PAULO,5843-3,"Deixar de indicar c/ antec, med gesto de braco/luz indicadora, mudanca direcao",SP,UTILITARIO,PARTICULAR,1,6,2026
7145,SOROCABA,5720-0,TRANSITAR PELA CONTRAMAO DE DIRECAO EM VIA COM DUPLO SENTIDO DE CIRCULACAO,SP,AUTOMOVEL,PARTICULAR,1,6,2026
7107,SAO PAULO,5207-0,Dirigir sem atencao ou sem os cuidados indispensaveis a seguranca,SP,AUTOMOVEL,ALUGUEL,1,6,2026
6131,AMERICANA,5142-0,PERMITIR POSSE/CONDUCAO DO VEIC A PESSOA COM CNH/PPD VENCIDA HA MAIS DE 30 DIAS,SP,MOTOCICLO,PARTICULAR,1,6,2026
6715,MOGI-GUACU,5185-1,Deixar o condutor de usar o cinto seguranca,SP,AUTOMOVEL,PARTICULAR,2,6,2026
6729,MONTE APRAZIVEL,5169-1,DIRIGIR SOB A INFLUENCIA DE ALCOOL,SP,AUTOMOVEL,PARTICULAR,1,6,2026
6901,POMPEIA,7633-1,Dirigir veiculo segurando telefone celular,SP,CAMINHONET,PARTICULAR,1,6,2026
6639,LIMEIRA,6050-1,AVAN O SIN VERM DO SEMAF EXC SE HOUVER SINALIZ PERM LIVRE CONV A DIR,SP,MOTOCICLO,PARTICULAR,1,6,2026
7157,TABOAO DA SERRA,6017-1,"EXECUTAR OPERACAO DE RETORNO PASSANDO POR CIMA DE CALCADA, PASSEIO",Outras UFs,AUTOMOVEL,,1,6,2026
7145,SOROCABA,7340-0,DIRIGIR O VEIC USANDO CALCADO QUE N SE FIRME NOS PES/COMPROMETA UTILIZ PEDAIS,SP,MOTOCICLO,PARTICULAR,2,6,2026
7107,SAO PAULO,5207-0,Dirigir sem atencao ou sem os cuidados indispensaveis a seguranca,SP,ONIBUS,ALUGUEL,1,6,2026
6717,MOGI-MIRIM,6726-1,"CONDUZIR O VEICULO EM MAU ESTADO DE CONSERVACAO, COMPROMETENDO A SEGURANCA",SP,MOTOCICLO,PARTICULAR,1,6,2026
2967,CAJATI,7340-0,DIRIGIR O VEIC USANDO CALCADO QUE N SE FIRME NOS PES/COMPROMETA UTILIZ PEDAIS,SP,MOTOCICLO,PARTICULAR,1,6,2026
7107,SAO PAULO,5002-0,"Multa, por nao identificacao do condutor infrator, imposta a pessoa juridica",SP,CAMINHAO,ALUGUEL,18,6,2026
6549,ITAPEVA,6050-1,AVAN O SIN VERM DO SEMAF EXC SE HOUVER SINALIZ PERM LIVRE CONV A DIR,SP,MOTOCICLO,PARTICULAR,1,6,2026
7075,SAO BERNARDO DO CAMPO,6050-2,AVANCAR O SINAL DE PARADA OBRIGATORIA,SP,MOTOCICLO,PARTICULAR,1,6,2026
7237,VINHEDO,6599-2,CONDUZIR O VEICULO REGISTRADO QUE NAO ESTEJA DEVIDAMENTE LICENCIADO,SP,AUTOMOVEL,PARTICULAR,1,6,2026
6691,MENDONCA,6599-2,CONDUZIR O VEICULO REGISTRADO QUE NAO ESTEJA DEVIDAMENTE LICENCIADO,SP,CAMINHONET,PARTICULAR,1,6,2026
6713,MOGI DAS CRUZES,6599-2,CONDUZIR O VEICULO REGISTRADO QUE NAO ESTEJA DEVIDAMENTE LICENCIADO,SP,UTILITARIO,PARTICULAR,1,6,2026
6933,PROMISSAO,5118-0,PERMITIR POSSE/CONDUCAO DO VEICULO A PESSOA SEM CNH/PPD/ACC,SP,MOTONETA,PARTICULAR,1,6,2026
6179,ASSIS,6599-2,CONDUZIR O VEICULO REGISTRADO QUE NAO ESTEJA DEVIDAMENTE LICENCIADO,SP,AUTOMOVEL,PARTICULAR,1,6,2026
6927,PRESIDENTE EPITACIO,7633-1,Dirigir veiculo segurando telefone celular,SP,AUTOMOVEL,PARTICULAR,1,6,2026
7107,SAO PAULO,6920-1,"Deixar de efetuar registro do veiculo em 30 dias, qdo for transf a propriedade",SP,MICROONIB,ALUGUEL,1,6,2026
7107,SAO PAULO,6602-0,CONDUZIR O VEICULO COM QUALQUER UMA DAS PLACAS SEM LEGIBILIDADE E VISIBILIDADE,Outras UFs,CAMINHAO,ALUGUEL,1,6,2026
7107,SAO PAULO,5169-1,DIRIGIR SOB A INFLUENCIA DE ALCOOL,SP,UTILITARIO,PARTICULAR,1,6,2026
6377,DIADEMA,6599-2,CONDUZIR O VEICULO REGISTRADO QUE NAO ESTEJA DEVIDAMENTE LICENCIADO,SP,MOTOCICLO,PARTICULAR,1,6,2026
7071,SANTOS,6599-2,CONDUZIR O VEICULO REGISTRADO QUE NAO ESTEJA DEVIDAMENTE LICENCIADO,SP,MOTOCICLO,PARTICULAR,4,6,2026
7079,SAO CARLOS,6599-2,CONDUZIR O VEICULO REGISTRADO QUE NAO ESTEJA DEVIDAMENTE LICENCIADO,SP,CAMINHONET,PARTICULAR,1,6,2026
6209,BARRETOS,7633-2,Dirigir veiculo manuseando telefone celular,SP,AUTOMOVEL,PARTICULAR,1,6,2026
7145,SOROCABA,5207-0,Dirigir sem atencao ou sem os cuidados indispensaveis a seguranca,SP,AUTOMOVEL,PARTICULAR,1,6,2026
7107,SAO PAULO,7684-2,Cond motoc/moton/ciclom c/ util cap de seg c/ vis/ocul prot des c/ regul Contran,SP,MOTOCICLO,ALUGUEL,1,6,2026
6469,GUARATINGUETA,7340-0,DIRIGIR O VEIC USANDO CALCADO QUE N SE FIRME NOS PES/COMPROMETA UTILIZ PEDAIS,SP,MOTOCICLO,PARTICULAR,1,6,2026
6125,ALVARES MACHADO,5452-1,ESTACIONAR NO PASSEIO,SP,MOTOCICLO,PARTICULAR,1,6,2026
6853,PERUIBE,6726-1,"CONDUZIR O VEICULO EM MAU ESTADO DE CONSERVACAO, COMPROMETENDO A SEGURANCA",SP,AUTOMOVEL,PARTICULAR,1,6,2026
7175,TAQUARITINGA,6599-2,CONDUZIR O VEICULO REGISTRADO QUE NAO ESTEJA DEVIDAMENTE LICENCIADO,SP,AUTOMOVEL,PARTICULAR,2,6,2026
6189,AVARE,6599-2,CONDUZIR O VEICULO REGISTRADO QUE NAO ESTEJA DEVIDAMENTE LICENCIADO,SP,AUTOMOVEL,PARTICULAR,1,6,2026
7107,SAO PAULO,5215-2,Dirigir ameacando os demais veiculos,SP,MOTOCICLO,PARTICULAR,3,6,2026
7107,SAO PAULO,6769-0,"CONDUZIR VEIC C/ DEFEITO NO SIST DE ILUMINACAO, SINALIZ OU LAMPADAS QUEIMADAS",SP,MOTOCICLO,PARTICULAR,8,6,2026
7107,SAO PAULO,6050-1,AVAN O SIN VERM DO SEMAF EXC SE HOUVER SINALIZ PERM LIVRE CONV A DIR,Outras UFs,AUTOMOVEL,PARTICULAR,4,6,2026
7107,SAO PAULO,5681-0,TRANSITAR NA FAIXA/PISTA DA DIREITA REGUL CIRCULACAO EXCLUSIVA DETERM VEICULO,SP,CAMIONETA,PARTICULAR,1,6,2026
6477,GUARULHOS,5118-0,PERMITIR POSSE/CONDUCAO DO VEICULO A PESSOA SEM CNH/PPD/ACC,SP,AUTOMOVEL,PARTICULAR,1,6,2026
7083,SAO JOAO DA BOA VISTA,7340-0,DIRIGIR O VEIC USANDO CALCADO QUE N SE FIRME NOS PES/COMPROMETA UTILIZ PEDAIS,SP,MOTONETA,PARTICULAR,1,6,2026
6259,BROTAS,6599-2,CONDUZIR O VEICULO REGISTRADO QUE NAO ESTEJA DEVIDAMENTE LICENCIADO,SP,MOTOCICLO,PARTICULAR,1,6,2026
7107,SAO PAULO,6050-1,AVAN O SIN VERM DO SEMAF EXC SE HOUVER SINALIZ PERM LIVRE CONV A DIR,SP,MOTONETA,PARTICULAR,5,6,2026
6177,ARUJA,5819-6,TRANSITAR COM O VEICULO EM MARCAS DE CANALIZACAO,SP,AUTOMOVEL,PARTICULAR,1,6,2026
6573,ITIRAPINA,6599-2,CONDUZIR O VEICULO REGISTRADO QUE NAO ESTEJA DEVIDAMENTE LICENCIADO,SP,MOTOCICLO,PARTICULAR,1,6,2026
6779,OLIMPIA,7340-0,DIRIGIR O VEIC USANDO CALCADO QUE N SE FIRME NOS PES/COMPROMETA UTILIZ PEDAIS,SP,MOTONETA,PARTICULAR,1,6,2026
6779,OLIMPIA,7633-2,Dirigir veiculo manuseando telefone celular,SP,UTILITARIO,PARTICULAR,1,6,2026
6597,JALES,6637-2,CONDUZIR O VEICULO COM EQUIPAMENTO OBRIGATORIO INEFICIENTE/INOPERANTE,SP,MOTOCICLO,PARTICULAR,1,6,2026
6817,PARANAPANEMA,7633-2,Dirigir veiculo manuseando telefone celular,SP,AUTOMOVEL,PARTICULAR,1,6,2026
6589,JACAREI,6726-1,"CONDUZIR O VEICULO EM MAU ESTADO DE CONSERVACAO, COMPROMETENDO A SEGURANCA",SP,CAMINHONET,ALUGUEL,1,6,2026
7107,SAO PAULO,5274-2,UTILIZ VEIC DEM/EXIBIR MANOB PERIG MED DERRAP/FRENAG C/DESLIZ/ARRAST PNEUS,SP,MOTOCICLO,PARTICULAR,1,6,2026
6553,ITAPIRA,6726-1,"CONDUZIR O VEICULO EM MAU ESTADO DE CONSERVACAO, COMPROMETENDO A SEGURANCA",SP,AUTOMOVEL,PARTICULAR,1,6,2026
6969,RIBEIRAO PRETO,7684-2,Cond motoc/moton/ciclom c/ util cap de seg c/ vis/ocul prot des c/ regul Contran,SP,MOTOCICLO,PARTICULAR,2,6,2026
7061,SANTO ANTONIO DE POSSE,7358-0,"DIRIGIR O VEICULO COM APENAS UMA DAS MAOS, EXCETO QUANDO PERMITIDO PELO CTB",SP,MOTOCICLO,PARTICULAR,1,6,2026
6713,MOGI DAS CRUZES,7633-2,Dirigir veiculo manuseando telefone celular,SP,MOTOCICLO,PARTICULAR,1,6,2026
7107,SAO PAULO,5169-1,DIRIGIR SOB A INFLUENCIA DE ALCOOL,SP,CAMIONETA,PARTICULAR,1,6,2026
7107,SAO PAULO,5142-0,PERMITIR POSSE/CONDUCAO DO VEIC A PESSOA COM CNH/PPD VENCIDA HA MAIS DE 30 DIAS,SP,MOTOCICLO,PARTICULAR,1,6,2026
7107,SAO PAULO,5690-0,TRANSITAR NA FAIXA/PISTA DA ESQUERDA REGUL CIRCULACAO EXCLUSIVA DETERM VEICULO,SP,AUTOMOVEL,PARTICULAR,2,6,2026
6425,FRANCA,5045-0,DIRIGIR VEICULO COM VALIDADE DE CNH/PPD VENCIDA HA MAIS DE 30 DIAS,SP,AUTOMOVEL,PARTICULAR,2,6,2026
6897,POA,6599-2,CONDUZIR O VEICULO REGISTRADO QUE NAO ESTEJA DEVIDAMENTE LICENCIADO,SP,MOTOCICLO,PARTICULAR,1,6,2026
7035,SANTA GERTRUDES,5118-0,PERMITIR POSSE/CONDUCAO DO VEICULO A PESSOA SEM CNH/PPD/ACC,SP,MOTOCICLO,PARTICULAR,1,6,2026
7111,SAO PEDRO DO TURVO,7366-2,DIRIGIR VEICULO UTILIZANDO-SE DE TELEFONE CELULAR,SP,CAMINHONET,PARTICULAR,1,6,2026
6281,CAIEIRAS,7340-0,DIRIGIR O VEIC USANDO CALCADO QUE N SE FIRME NOS PES/COMPROMETA UTILIZ PEDAIS,SP,MOTOCICLO,PARTICULAR,1,6,2026
6969,RIBEIRAO PRETO,7633-1,Dirigir veiculo segurando telefone celular,SP,MOTONETA,PARTICULAR,1,6,2026
7099,SAO JOSE DOS CAMPOS,5819-6,TRANSITAR COM O VEICULO EM MARCAS DE CANALIZACAO,SP,MOTONETA,PARTICULAR,1,6,2026
6813,PARAIBUNA,5568-0,ESTACIONAR LOCAL/HORARIO DE ESTACIONAMENTO E PARADA PROIBIDOS PELA SINALIZACAO,SP,AUTOMOVEL,PARTICULAR,2,6,2026
6639,LIMEIRA,5185-2,Deixar o passageiro de usar o cinto seguranca,SP,AUTOMOVEL,PARTICULAR,3,6,2026
7107,SAO PAULO,6041-1,EXECUTAR OPERACAO DE CONVERSAO A DIREITA EM LOCAL PROIBIDO PELA SINALIZACAO,SP,AUTOMOVEL,PARTICULAR,1,6,2026
6241,BOM JESUS DOS PERDOES,6653-1,CONDUZIR O VEICULO COM DESCARGA LIVRE,SP,MOTOCICLO,PARTICULAR,1,6,2026
7107,SAO PAULO,7684-2,Cond motoc/moton/ciclom c/ util cap de seg c/ vis/ocul prot des c/ regul Contran,SP,MOTONETA,PARTICULAR,11,6,2026
7107,SAO PAULO,6408-0,PORTAR NO VEICULO PLACAS DE IDENTIFICACAO EM DESACORDO C/ ESPECIF/MODELO CONTRAN,SP,AUTOMOVEL,PARTICULAR,4,6,2026
6589,JACAREI,5010-0,DIRIGIR VEICULO SEM POSSUIR CNH/PPD/ACC,SP,CAMINHONET,ALUGUEL,1,6,2026
6883,PIRAPORA DO BOM JESUS,7684-2,Cond motoc/moton/ciclom c/ util cap de seg c/ vis/ocul prot des c/ regul Contran,SP,MOTOCICLO,PARTICULAR,1,6,2026
6281,CAIEIRAS,7633-1,Dirigir veiculo segurando telefone celular,SP,AUTOMOVEL,PARTICULAR,1,6,2026
7055,SANTO ANASTACIO,6637-2,CONDUZIR O VEICULO COM EQUIPAMENTO OBRIGATORIO INEFICIENTE/INOPERANTE,SP,CAMINHONET,PARTICULAR,1,6,2026
7243,VOTORANTIM,6050-2,AVANCAR O SINAL DE PARADA OBRIGATORIA,SP,MOTOCICLO,PARTICULAR,1,6,2026
6261,BURI,6599-2,CONDUZIR O VEICULO REGISTRADO QUE NAO ESTEJA DEVIDAMENTE LICENCIADO,SP,MOTOCICLO,PARTICULAR,1,6,2026
7107,SAO PAULO,6572-0,CONDUZIR O VEICULO COM DISPOSITIVO ANTIRRADAR,SP,AUTOMOVEL,PARTICULAR,1,6,2026
7107,SAO PAULO,5002-0,"Multa, por nao identificacao do condutor infrator, imposta a pessoa juridica",SP,CAMINHAO,PARTICULAR,20,6,2026
7107,SAO PAULO,6637-1,CONDUZIR O VEICULO SEM EQUIPAMENTO OBRIGATORIO,SP,MOTONETA,PARTICULAR,2,6,2026
7075,SAO BERNARDO DO CAMPO,6599-2,CONDUZIR O VEICULO REGISTRADO QUE NAO ESTEJA DEVIDAMENTE LICENCIADO,SP,AUTOMOVEL,PARTICULAR,3,6,2026
7107,SAO PAULO,7633-2,Dirigir veiculo manuseando telefone celular,SP,MICROONIB,PARTICULAR,1,6,2026
6619,JUNDIAI,6866-2,Transitar efetuando transporte remunerado de bens qdo nao licenciado p/ esse fim,SP,MOTOCICLO,PARTICULAR,1,6,2026
7107,SAO PAULO,6572-0,CONDUZIR O VEICULO COM DISPOSITIVO ANTIRRADAR,SP,CAMINHONET,ALUGUEL,1,6,2026
6867,PINHALZINHO,6726-1,"CONDUZIR O VEICULO EM MAU ESTADO DE CONSERVACAO, COMPROMETENDO A SEGURANCA",SP,AUTOMOVEL,PARTICULAR,1,6,2026
6597,JALES,7340-0,DIRIGIR O VEIC USANDO CALCADO QUE N SE FIRME NOS PES/COMPROMETA UTILIZ PEDAIS,SP,MOTOCICLO,PARTICULAR,1,6,2026
7197,TREMEMBE,5010-0,DIRIGIR VEICULO SEM POSSUIR CNH/PPD/ACC,SP,MOTONETA,PARTICULAR,1,6,2026
7017,SANTA BARBARA DO OESTE,7340-0,DIRIGIR O VEIC USANDO CALCADO QUE N SE FIRME NOS PES/COMPROMETA UTILIZ PEDAIS,SP,MOTONETA,PARTICULAR,1,6,2026
6467,GUARAREMA,6580-0,CONDUZIR O VEICULO SEM QUALQUER UMA DAS PLACAS DE IDENTIFICACAO,SP,MOTOCICLO,PARTICULAR,1,6,2026
7051,SANTA RITA DO PASSA QUATRO,7366-2,DIRIGIR VEICULO UTILIZANDO-SE DE TELEFONE CELULAR,SP,CAMINHONET,PARTICULAR,1,6,2026
6511,INDAIATUBA,7633-2,Dirigir veiculo manuseando telefone celular,SP,AUTOMOVEL,PARTICULAR,1,6,2026
7111,SAO PEDRO DO TURVO,5061-0,ENTREGAR VEICULO A PESSOA SEM CNH/PPD/ACC,SP,AUTOMOVEL,PARTICULAR,1,6,2026
7071,SANTOS,6599-2,CONDUZIR O VEICULO REGISTRADO QUE NAO ESTEJA DEVIDAMENTE LICENCIADO,SP,AUTOMOVEL,PARTICULAR,1,6,2026
6477,GUARULHOS,6726-1,"CONDUZIR O VEICULO EM MAU ESTADO DE CONSERVACAO, COMPROMETENDO A SEGURANCA",SP,AUTOMOVEL,PARTICULAR,1,6,2026
6177,ARUJA,5800-0,DEIXAR GUARDAR DIST SEGURANCA LAT/FRONT ENTRE SEU VEIC E DEMAIS E AO BORDO PISTA,SP,MOTOCICLO,PARTICULAR,1,6,2026
7175,TAQUARITINGA,5738-0,TRANSITAR PELA CONTRAMAO DE DIRECAO EM VIA C/ SINALIZACAO DE REGUL SENTIDO UNICO,SP,MOTOCICLO,PARTICULAR,1,6,2026
6619,JUNDIAI,5185-1,Deixar o condutor de usar o cinto seguranca,Outras UFs,AUTOMOVEL,PARTICULAR,1,6,2026
2943,ILHA SOLTEIRA,5118-0,PERMITIR POSSE/CONDUCAO DO VEICULO A PESSOA SEM CNH/PPD/ACC,SP,AUTOMOVEL,PARTICULAR,1,6,2026
6897,POA,5207-0,Dirigir sem atencao ou sem os cuidados indispensaveis a seguranca,SP,MOTOCICLO,PARTICULAR,1,6,2026
6813,PARAIBUNA,7684-2,Cond motoc/moton/ciclom c/ util cap de seg c/ vis/ocul prot des c/ regul Contran,SP,MOTOCICLO,PARTICULAR,2,6,2026
2951,HORTOLANDIA,5843-3,"Deixar de indicar c/ antec, med gesto de braco/luz indicadora, mudanca direcao",SP,AUTOMOVEL,PARTICULAR,1,6,2026
6361,COTIA,7633-2,Dirigir veiculo manuseando telefone celular,SP,AUTOMOVEL,PARTICULAR,2,6,2026
6477,GUARULHOS,6050-2,AVANCAR O SINAL DE PARADA OBRIGATORIA,SP,MOTOCICLO,PARTICULAR,1,6,2026
6639,LIMEIRA,5142-0,PERMITIR POSSE/CONDUCAO DO VEIC A PESSOA COM CNH/PPD VENCIDA HA MAIS DE 30 DIAS,Outras UFs,MOTOCICLO,,1,6,2026
7075,SAO BERNARDO DO CAMPO,6050-2,AVANCAR O SINAL DE PARADA OBRIGATORIA,SP,CAMIONETA,PARTICULAR,1,6,2026
7107,SAO PAULO,5819-1,"TRANSITAR COM O VEICULO EM CALCADAS, PASSEIOS",Outras UFs,CAMIONETA,PARTICULAR,1,6,2026
6969,RIBEIRAO PRETO,5142-0,PERMITIR POSSE/CONDUCAO DO VEIC A PESSOA COM CNH/PPD VENCIDA HA MAIS DE 30 DIAS,SP,MOTONETA,PARTICULAR,1,6,2026
7121,SAO VICENTE,7684-2,Cond motoc/moton/ciclom c/ util cap de seg c/ vis/ocul prot des c/ regul Contran,SP,MOTONETA,PARTICULAR,1,6,2026
7107,SAO PAULO,5002-0,"Multa, por nao identificacao do condutor infrator, imposta a pessoa juridica",SP,S. REBOQUE,ALUGUEL,3,6,2026
7107,SAO PAULO,6920-1,"Deixar de efetuar registro do veiculo em 30 dias, qdo for transf a propriedade",SP,CAMINHONET,ALUGUEL,4,6,2026
7107,SAO PAULO,5215-1,Dirigir ameacando os pedestres que estejam atravessando a via publica,SP,MOTOCICLO,PARTICULAR,2,6,2026
7107,SAO PAULO,7234-0,"EM MOVIMENTO, DEIXAR DE MANTER ACESA A LUZ BAIXA DURANTE A NOITE",SP,UTILITARIO,PARTICULAR,1,6,2026
6795,OURINHOS,6645-0,CONDUZIR O VEICULO COM EQUIP OBRIGATORIO EM DESACORDO COM O ESTAB PELO CONTRAN,SP,MOTOCICLO,PARTICULAR,2,6,2026
6859,PILAR DO SUL,5010-0,DIRIGIR VEICULO SEM POSSUIR CNH/PPD/ACC,SP,MOTOCICLO,PARTICULAR,1,6,2026
7107,SAO PAULO,5681-0,TRANSITAR NA FAIXA/PISTA DA DIREITA REGUL CIRCULACAO EXCLUSIVA DETERM VEICULO,SP,AUTOMOVEL,PARTICULAR,6,6,2026
6643,LINS,7030-1,Conduzir motoc/moton/ciclom s/ capacete de seguranca,SP,MOTONETA,PARTICULAR,1,6,2026
7145,SOROCABA,7633-2,Dirigir veiculo manuseando telefone celular,SP,UTILITARIO,PARTICULAR,1,6,2026
7151,SUZANO,6599-2,CONDUZIR O VEICULO REGISTRADO QUE NAO ESTEJA DEVIDAMENTE LICENCIADO,SP,AUTOMOVEL,PARTICULAR,1,6,2026
6789,OSASCO,5207-0,Dirigir sem atencao ou sem os cuidados indispensaveis a seguranca,SP,MOTOCICLO,PARTICULAR,1,6,2026
6707,MIRASSOL,6610-2,CONDUZIR O VEICULO COM CARACTERISTICA ALTERADA,SP,AUTOMOVEL,PARTICULAR,1,6,2026
6639,LIMEIRA,5207-0,Dirigir sem atencao ou sem os cuidados indispensaveis a seguranca,SP,MOTONETA,PARTICULAR,1,6,2026
7007,SALTO DE PIRAPORA,7366-2,DIRIGIR VEICULO UTILIZANDO-SE DE TELEFONE CELULAR,SP,AUTOMOVEL,PARTICULAR,1,6,2026
6681,MARILIA,6653-1,CONDUZIR O VEICULO COM DESCARGA LIVRE,SP,MOTOCICLO,PARTICULAR,2,6,2026
7107,SAO PAULO,6483-0,USAR BUZINA QUE NAO A DE TOQUE BREVE COMO ADVERTENCIA A PEDESTRE OU CONDUTORES,SP,AUTOMOVEL,PARTICULAR,1,6,2026
6569,ITATIBA,6653-1,CONDUZIR O VEICULO COM DESCARGA LIVRE,SP,MOTOCICLO,PARTICULAR,1,6,2026
7149,SUMARE,6670-0,CONDUZIR O VEICULO C/ EQUIP DO SISTEMA DE ILUMINACAO E DE SINALIZACAO ALTERADOS,SP,CAMINHONET,PARTICULAR,1,6,2026
6853,PERUIBE,5010-0,DIRIGIR VEICULO SEM POSSUIR CNH/PPD/ACC,SP,MOTOCICLO,PARTICULAR,1,6,2026
6875,PIRACICABA,6637-1,CONDUZIR O VEICULO SEM EQUIPAMENTO OBRIGATORIO,SP,MOTOCICLO,PARTICULAR,1,6,2026
6467,GUARAREMA,6637-1,CONDUZIR O VEICULO SEM EQUIPAMENTO OBRIGATORIO,SP,MOTOCICLO,PARTICULAR,1,6,2026
6229,BIRIGUI,6653-1,CONDUZIR O VEICULO COM DESCARGA LIVRE,SP,MOTOCICLO,PARTICULAR,2,6,2026
6213,BARUERI,5827-0,"TRANSITAR EM MARCHA RE, SALVO NA DISTANCIA NECESSARIA A PEQUENAS MANOBRAS",SP,AUTOMOVEL,PARTICULAR,1,6,2026
7107,SAO PAULO,5169-1,DIRIGIR SOB A INFLUENCIA DE ALCOOL,SP,AUTOMOVEL,PARTICULAR,1,6,2026
6219,BAURU,7684-2,Cond motoc/moton/ciclom c/ util cap de seg c/ vis/ocul prot des c/ regul Contran,SP,MOTOCICLO,PARTICULAR,1,6,2026
7107,SAO PAULO,5002-0,"Multa, por nao identificacao do condutor infrator, imposta a pessoa juridica",SP,MOTOCICLO,PARTICULAR,67,6,2026
7107,SAO PAULO,5843-4,"Deixar de indicar c/ antec, med gesto de braco/luz indicadora, mudanca de faixa",SP,MOTOCICLO,PARTICULAR,4,6,2026
7161,TAGUAI,6599-2,CONDUZIR O VEICULO REGISTRADO QUE NAO ESTEJA DEVIDAMENTE LICENCIADO,SP,AUTOMOVEL,PARTICULAR,1,6,2026
7201,TUPA,6726-1,"CONDUZIR O VEICULO EM MAU ESTADO DE CONSERVACAO, COMPROMETENDO A SEGURANCA",SP,MOTOCICLO,PARTICULAR,1,6,2026
6853,PERUIBE,5010-0,DIRIGIR VEICULO SEM POSSUIR CNH/PPD/ACC,SP,AUTOMOVEL,PARTICULAR,1,6,2026
6933,PROMISSAO,5010-0,DIRIGIR VEICULO SEM POSSUIR CNH/PPD/ACC,SP,MOTONETA,PARTICULAR,1,6,2026
7057,SANTO ANDRE,5045-0,DIRIGIR VEICULO COM VALIDADE DE CNH/PPD VENCIDA HA MAIS DE 30 DIAS,SP,MOTOCICLO,PARTICULAR,1,6,2026
7107,SAO PAULO,7820-0,"DEIXAR DE REALIZAR O EXAME TOXICOLOGICO DO ART 148A, APOS 30 DIAS DO VENCIMENTO",Outras UFs,AUTOMOVEL,PARTICULAR,16,6,2026
7099,SAO JOSE DOS CAMPOS,6599-2,CONDUZIR O VEICULO REGISTRADO QUE NAO ESTEJA DEVIDAMENTE LICENCIADO,SP,MOTOCICLO,PARTICULAR,2,6,2026
6477,GUARULHOS,6599-2,CONDUZIR O VEICULO REGISTRADO QUE NAO ESTEJA DEVIDAMENTE LICENCIADO,SP,AUTOMOVEL,PARTICULAR,4,6,2026
7107,SAO PAULO,6769-0,"CONDUZIR VEIC C/ DEFEITO NO SIST DE ILUMINACAO, SINALIZ OU LAMPADAS QUEIMADAS",SP,CAMINHONET,ALUGUEL,2,6,2026
6131,AMERICANA,6645-0,CONDUZIR O VEICULO COM EQUIP OBRIGATORIO EM DESACORDO COM O ESTAB PELO CONTRAN,SP,MOTOCICLO,PARTICULAR,1,6,2026
6301,CANDIDO MOTA,5185-1,Deixar o condutor de usar o cinto seguranca,SP,CAMINHONET,PARTICULAR,1,6,2026
7145,SOROCABA,5819-1,"TRANSITAR COM O VEICULO EM CALCADAS, PASSEIOS",SP,AUTOMOVEL,PARTICULAR,1,6,2026
6497,ICEM,5045-0,DIRIGIR VEICULO COM VALIDADE DE CNH/PPD VENCIDA HA MAIS DE 30 DIAS,SP,AUTOMOVEL,PARTICULAR,1,6,2026
6795,OURINHOS,7340-0,DIRIGIR O VEIC USANDO CALCADO QUE N SE FIRME NOS PES/COMPROMETA UTILIZ PEDAIS,SP,MOTOCICLO,PARTICULAR,1,6,2026
7083,SAO JOAO DA BOA VISTA,6726-1,"CONDUZIR O VEICULO EM MAU ESTADO DE CONSERVACAO, COMPROMETENDO A SEGURANCA",SP,MOTOCICLO,PARTICULAR,1,6,2026
6241,BOM JESUS DOS PERDOES,6408-0,PORTAR NO VEICULO PLACAS DE IDENTIFICACAO EM DESACORDO C/ ESPECIF/MODELO CONTRAN,SP,MOTOCICLO,PARTICULAR,1,6,2026
6475,GUARUJA,5185-1,Deixar o condutor de usar o cinto seguranca,SP,AUTOMOVEL,PARTICULAR,3,6,2026
7107,SAO PAULO,5134-2,PERMITIR POSSE/CONDUCAO VEIC A PESSOA COM PPD CATEGORIA DIFERENTE DA DO VEICULO,SP,MOTOCICLO,PARTICULAR,1,6,2026
6867,PINHALZINHO,5215-1,Dirigir ameacando os pedestres que estejam atravessando a via publica,SP,AUTOMOVEL,PARTICULAR,1,6,2026
6177,ARUJA,5738-0,TRANSITAR PELA CONTRAMAO DE DIRECAO EM VIA C/ SINALIZACAO DE REGUL SENTIDO UNICO,SP,AUTOMOVEL,PARTICULAR,1,6,2026
6933,PROMISSAO,7048-1,"CONDUZIR MOTOCICLETA, MOTONETA E CICLOMOTOR TRANSPORTANDO PASSAGEIRO S/ CAPACETE",SP,MOTONETA,PARTICULAR,1,6,2026
7145,SOROCABA,5274-2,UTILIZ VEIC DEM/EXIBIR MANOB PERIG MED DERRAP/FRENAG C/DESLIZ/ARRAST PNEUS,SP,MOTOCICLO,PARTICULAR,1,6,2026
6429,FRANCO DA ROCHA,6564-0,CONDUZIR O VEICULO TRANSPORTANDO PASSAGEIROS EM COMPARTIMENTO DE CARGA,SP,CAMINHONET,PARTICULAR,1,6,2026
7107,SAO PAULO,5002-0,"Multa, por nao identificacao do condutor infrator, imposta a pessoa juridica",Outras UFs,CAMINHONET,ALUGUEL,5,6,2026
7099,SAO JOSE DOS CAMPOS,5185-2,Deixar o passageiro de usar o cinto seguranca,SP,AUTOMOVEL,PARTICULAR,1,6,2026
6817,PARANAPANEMA,7684-2,Cond motoc/moton/ciclom c/ util cap de seg c/ vis/ocul prot des c/ regul Contran,SP,MOTONETA,PARTICULAR,1,6,2026
7157,TABOAO DA SERRA,6050-1,AVAN O SIN VERM DO SEMAF EXC SE HOUVER SINALIZ PERM LIVRE CONV A DIR,SP,AUTOMOVEL,PARTICULAR,1,6,2026
6725,MONTE ALEGRE DO SUL,5029-2,DIRIGIR VEICULO COM CNH/PPD/ACC COM SUSPENSAO DO DIREITO DE DIRIGIR,SP,AUTOMOVEL,PARTICULAR,1,6,2026
7107,SAO PAULO,5010-0,DIRIGIR VEICULO SEM POSSUIR CNH/PPD/ACC,SP,CAMINHONET,PARTICULAR,1,6,2026
6921,PRAIA GRANDE,5959-1,ULTRAPASSAR PELA CONTRAMAO VEICULO PARADO EM FILA JUNTO SINAL LUMINOSO,SP,AUTOMOVEL,PARTICULAR,3,6,2026
6229,BIRIGUI,6599-2,CONDUZIR O VEICULO REGISTRADO QUE NAO ESTEJA DEVIDAMENTE LICENCIADO,SP,MOTOCICLO,PARTICULAR,1,6,2026
7151,SUZANO,7340-0,DIRIGIR O VEIC USANDO CALCADO QUE N SE FIRME NOS PES/COMPROMETA UTILIZ PEDAIS,SP,MOTOCICLO,PARTICULAR,1,6,2026
7083,SAO JOAO DA BOA VISTA,5142-0,PERMITIR POSSE/CONDUCAO DO VEIC A PESSOA COM CNH/PPD VENCIDA HA MAIS DE 30 DIAS,SP,MOTONETA,PARTICULAR,1,6,2026
7145,SOROCABA,6530-0,USAR NO VEICULO EQUIP C/ SOM EM VOLUME/FREQUENCIA NAO AUTORIZADOS PELO CONTRAN,SP,AUTOMOVEL,PARTICULAR,1,6,2026
7133,SERRA NEGRA,7684-2,Cond motoc/moton/ciclom c/ util cap de seg c/ vis/ocul prot des c/ regul Contran,SP,MOTOCICLO,PARTICULAR,3,6,2026
7273,VARGEM GRANDE PAULISTA,6599-2,CONDUZIR O VEICULO REGISTRADO QUE NAO ESTEJA DEVIDAMENTE LICENCIADO,SP,AUTOMOVEL,PARTICULAR,1,6,2026
7107,SAO PAULO,6920-1,"Deixar de efetuar registro do veiculo em 30 dias, qdo for transf a propriedade",SP,MOTONETA,PARTICULAR,39,6,2026
6619,JUNDIAI,6050-1,AVAN O SIN VERM DO SEMAF EXC SE HOUVER SINALIZ PERM LIVRE CONV A DIR,SP,AUTOMOVEL,PARTICULAR,1,6,2026
6867,PINHALZINHO,6637-1,CONDUZIR O VEICULO SEM EQUIPAMENTO OBRIGATORIO,SP,AUTOMOVEL,PARTICULAR,1,6,2026
6601,JANDIRA,5010-0,DIRIGIR VEICULO SEM POSSUIR CNH/PPD/ACC,SP,MOTOCICLO,PARTICULAR,1,6,2026
7057,SANTO ANDRE,6050-1,AVAN O SIN VERM DO SEMAF EXC SE HOUVER SINALIZ PERM LIVRE CONV A DIR,SP,MOTOCICLO,PARTICULAR,1,6,2026
6359,COSMORAMA,5010-0,DIRIGIR VEICULO SEM POSSUIR CNH/PPD/ACC,SP,AUTOMOVEL,PARTICULAR,1,6,2026
7071,SANTOS,5207-0,Dirigir sem atencao ou sem os cuidados indispensaveis a seguranca,SP,MOTOCICLO,PARTICULAR,1,6,2026
7107,SAO PAULO,6599-2,CONDUZIR O VEICULO REGISTRADO QUE NAO ESTEJA DEVIDAMENTE LICENCIADO,SP,ONIBUS,ALUGUEL,1,6,2026
6431,GABRIEL MONTEIRO,6637-2,CONDUZIR O VEICULO COM EQUIPAMENTO OBRIGATORIO INEFICIENTE/INOPERANTE,SP,AUTOMOVEL,PARTICULAR,1,6,2026
6737,MONTE MOR,6599-2,CONDUZIR O VEICULO REGISTRADO QUE NAO ESTEJA DEVIDAMENTE LICENCIADO,SP,MOTONETA,PARTICULAR,1,6,2026
6717,MOGI-MIRIM,6726-1,"CONDUZIR O VEICULO EM MAU ESTADO DE CONSERVACAO, COMPROMETENDO A SEGURANCA",SP,CAMIONETA,PARTICULAR,1,6,2026
6789,OSASCO,5274-1,UTILIZ VEIC DEMONST/EXIBIR MANOBRA PERIGOSA MEDIANTE ARRANCADA BRUSCA,SP,MOTOCICLO,PARTICULAR,1,6,2026
7107,SAO PAULO,5827-0,"TRANSITAR EM MARCHA RE, SALVO NA DISTANCIA NECESSARIA A PEQUENAS MANOBRAS",SP,CAMINHONET,PARTICULAR,1,6,2026
7071,SANTOS,7366-2,DIRIGIR VEICULO UTILIZANDO-SE DE TELEFONE CELULAR,Outras UFs,AUTOMOVEL,,1,6,2026
7107,SAO PAULO,7633-2,Dirigir veiculo manuseando telefone celular,SP,CAMIONETA,PARTICULAR,25,6,2026
6343,COLOMBIA,6726-1,"CONDUZIR O VEICULO EM MAU ESTADO DE CONSERVACAO, COMPROMETENDO A SEGURANCA",SP,AUTOMOVEL,PARTICULAR,1,6,2026
6817,PARANAPANEMA,6599-2,CONDUZIR O VEICULO REGISTRADO QUE NAO ESTEJA DEVIDAMENTE LICENCIADO,Outras UFs,AUTOMOVEL,PARTICULAR,1,6,2026
7113,SAO ROQUE,5118-0,PERMITIR POSSE/CONDUCAO DO VEICULO A PESSOA SEM CNH/PPD/ACC,SP,MOTOCICLO,PARTICULAR,1,6,2026
6211,BARRINHA,5185-1,Deixar o condutor de usar o cinto seguranca,SP,AUTOMOVEL,PARTICULAR,2,6,2026
7055,SANTO ANASTACIO,5142-0,PERMITIR POSSE/CONDUCAO DO VEIC A PESSOA COM CNH/PPD VENCIDA HA MAIS DE 30 DIAS,SP,AUTOMOVEL,PARTICULAR,1,6,2026
7107,SAO PAULO,7366-2,DIRIGIR VEICULO UTILIZANDO-SE DE TELEFONE CELULAR,Outras UFs,MOTOCICLO,PARTICULAR,1,6,2026
6323,CATANDUVA,7633-2,Dirigir veiculo manuseando telefone celular,SP,AUTOMOVEL,PARTICULAR,2,6,2026
6451,GUAPIACU,6637-1,CONDUZIR O VEICULO SEM EQUIPAMENTO OBRIGATORIO,SP,MOTOCICLO,PARTICULAR,1,6,2026
6427,FRANCISCO MORATO,7340-0,DIRIGIR O VEIC USANDO CALCADO QUE N SE FIRME NOS PES/COMPROMETA UTILIZ PEDAIS,SP,MOTOCICLO,PARTICULAR,1,6,2026
6465,GUARARAPES,6530-0,USAR NO VEICULO EQUIP C/ SOM EM VOLUME/FREQUENCIA NAO AUTORIZADOS PELO CONTRAN,SP,AUTOMOVEL,PARTICULAR,1,6,2026
7079,SAO CARLOS,6726-1,"CONDUZIR O VEICULO EM MAU ESTADO DE CONSERVACAO, COMPROMETENDO A SEGURANCA",SP,CAMINHONET,PARTICULAR,1,6,2026
7107,SAO PAULO,5819-6,TRANSITAR COM O VEICULO EM MARCAS DE CANALIZACAO,SP,AUTOMOVEL,PARTICULAR,18,6,2026
6163,ARARAQUARA,5010-0,DIRIGIR VEICULO SEM POSSUIR CNH/PPD/ACC,SP,MOTOCICLO,PARTICULAR,1,6,2026
7107,SAO PAULO,7684-1,Cond motoc/moton/ciclom c/ util cap de seg s/ vis/ocul prot,SP,MOTONETA,PARTICULAR,2,6,2026
6885,PIRAPOZINHO,7633-2,Dirigir veiculo manuseando telefone celular,SP,AUTOMOVEL,PARTICULAR,1,6,2026
6241,BOM JESUS DOS PERDOES,6599-2,CONDUZIR O VEICULO REGISTRADO QUE NAO ESTEJA DEVIDAMENTE LICENCIADO,SP,AUTOMOVEL,PARTICULAR,1,6,2026
7107,SAO PAULO,6602-0,CONDUZIR O VEICULO COM QUALQUER UMA DAS PLACAS SEM LEGIBILIDADE E VISIBILIDADE,SP,C. TRATOR,ALUGUEL,1,6,2026
7135,SERTAOZINHO,5738-0,TRANSITAR PELA CONTRAMAO DE DIRECAO EM VIA C/ SINALIZACAO DE REGUL SENTIDO UNICO,SP,AUTOMOVEL,PARTICULAR,2,6,2026
6131,AMERICANA,7030-1,Conduzir motoc/moton/ciclom s/ capacete de seguranca,SP,MOTOCICLO,PARTICULAR,1,6,2026
6377,DIADEMA,6050-1,AVAN O SIN VERM DO SEMAF EXC SE HOUVER SINALIZ PERM LIVRE CONV A DIR,SP,MOTONETA,PARTICULAR,1,6,2026
6323,CATANDUVA,6599-2,CONDUZIR O VEICULO REGISTRADO QUE NAO ESTEJA DEVIDAMENTE LICENCIADO,SP,CAMINHONET,PARTICULAR,1,6,2026
7135,SERTAOZINHO,5010-0,DIRIGIR VEICULO SEM POSSUIR CNH/PPD/ACC,SP,MOTONETA,PARTICULAR,1,6,2026
6241,BOM JESUS DOS PERDOES,7366-2,DIRIGIR VEICULO UTILIZANDO-SE DE TELEFONE CELULAR,SP,MOTOCICLO,PARTICULAR,1,6,2026
6343,COLOMBIA,5010-0,DIRIGIR VEICULO SEM POSSUIR CNH/PPD/ACC,SP,AUTOMOVEL,PARTICULAR,1,6,2026
7177,TAQUARITUBA,7340-0,DIRIGIR O VEIC USANDO CALCADO QUE N SE FIRME NOS PES/COMPROMETA UTILIZ PEDAIS,SP,MOTOCICLO,PARTICULAR,1,6,2026
6179,ASSIS,5010-0,DIRIGIR VEICULO SEM POSSUIR CNH/PPD/ACC,SP,AUTOMOVEL,PARTICULAR,1,6,2026
7107,SAO PAULO,5231-1,ATIRAR DO VEICULO OBJETOS OU SUBSTANCIAS,SP,AUTOMOVEL,PARTICULAR,2,6,2026
2951,HORTOLANDIA,5010-0,DIRIGIR VEICULO SEM POSSUIR CNH/PPD/ACC,SP,MOTOCICLO,PARTICULAR,1,6,2026
7103,SAO MANUEL,6610-2,CONDUZIR O VEICULO COM CARACTERISTICA ALTERADA,SP,AUTOMOVEL,PARTICULAR,1,6,2026
6125,ALVARES MACHADO,5380-0,ESTACIONAR NAS ESQUINAS E A MENOS DE 5M DO ALINHAMENTO DA VIA TRANSVERSAL,SP,AUTOMOVEL,PARTICULAR,1,6,2026
7125,SARUTAIA,6599-2,CONDUZIR O VEICULO REGISTRADO QUE NAO ESTEJA DEVIDAMENTE LICENCIADO,SP,CAMINHONET,PARTICULAR,1,6,2026
6729,MONTE APRAZIVEL,5452-1,ESTACIONAR NO PASSEIO,SP,AUTOMOVEL,PARTICULAR,1,6,2026
7107,SAO PAULO,5045-0,DIRIGIR VEICULO COM VALIDADE DE CNH/PPD VENCIDA HA MAIS DE 30 DIAS,SP,MOTOCICLO,PARTICULAR,7,6,2026
7107,SAO PAULO,5274-1,UTILIZ VEIC DEMONST/EXIBIR MANOBRA PERIGOSA MEDIANTE ARRANCADA BRUSCA,SP,CAMIONETA,PARTICULAR,1,6,2026
6249,BOTUCATU,6637-2,CONDUZIR O VEICULO COM EQUIPAMENTO OBRIGATORIO INEFICIENTE/INOPERANTE,SP,MOTOCICLO,PARTICULAR,1,6,2026
7083,SAO JOAO DA BOA VISTA,5967-0,"ULTRAPASSAR PELA CONTRAMAO LINHA DE DIVISAO DE FLUXOS OPOSTOS, CONTINUA AMARELA",SP,CAMINHONET,PARTICULAR,1,6,2026
7075,SAO BERNARDO DO CAMPO,7633-2,Dirigir veiculo manuseando telefone celular,SP,AUTOMOVEL,PARTICULAR,2,6,2026
6587,JABOTICABAL,6599-2,CONDUZIR O VEICULO REGISTRADO QUE NAO ESTEJA DEVIDAMENTE LICENCIADO,SP,AUTOMOVEL,PARTICULAR,1,6,2026
7083,SAO JOAO DA BOA VISTA,6645-0,CONDUZIR O VEICULO COM EQUIP OBRIGATORIO EM DESACORDO COM O ESTAB PELO CONTRAN,SP,MOTOCICLO,PARTICULAR,1,6,2026
6547,ITAPETININGA,6599-2,CONDUZIR O VEICULO REGISTRADO QUE NAO ESTEJA DEVIDAMENTE LICENCIADO,SP,MOTOCICLO,PARTICULAR,1,6,2026
2949,ENGENHEIRO COELHO,5843-3,"Deixar de indicar c/ antec, med gesto de braco/luz indicadora, mudanca direcao",SP,CAMIONETA,OFICIAL,1,6,2026
6429,FRANCO DA ROCHA,6041-2,EXECUTAR OPERACAO DE CONVERSAO A ESQUERDA EM LOCAL PROIBIDO PELA SINALIZACAO,SP,AUTOMOVEL,PARTICULAR,1,6,2026
6421,FLORIDA PAULISTA,5010-0,DIRIGIR VEICULO SEM POSSUIR CNH/PPD/ACC,SP,MOTOCICLO,PARTICULAR,1,6,2026
7107,SAO PAULO,5355-0,"FAZER OU DEIXAR QUE SE FACA REPARO EM VEIC, EM RODOVIA E VIA DE TRANSITO RAPIDO",SP,CAMINHAO,ALUGUEL,1,6,2026
6131,AMERICANA,6050-1,AVAN O SIN VERM DO SEMAF EXC SE HOUVER SINALIZ PERM LIVRE CONV A DIR,SP,CAMIONETA,PARTICULAR,1,6,2026
6959,RIBEIRAO BONITO,6599-2,CONDUZIR O VEICULO REGISTRADO QUE NAO ESTEJA DEVIDAMENTE LICENCIADO,SP,CAMINHONET,PARTICULAR,1,6,2026
6619,JUNDIAI,6599-2,CONDUZIR O VEICULO REGISTRADO QUE NAO ESTEJA DEVIDAMENTE LICENCIADO,SP,AUTOMOVEL,PARTICULAR,1,6,2026
6411,FERNANDOPOLIS,6599-2,CONDUZIR O VEICULO REGISTRADO QUE NAO ESTEJA DEVIDAMENTE LICENCIADO,SP,MOTONETA,PARTICULAR,1,6,2026
6639,LIMEIRA,6653-2,CONDUZIR O VEICULO COM SILENCIADOR DE MOTOR DEFEITUOSO/DEFICIENTE/INOPERANTE,SP,MOTOCICLO,PARTICULAR,1,6,2026
7107,SAO PAULO,6602-0,CONDUZIR O VEICULO COM QUALQUER UMA DAS PLACAS SEM LEGIBILIDADE E VISIBILIDADE,SP,CAMINHONET,ALUGUEL,3,6,2026
7075,SAO BERNARDO DO CAMPO,7030-1,Conduzir motoc/moton/ciclom s/ capacete de seguranca,SP,MOTOCICLO,PARTICULAR,2,6,2026
6639,LIMEIRA,7340-0,DIRIGIR O VEIC USANDO CALCADO QUE N SE FIRME NOS PES/COMPROMETA UTILIZ PEDAIS,SP,MOTONETA,PARTICULAR,1,6,2026
6563,ITAQUAQUECETUBA,6726-1,"CONDUZIR O VEICULO EM MAU ESTADO DE CONSERVACAO, COMPROMETENDO A SEGURANCA",SP,MOTOCICLO,PARTICULAR,1,6,2026
6215,BASTOS,6610-1,CONDUZIR O VEICULO COM A COR ALTERADA,SP,MOTOCICLO,PARTICULAR,1,6,2026
2951,HORTOLANDIA,5045-0,DIRIGIR VEICULO COM VALIDADE DE CNH/PPD VENCIDA HA MAIS DE 30 DIAS,SP,MOTOCICLO,PARTICULAR,1,6,2026
6905,PONTAL,5738-0,TRANSITAR PELA CONTRAMAO DE DIRECAO EM VIA C/ SINALIZACAO DE REGUL SENTIDO UNICO,SP,AUTOMOVEL,PARTICULAR,1,6,2026
6969,RIBEIRAO PRETO,7684-1,Cond motoc/moton/ciclom c/ util cap de seg s/ vis/ocul prot,SP,MOTOCICLO,PARTICULAR,1,6,2026
7107,SAO PAULO,5819-6,TRANSITAR COM O VEICULO EM MARCAS DE CANALIZACAO,SP,CAMIONETA,PARTICULAR,7,6,2026
7145,SOROCABA,5835-0,Desobedecer as ordens emanadas da autorid compet de transito ou de seus agentes,SP,AUTOMOVEL,PARTICULAR,1,6,2026
6713,MOGI DAS CRUZES,7684-2,Cond motoc/moton/ciclom c/ util cap de seg c/ vis/ocul prot des c/ regul Contran,SP,MOTOCICLO,PARTICULAR,6,6,2026
6291,CAMPINAS,7684-1,Cond motoc/moton/ciclom c/ util cap de seg s/ vis/ocul prot,SP,MOTOCICLO,PARTICULAR,1,6,2026
6969,RIBEIRAO PRETO,7633-1,Dirigir veiculo segurando telefone celular,SP,CAMINHONET,PARTICULAR,1,6,2026
7075,SAO BERNARDO DO CAMPO,5207-0,Dirigir sem atencao ou sem os cuidados indispensaveis a seguranca,SP,AUTOMOVEL,PARTICULAR,1,6,2026
7099,SAO JOSE DOS CAMPOS,7633-1,Dirigir veiculo segurando telefone celular,SP,AUTOMOVEL,PARTICULAR,2,6,2026
7057,SANTO ANDRE,6050-1,AVAN O SIN VERM DO SEMAF EXC SE HOUVER SINALIZ PERM LIVRE CONV A DIR,SP,AUTOMOVEL,PARTICULAR,1,6,2026
6563,ITAQUAQUECETUBA,6599-2,CONDUZIR O VEICULO REGISTRADO QUE NAO ESTEJA DEVIDAMENTE LICENCIADO,SP,MOTOCICLO,PARTICULAR,3,6,2026
6477,GUARULHOS,5045-0,DIRIGIR VEICULO COM VALIDADE DE CNH/PPD VENCIDA HA MAIS DE 30 DIAS,SP,MOTOCICLO,PARTICULAR,1,6,2026
7107,SAO PAULO,6602-0,CONDUZIR O VEICULO COM QUALQUER UMA DAS PLACAS SEM LEGIBILIDADE E VISIBILIDADE,SP,AUTOMOVEL,PARTICULAR,17,6,2026
7145,SOROCABA,6912-0,CONDUZIR VEICULO SEM OS DOCUMENTOS DE PORTE OBRIGATORIO REFERIDOS NO CTB,SP,MOTOCICLO,PARTICULAR,1,6,2026
7107,SAO PAULO,6408-0,PORTAR NO VEICULO PLACAS DE IDENTIFICACAO EM DESACORDO C/ ESPECIF/MODELO CONTRAN,Outras UFs,AUTOMOVEL,PARTICULAR,1,6,2026
7107,SAO PAULO,7366-2,DIRIGIR VEICULO UTILIZANDO-SE DE TELEFONE CELULAR,SP,UTILITARIO,PARTICULAR,3,6,2026
6969,RIBEIRAO PRETO,5010-0,DIRIGIR VEICULO SEM POSSUIR CNH/PPD/ACC,SP,MOTONETA,PARTICULAR,1,6,2026
6927,PRESIDENTE EPITACIO,7633-1,Dirigir veiculo segurando telefone celular,SP,CAMIONETA,PARTICULAR,1,6,2026
6177,ARUJA,5509-0,ESTACIONAR NO PONTO DE EMBARQUE/DESEMBARQUE DE PASSAGEIROS TRANSPORTE COLETIVO,SP,AUTOMOVEL,PARTICULAR,2,6,2026
6521,IPERO,7633-2,Dirigir veiculo manuseando telefone celular,SP,AUTOMOVEL,PARTICULAR,1,6,2026
6713,MOGI DAS CRUZES,6599-2,CONDUZIR O VEICULO REGISTRADO QUE NAO ESTEJA DEVIDAMENTE LICENCIADO,SP,AUTOMOVEL,PARTICULAR,3,6,2026
6929,PRESIDENTE PRUDENTE,7633-2,Dirigir veiculo manuseando telefone celular,SP,AUTOMOVEL,PARTICULAR,1,6,2026
7097,SAO JOSE DO RIO PRETO,5878-0,"ULTRAPASSAR PELA DIREITA, SALVO QDO VEIC DA FRENTE DER SINAL P/ ENTRAR ESQUERDA",SP,MOTOCICLO,PARTICULAR,1,6,2026
7107,SAO PAULO,7633-2,Dirigir veiculo manuseando telefone celular,Outras UFs,AUTOMOVEL,PARTICULAR,12,6,2026
6715,MOGI-GUACU,5010-0,DIRIGIR VEICULO SEM POSSUIR CNH/PPD/ACC,SP,MOTOCICLO,PARTICULAR,1,6,2026
7107,SAO PAULO,5045-0,DIRIGIR VEICULO COM VALIDADE DE CNH/PPD VENCIDA HA MAIS DE 30 DIAS,SP,AUTOMOVEL,PARTICULAR,1,6,2026
7149,SUMARE,7781-2,PERM. POSSE/CONDUCAO DO VEICULO POR PESSOA SEM POSSUIR CURSOS ESPECIFICOS OBRIG.,SP,AUTOMOVEL,PARTICULAR,1,6,2026
6875,PIRACICABA,7633-2,Dirigir veiculo manuseando telefone celular,SP,AUTOMOVEL,PARTICULAR,1,6,2026
6639,LIMEIRA,6726-1,"CONDUZIR O VEICULO EM MAU ESTADO DE CONSERVACAO, COMPROMETENDO A SEGURANCA",SP,MOTONETA,PARTICULAR,3,6,2026
7033,SANTA FE DO SUL,7366-2,DIRIGIR VEICULO UTILIZANDO-SE DE TELEFONE CELULAR,SP,AUTOMOVEL,PARTICULAR,2,6,2026
6295,CAMPOS DO JORDAO,5010-0,DIRIGIR VEICULO SEM POSSUIR CNH/PPD/ACC,SP,MOTOCICLO,PARTICULAR,1,6,2026
7107,SAO PAULO,6599-2,CONDUZIR O VEICULO REGISTRADO QUE NAO ESTEJA DEVIDAMENTE LICENCIADO,SP,CAMINHAO,PARTICULAR,2,6,2026
6209,BARRETOS,7056-1,CONDUZIR MOTOC/MOTON/CICLOMOTOR FAZENDO MALABARISMO/EQUILIBRANDO-SE EM UMA RODA,SP,MOTOCICLO,PARTICULAR,1,6,2026
6589,JACAREI,6610-2,CONDUZIR O VEICULO COM CARACTERISTICA ALTERADA,SP,CAMINHONET,ALUGUEL,1,6,2026
6503,IGARAPAVA,5207-0,Dirigir sem atencao ou sem os cuidados indispensaveis a seguranca,SP,MOTOCICLO,PARTICULAR,1,6,2026
7075,SAO BERNARDO DO CAMPO,7056-1,CONDUZIR MOTOC/MOTON/CICLOMOTOR FAZENDO MALABARISMO/EQUILIBRANDO-SE EM UMA RODA,SP,MOTOCICLO,PARTICULAR,1,6,2026
7071,SANTOS,6653-1,CONDUZIR O VEICULO COM DESCARGA LIVRE,SP,MOTOCICLO,PARTICULAR,6,6,2026
6497,ICEM,6599-2,CONDUZIR O VEICULO REGISTRADO QUE NAO ESTEJA DEVIDAMENTE LICENCIADO,SP,AUTOMOVEL,PARTICULAR,1,6,2026
7103,SAO MANUEL,6726-1,"CONDUZIR O VEICULO EM MAU ESTADO DE CONSERVACAO, COMPROMETENDO A SEGURANCA",SP,AUTOMOVEL,PARTICULAR,1,6,2026
7175,TAQUARITINGA,5185-1,Deixar o condutor de usar o cinto seguranca,SP,CAMINHONET,PARTICULAR,1,6,2026
7135,SERTAOZINHO,6050-3,AVAN O SIN VERM DO SEMAF EXC SE HOUVER SINALIZ PERM LIVRE CONV A DIR -FISC ELETR,SP,MOTOCICLO,PARTICULAR,1,6,2026
6977,RINOPOLIS,6726-1,"CONDUZIR O VEICULO EM MAU ESTADO DE CONSERVACAO, COMPROMETENDO A SEGURANCA",SP,CAMINHONET,PARTICULAR,1,6,2026
6807,PALMITAL,7633-2,Dirigir veiculo manuseando telefone celular,SP,CAMINHONET,PARTICULAR,2,6,2026
6619,JUNDIAI,6610-2,CONDUZIR O VEICULO COM CARACTERISTICA ALTERADA,SP,MOTOCICLO,PARTICULAR,1,6,2026
7107,SAO PAULO,5002-0,"Multa, por nao identificacao do condutor infrator, imposta a pessoa juridica",Outras UFs,CAMINHONET,PARTICULAR,11,6,2026
7107,SAO PAULO,6920-1,"Deixar de efetuar registro do veiculo em 30 dias, qdo for transf a propriedade",SP,CAMINHONET,PARTICULAR,66,6,2026
7107,SAO PAULO,6920-1,"Deixar de efetuar registro do veiculo em 30 dias, qdo for transf a propriedade",SP,C. TRATOR,ALUGUEL,3,6,2026
6681,MARILIA,6408-0,PORTAR NO VEICULO PLACAS DE IDENTIFICACAO EM DESACORDO C/ ESPECIF/MODELO CONTRAN,SP,MOTOCICLO,PARTICULAR,2,6,2026
7107,SAO PAULO,5819-6,TRANSITAR COM O VEICULO EM MARCAS DE CANALIZACAO,SP,CAMINHONET,ALUGUEL,1,6,2026
7107,SAO PAULO,7366-2,DIRIGIR VEICULO UTILIZANDO-SE DE TELEFONE CELULAR,SP,CAMIONETA,PARTICULAR,2,6,2026
6713,MOGI DAS CRUZES,7340-0,DIRIGIR O VEIC USANDO CALCADO QUE N SE FIRME NOS PES/COMPROMETA UTILIZ PEDAIS,SP,MOTOCICLO,PARTICULAR,2,6,2026
6779,OLIMPIA,6726-1,"CONDUZIR O VEICULO EM MAU ESTADO DE CONSERVACAO, COMPROMETENDO A SEGURANCA",SP,MOTONETA,PARTICULAR,2,6,2026
7107,SAO PAULO,6602-0,CONDUZIR O VEICULO COM QUALQUER UMA DAS PLACAS SEM LEGIBILIDADE E VISIBILIDADE,Outras UFs,CAMINHONET,ALUGUEL,2,6,2026
7055,SANTO ANASTACIO,6599-2,CONDUZIR O VEICULO REGISTRADO QUE NAO ESTEJA DEVIDAMENTE LICENCIADO,SP,AUTOMOVEL,PARTICULAR,1,6,2026
7107,SAO PAULO,6602-0,CONDUZIR O VEICULO COM QUALQUER UMA DAS PLACAS SEM LEGIBILIDADE E VISIBILIDADE,SP,AUTOMOVEL,OFICIAL,1,6,2026
7149,SUMARE,6599-2,CONDUZIR O VEICULO REGISTRADO QUE NAO ESTEJA DEVIDAMENTE LICENCIADO,SP,AUTOMOVEL,PARTICULAR,1,6,2026
6291,CAMPINAS,7340-0,DIRIGIR O VEIC USANDO CALCADO QUE N SE FIRME NOS PES/COMPROMETA UTILIZ PEDAIS,SP,MOTOCICLO,PARTICULAR,3,6,2026
7057,SANTO ANDRE,6637-2,CONDUZIR O VEICULO COM EQUIPAMENTO OBRIGATORIO INEFICIENTE/INOPERANTE,SP,MOTONETA,PARTICULAR,1,6,2026
6251,BRAGANCA PAULISTA,7684-2,Cond motoc/moton/ciclom c/ util cap de seg c/ vis/ocul prot des c/ regul Contran,SP,MOTOCICLO,PARTICULAR,1,6,2026
6635,LEME,5045-0,DIRIGIR VEICULO COM VALIDADE DE CNH/PPD VENCIDA HA MAIS DE 30 DIAS,SP,MOTOCICLO,PARTICULAR,1,6,2026
7235,VERA CRUZ,5010-0,DIRIGIR VEICULO SEM POSSUIR CNH/PPD/ACC,SP,MOTOCICLO,PARTICULAR,1,6,2026
6163,ARARAQUARA,5010-0,DIRIGIR VEICULO SEM POSSUIR CNH/PPD/ACC,SP,CAMINHONET,PARTICULAR,1,6,2026
7107,SAO PAULO,7234-0,"EM MOVIMENTO, DEIXAR DE MANTER ACESA A LUZ BAIXA DURANTE A NOITE",SP,CAMINHAO,PARTICULAR,1,6,2026
6555,ITAPOLIS,5274-2,UTILIZ VEIC DEM/EXIBIR MANOB PERIG MED DERRAP/FRENAG C/DESLIZ/ARRAST PNEUS,SP,AUTOMOVEL,PARTICULAR,1,6,2026
6619,JUNDIAI,6408-0,PORTAR NO VEICULO PLACAS DE IDENTIFICACAO EM DESACORDO C/ ESPECIF/MODELO CONTRAN,SP,MOTOCICLO,PARTICULAR,1,6,2026
6789,OSASCO,5010-0,DIRIGIR VEICULO SEM POSSUIR CNH/PPD/ACC,Outras UFs,AUTOMOVEL,PARTICULAR,1,6,2026
7107,SAO PAULO,5908-0,ULTRAPASSAR PELO ACOSTAMENTO,SP,AUTOMOVEL,PARTICULAR,1,6,2026
6853,PERUIBE,6637-1,CONDUZIR O VEICULO SEM EQUIPAMENTO OBRIGATORIO,SP,MOTOCICLO,PARTICULAR,1,6,2026
6369,CRUZEIRO,6726-1,"CONDUZIR O VEICULO EM MAU ESTADO DE CONSERVACAO, COMPROMETENDO A SEGURANCA",SP,CAMINHONET,PARTICULAR,1,6,2026
6369,CRUZEIRO,7684-1,Cond motoc/moton/ciclom c/ util cap de seg s/ vis/ocul prot,SP,MOTOCICLO,PARTICULAR,1,6,2026
6681,MARILIA,7633-2,Dirigir veiculo manuseando telefone celular,SP,AUTOMOVEL,PARTICULAR,3,6,2026
6711,MOCOCA,7366-2,DIRIGIR VEICULO UTILIZANDO-SE DE TELEFONE CELULAR,SP,UTILITARIO,PARTICULAR,1,6,2026
6261,BURI,6653-1,CONDUZIR O VEICULO COM DESCARGA LIVRE,SP,MOTOCICLO,PARTICULAR,1,6,2026
6563,ITAQUAQUECETUBA,6041-1,EXECUTAR OPERACAO DE CONVERSAO A DIREITA EM LOCAL PROIBIDO PELA SINALIZACAO,SP,MOTOCICLO,PARTICULAR,1,6,2026
7107,SAO PAULO,5118-0,PERMITIR POSSE/CONDUCAO DO VEICULO A PESSOA SEM CNH/PPD/ACC,SP,MOTOCICLO,PARTICULAR,3,6,2026
6587,JABOTICABAL,6050-1,AVAN O SIN VERM DO SEMAF EXC SE HOUVER SINALIZ PERM LIVRE CONV A DIR,SP,MOTOCICLO,PARTICULAR,1,6,2026
6619,JUNDIAI,5045-0,DIRIGIR VEICULO COM VALIDADE DE CNH/PPD VENCIDA HA MAIS DE 30 DIAS,SP,MOTOCICLO,PARTICULAR,2,6,2026
6291,CAMPINAS,7633-2,Dirigir veiculo manuseando telefone celular,SP,CAMINHONET,PARTICULAR,1,6,2026
7145,SOROCABA,6726-1,"CONDUZIR O VEICULO EM MAU ESTADO DE CONSERVACAO, COMPROMETENDO A SEGURANCA",SP,AUTOMOVEL,PARTICULAR,1,6,2026
7157,TABOAO DA SERRA,7633-2,Dirigir veiculo manuseando telefone celular,SP,AUTOMOVEL,PARTICULAR,1,6,2026
6573,ITIRAPINA,5185-1,Deixar o condutor de usar o cinto seguranca,SP,CAMINHONET,ALUGUEL,1,6,2026
